#
# There is insufficient memory for the Java Runtime Environment to continue.
# Native memory allocation (mmap) failed to map 65536 bytes. Error detail: Failed to commit metaspace.
# Possible reasons:
#   The system is out of physical RAM or swap space
#   This process is running with CompressedOops enabled, and the Java Heap may be blocking the growth of the native heap
# Possible solutions:
#   Reduce memory load on the system
#   Increase physical memory or swap space
#   Check if swap backing store is full
#   Decrease Java heap size (-Xmx/-Xms)
#   Decrease number of Java threads
#   Decrease Java thread stack sizes (-Xss)
#   Set larger code cache with -XX:ReservedCodeCacheSize=
#   JVM is running with Unscaled Compressed Oops mode in which the Java heap is
#     placed in the first 4GB address space. The Java Heap base address is the
#     maximum limit for the native heap growth. Please use -XX:HeapBaseMinAddress
#     to set the Java Heap base and to place the Java Heap above 4GB virtual address.
# This output file may be truncated or incomplete.
#
#  Out of Memory Error (virtualSpaceNode.cpp:113), pid=14792, tid=3964
#
# JRE version: OpenJDK Runtime Environment (21.0.9) (build 21.0.9+-14787801-b1163.94)
# Java VM: OpenJDK 64-Bit Server VM (21.0.9+-14787801-b1163.94, mixed mode, tiered, compressed oops, compressed class ptrs, g1 gc, windows-amd64)
# No core dump will be written. Minidumps are not enabled by default on client versions of Windows
#

---------------  S U M M A R Y ------------

Command Line: --add-opens=java.base/java.lang=ALL-UNNAMED --add-opens=java.base/java.lang.invoke=ALL-UNNAMED --add-opens=java.base/java.util=ALL-UNNAMED --add-opens=java.prefs/java.util.prefs=ALL-UNNAMED --add-exports=jdk.compiler/com.sun.tools.javac.api=ALL-UNNAMED --add-exports=jdk.compiler/com.sun.tools.javac.util=ALL-UNNAMED --add-opens=java.base/java.util=ALL-UNNAMED --add-opens=java.prefs/java.util.prefs=ALL-UNNAMED --add-opens=java.base/java.nio.charset=ALL-UNNAMED --add-opens=java.base/java.net=ALL-UNNAMED --add-opens=java.base/java.util.concurrent=ALL-UNNAMED --add-opens=java.base/java.util.concurrent.atomic=ALL-UNNAMED --add-opens=java.xml/javax.xml.namespace=ALL-UNNAMED --add-opens=java.base/java.time=ALL-UNNAMED -Xmx2048m -Dfile.encoding=UTF-8 -Duser.country=US -Duser.language=en -Duser.variant -javaagent:C:\Users\Administrator\.gradle\wrapper\dists\gradle-9.3.1-bin\23ovyewtku6u96viwx3xl3oks\gradle-9.3.1\lib\agents\gradle-instrumentation-agent-9.3.1.jar org.gradle.launcher.daemon.bootstrap.GradleDaemon 9.3.1

Host: Intel(R) Core(TM) i5-7Y54 CPU @ 1.20GHz, 4 cores, 7G,  Windows 11 , 64 bit Build 26100 (10.0.26100.8246)
Time: Wed Apr 22 17:38:01 2026 E. Africa Standard Time elapsed time: 140.641803 seconds (0d 0h 2m 20s)

---------------  T H R E A D  ---------------

Current thread (0x0000000020cc7ae0):  JavaThread "Daemon worker"        [_thread_in_vm, id=3964, stack(0x0000000022740000,0x0000000022840000) (1024K)]

Stack: [0x0000000022740000,0x0000000022840000]
Native frames: (J=compiled Java code, j=interpreted, Vv=VM code, C=native code)
V  [jvm.dll+0x6d6c99]
V  [jvm.dll+0x866b83]
V  [jvm.dll+0x8691ae]
V  [jvm.dll+0x869893]
V  [jvm.dll+0x280776]
V  [jvm.dll+0x861a3e]
V  [jvm.dll+0x67a1b5]
V  [jvm.dll+0x1e4571]
V  [jvm.dll+0x1e433e]
V  [jvm.dll+0x67cb08]
V  [jvm.dll+0x67c942]
V  [jvm.dll+0x67abae]
V  [jvm.dll+0x26b30f]
V  [jvm.dll+0x684d25]
V  [jvm.dll+0x2164dc]
V  [jvm.dll+0x216a25]
V  [jvm.dll+0x217406]
V  [jvm.dll+0x20c3ba]
V  [jvm.dll+0x5b7535]
V  [jvm.dll+0x7decf3]
V  [jvm.dll+0x7dee3b]
V  [jvm.dll+0x472707]
V  [jvm.dll+0x478058]
C  [java.dll+0x17ec]

Java frames: (J=compiled Java code, j=interpreted, Vv=VM code)
J 1056  java.lang.ClassLoader.defineClass1(Ljava/lang/ClassLoader;Ljava/lang/String;[BIILjava/security/ProtectionDomain;Ljava/lang/String;)Ljava/lang/Class; java.base@21.0.9 (0 bytes) @ 0x000000000d92a889 [0x000000000d92a7c0+0x00000000000000c9]
J 9512 c2 java.security.SecureClassLoader.defineClass(Ljava/lang/String;[BIILjava/security/CodeSource;)Ljava/lang/Class; java.base@21.0.9 (16 bytes) @ 0x000000000dd19288 [0x000000000dd18d20+0x0000000000000568]
J 4509 c1 java.net.URLClassLoader.defineClass(Ljava/lang/String;Ljdk/internal/loader/Resource;)Ljava/lang/Class; java.base@21.0.9 (224 bytes) @ 0x0000000005fea71c [0x0000000005fe94c0+0x000000000000125c]
j  java.net.URLClassLoader$1.run()Ljava/lang/Class;+43 java.base@21.0.9
J 7702 c2 java.net.URLClassLoader$1.run()Ljava/lang/Object; java.base@21.0.9 (5 bytes) @ 0x000000000dc454e0 [0x000000000dc454a0+0x0000000000000040]
J 952 c1 java.security.AccessController.doPrivileged(Ljava/security/PrivilegedExceptionAction;Ljava/security/AccessControlContext;)Ljava/lang/Object; java.base@21.0.9 (26 bytes) @ 0x0000000005f56e04 [0x0000000005f56c20+0x00000000000001e4]
J 3865 c1 java.net.URLClassLoader.findClass(Ljava/lang/String;)Ljava/lang/Class; java.base@21.0.9 (47 bytes) @ 0x0000000005ec8f44 [0x0000000005ec8da0+0x00000000000001a4]
j  java.lang.ClassLoader.loadClass(Ljava/lang/String;Z)Ljava/lang/Class;+69 java.base@21.0.9
J 3702 c2 java.lang.ClassLoader.loadClass(Ljava/lang/String;)Ljava/lang/Class; java.base@21.0.9 (7 bytes) @ 0x000000000d93966c [0x000000000d939620+0x000000000000004c]
v  ~StubRoutines::call_stub 0x000000000d2f100d
j  org.gradle.internal.problems.failure.FailurePrinterListener.<clinit>()V+0
v  ~StubRoutines::call_stub 0x000000000d2f100d
j  org.gradle.internal.problems.failure.FailurePrinter.printToString(Lorg/gradle/internal/problems/failure/Failure;)Ljava/lang/String;+10
j  org.gradle.internal.build.event.types.DefaultFailure.fromFailure(Lorg/gradle/internal/problems/failure/Failure;Ljava/util/function/Function;)Lorg/gradle/tooling/internal/protocol/InternalFailure;+1
j  org.gradle.internal.build.event.types.DefaultFailure.fromThrowable(Ljava/lang/Throwable;Ljava/util/function/Function;)Lorg/gradle/tooling/internal/protocol/InternalFailure;+10
j  org.gradle.internal.build.event.types.DefaultFailure.fromThrowable(Ljava/lang/Throwable;)Lorg/gradle/tooling/internal/protocol/InternalFailure;+6
j  org.gradle.tooling.internal.provider.runner.BuildPhaseOperationListener.toOperationResult(Lorg/gradle/internal/operations/OperationFinishEvent;)Lorg/gradle/internal/build/event/types/AbstractOperationResult;+29
J 8580 c1 org.gradle.tooling.internal.provider.runner.BuildPhaseOperationListener.finished(Lorg/gradle/internal/operations/BuildOperationDescriptor;Lorg/gradle/internal/operations/OperationFinishEvent;)V (63 bytes) @ 0x0000000006b282cc [0x0000000006b27ca0+0x000000000000062c]
J 5743 c1 org.gradle.internal.operations.DefaultBuildOperationListenerManager$ProgressShieldingBuildOperationListener.finished(Lorg/gradle/internal/operations/BuildOperationDescriptor;Lorg/gradle/internal/operations/OperationFinishEvent;)V (26 bytes) @ 0x0000000005e08fcc [0x0000000005e08de0+0x00000000000001ec]
j  org.gradle.internal.operations.DefaultBuildOperationListenerManager$1.finished(Lorg/gradle/internal/operations/BuildOperationDescriptor;Lorg/gradle/internal/operations/OperationFinishEvent;)V+36
J 8583 c1 org.gradle.internal.operations.BuildOperationProgressEventListenerAdapter.stop(Lorg/gradle/internal/operations/BuildOperationDescriptor;Lorg/gradle/internal/operations/BuildOperationState;Lorg/gradle/internal/operations/BuildOperationState;Lorg/gradle/internal/operations/DefaultBuildOperationRunner$ReadableBuildOperationContext;)V (92 bytes) @ 0x0000000006b2a8c4 [0x0000000006b2a260+0x0000000000000664]
J 8590 c1 org.gradle.internal.operations.DefaultBuildOperationRunner$BuildOperationTrackingListener.stop(Lorg/gradle/internal/operations/BuildOperationDescriptor;Lorg/gradle/internal/operations/BuildOperationState;Lorg/gradle/internal/operations/BuildOperationState;Lorg/gradle/internal/operations/DefaultBuildOperationRunner$ReadableBuildOperationContext;)V (36 bytes) @ 0x0000000006b2ec9c [0x0000000006b2eb80+0x000000000000011c]
j  org.gradle.internal.operations.DefaultBuildOperationRunner$2.execute(Lorg/gradle/internal/operations/BuildOperationDescriptor;Lorg/gradle/internal/operations/BuildOperationState;Lorg/gradle/internal/operations/BuildOperationState;Lorg/gradle/internal/operations/DefaultBuildOperationRunner$ReadableBuildOperationContext;Lorg/gradle/internal/operations/DefaultBuildOperationRunner$BuildOperationExecutionListener;)Lorg/gradle/internal/operations/BuildOperation;+62
j  org.gradle.internal.operations.DefaultBuildOperationRunner$2.execute(Lorg/gradle/internal/operations/BuildOperationDescriptor;Lorg/gradle/internal/operations/BuildOperationState;Lorg/gradle/internal/operations/BuildOperationState;Lorg/gradle/internal/operations/DefaultBuildOperationRunner$ReadableBuildOperationContext;Lorg/gradle/internal/operations/DefaultBuildOperationRunner$BuildOperationExecutionListener;)Ljava/lang/Object;+8
j  org.gradle.internal.operations.DefaultBuildOperationRunner.execute(Lorg/gradle/internal/operations/BuildOperationDescriptor$Builder;Lorg/gradle/internal/operations/DefaultBuildOperationRunner$BuildOperationExecution;)Ljava/lang/Object;+141
j  org.gradle.internal.operations.DefaultBuildOperationRunner.execute(Lorg/gradle/internal/operations/BuildOperation;Lorg/gradle/internal/operations/BuildOperationWorker;)V+17
j  org.gradle.internal.operations.DefaultBuildOperationRunner.run(Lorg/gradle/internal/operations/RunnableBuildOperation;)V+5
j  org.gradle.configuration.BuildOperationFiringProjectsPreparer.prepareProjects(Lorg/gradle/api/internal/GradleInternal;)V+13
j  org.gradle.initialization.VintageBuildModelController.lambda$prepareProjects$2()V+8
j  org.gradle.initialization.VintageBuildModelController$$Lambda+0x0000000100a004c8.run()V+4
j  org.gradle.internal.model.StateTransitionController.lambda$doTransition$14(Ljava/lang/Runnable;)Lorg/gradle/internal/build/ExecutionResult;+1
j  org.gradle.internal.model.StateTransitionController$$Lambda+0x00000001005ca3b0.get()Ljava/lang/Object;+4
j  org.gradle.internal.model.StateTransitionController.doTransition(Lorg/gradle/internal/model/StateTransitionController$State;Lorg/gradle/internal/model/StateTransitionController$State;Ljava/util/function/Supplier;)Lorg/gradle/internal/build/ExecutionResult;+24
j  org.gradle.internal.model.StateTransitionController.doTransition(Lorg/gradle/internal/model/StateTransitionController$State;Lorg/gradle/internal/model/StateTransitionController$State;Ljava/lang/Runnable;)V+9
j  org.gradle.internal.model.StateTransitionController.lambda$transitionIfNotPreviously$11(Lorg/gradle/internal/model/StateTransitionController$State;Lorg/gradle/internal/model/StateTransitionController$State;Ljava/lang/Runnable;)V+16
j  org.gradle.internal.model.StateTransitionController$$Lambda+0x00000001005ca158.run()V+16
j  org.gradle.internal.work.DefaultSynchronizer.withLock(Ljava/lang/Runnable;)V+6
j  org.gradle.internal.model.StateTransitionController.transitionIfNotPreviously(Lorg/gradle/internal/model/StateTransitionController$State;Lorg/gradle/internal/model/StateTransitionController$State;Ljava/lang/Runnable;)V+13
j  org.gradle.initialization.VintageBuildModelController.prepareProjects()V+16
j  org.gradle.initialization.VintageBuildModelController.getConfiguredModel()Lorg/gradle/api/internal/GradleInternal;+5
j  org.gradle.internal.build.DefaultBuildLifecycleController.lambda$withProjectsConfigured$1(Ljava/util/function/Function;)Ljava/lang/Object;+5
j  org.gradle.internal.build.DefaultBuildLifecycleController$$Lambda+0x0000000100a00270.get()Ljava/lang/Object;+8
j  org.gradle.internal.model.StateTransitionController.lambda$notInState$3(Lorg/gradle/internal/model/StateTransitionController$State;Ljava/util/function/Supplier;)Ljava/lang/Object;+11
j  org.gradle.internal.model.StateTransitionController$$Lambda+0x00000001005c9ca8.create()Ljava/lang/Object;+12
j  org.gradle.internal.work.DefaultSynchronizer.withLock(Lorg/gradle/internal/Factory;)Ljava/lang/Object;+6
j  org.gradle.internal.model.StateTransitionController.notInState(Lorg/gradle/internal/model/StateTransitionController$State;Ljava/util/function/Supplier;)Ljava/lang/Object;+12
j  org.gradle.internal.build.DefaultBuildLifecycleController.withProjectsConfigured(Ljava/util/function/Function;)Ljava/lang/Object;+14
j  org.gradle.internal.build.DefaultBuildToolingModelController.locateBuilderForTarget(Ljava/lang/String;Z)Lorg/gradle/tooling/provider/model/internal/ToolingModelScope;+38
j  org.gradle.internal.buildtree.DefaultBuildTreeModelCreator$DefaultBuildTreeModelController.lambda$locateBuilderForBuildTarget$0(Ljava/lang/String;ZLorg/gradle/internal/build/BuildToolingModelController;)Lorg/gradle/tooling/provider/model/internal/ToolingModelScope;+3
j  org.gradle.internal.buildtree.DefaultBuildTreeModelCreator$DefaultBuildTreeModelController$$Lambda+0x00000001005a1f98.apply(Ljava/lang/Object;)Ljava/lang/Object;+12
j  org.gradle.internal.build.DefaultBuildLifecycleController.withToolingModels(Ljava/util/function/Function;)Ljava/lang/Object;+15
j  org.gradle.internal.build.AbstractBuildState.withToolingModels(Ljava/util/function/Function;)Ljava/lang/Object;+5
j  org.gradle.internal.buildtree.DefaultBuildTreeModelCreator$DefaultBuildTreeModelController.locateBuilderForBuildTarget(Lorg/gradle/internal/build/BuildState;Ljava/lang/String;Z)Lorg/gradle/tooling/provider/model/internal/ToolingModelScope;+8
j  org.gradle.internal.buildtree.DefaultBuildTreeModelCreator$DefaultBuildTreeModelController.locateBuilderForDefaultTarget(Ljava/lang/String;Z)Lorg/gradle/tooling/provider/model/internal/ToolingModelScope;+10
j  org.gradle.internal.buildtree.DefaultBuildTreeModelCreator$DefaultBuildTreeModelController.locateBuilderForTarget(Lorg/gradle/internal/buildtree/BuildTreeModelTarget;Ljava/lang/String;Z)Lorg/gradle/tooling/provider/model/internal/ToolingModelScope;+10
j  org.gradle.internal.buildtree.DefaultBuildTreeModelCreator$DefaultBuildTreeModelController.access$200(Lorg/gradle/internal/buildtree/DefaultBuildTreeModelCreator$DefaultBuildTreeModelController;Lorg/gradle/internal/buildtree/BuildTreeModelTarget;Ljava/lang/String;Z)Lorg/gradle/tooling/provider/model/internal/ToolingModelScope;+4
j  org.gradle.internal.buildtree.DefaultBuildTreeModelCreator$DefaultBuildTreeModelController$1.call(Lorg/gradle/internal/operations/BuildOperationContext;)Ljava/lang/Object;+24
j  org.gradle.internal.operations.DefaultBuildOperationRunner$CallableBuildOperationWorker.execute(Lorg/gradle/internal/operations/CallableBuildOperation;Lorg/gradle/internal/operations/BuildOperationContext;)V+3
j  org.gradle.internal.operations.DefaultBuildOperationRunner$CallableBuildOperationWorker.execute(Lorg/gradle/internal/operations/BuildOperation;Lorg/gradle/internal/operations/BuildOperationContext;)V+6
j  org.gradle.internal.operations.DefaultBuildOperationRunner$2.execute(Lorg/gradle/internal/operations/BuildOperationDescriptor;Lorg/gradle/internal/operations/BuildOperationState;Lorg/gradle/internal/operations/BuildOperationState;Lorg/gradle/internal/operations/DefaultBuildOperationRunner$ReadableBuildOperationContext;Lorg/gradle/internal/operations/DefaultBuildOperationRunner$BuildOperationExecutionListener;)Lorg/gradle/internal/operations/BuildOperation;+22
j  org.gradle.internal.operations.DefaultBuildOperationRunner$2.execute(Lorg/gradle/internal/operations/BuildOperationDescriptor;Lorg/gradle/internal/operations/BuildOperationState;Lorg/gradle/internal/operations/BuildOperationState;Lorg/gradle/internal/operations/DefaultBuildOperationRunner$ReadableBuildOperationContext;Lorg/gradle/internal/operations/DefaultBuildOperationRunner$BuildOperationExecutionListener;)Ljava/lang/Object;+8
j  org.gradle.internal.operations.DefaultBuildOperationRunner.execute(Lorg/gradle/internal/operations/BuildOperationDescriptor$Builder;Lorg/gradle/internal/operations/DefaultBuildOperationRunner$BuildOperationExecution;)Ljava/lang/Object;+141
j  org.gradle.internal.operations.DefaultBuildOperationRunner.execute(Lorg/gradle/internal/operations/BuildOperation;Lorg/gradle/internal/operations/BuildOperationWorker;)V+17
j  org.gradle.internal.operations.DefaultBuildOperationRunner.call(Lorg/gradle/internal/operations/CallableBuildOperation;)Ljava/lang/Object;+12
j  org.gradle.internal.buildtree.DefaultBuildTreeModelCreator$DefaultBuildTreeModelController.getModel(Lorg/gradle/internal/buildtree/BuildTreeModelTarget;Ljava/lang/String;Ljava/lang/Object;)Ljava/lang/Object;+18
j  org.gradle.tooling.internal.provider.runner.DefaultBuildController.doGetModel(Ljava/lang/Object;Lorg/gradle/tooling/internal/protocol/ModelIdentifier;Ljava/lang/Object;)Lorg/gradle/tooling/provider/model/internal/ToolingModelBuilderResultInternal;+61
j  org.gradle.tooling.internal.provider.runner.DefaultBuildController.getModel(Ljava/lang/Object;Lorg/gradle/tooling/internal/protocol/ModelIdentifier;Ljava/lang/Object;)Lorg/gradle/tooling/internal/protocol/BuildResult;+4
j  org.gradle.tooling.internal.consumer.connection.ParameterAwareBuildControllerAdapter.getModel(Ljava/lang/Object;Lorg/gradle/tooling/internal/protocol/ModelIdentifier;Ljava/lang/Object;)Lorg/gradle/tooling/internal/protocol/BuildResult;+7
j  org.gradle.tooling.internal.consumer.connection.UnparameterizedBuildController.getModel(Lorg/gradle/tooling/model/Model;Ljava/lang/Class;Ljava/lang/Class;Lorg/gradle/api/Action;)Ljava/lang/Object;+44
j  org.gradle.tooling.internal.consumer.connection.NestedActionAwareBuildControllerAdapter.getModel(Lorg/gradle/tooling/model/Model;Ljava/lang/Class;Ljava/lang/Class;Lorg/gradle/api/Action;)Ljava/lang/Object;+6
j  org.gradle.tooling.internal.consumer.connection.UnparameterizedBuildController.getModel(Lorg/gradle/tooling/model/Model;Ljava/lang/Class;)Ljava/lang/Object;+5
j  org.gradle.tooling.internal.consumer.connection.NestedActionAwareBuildControllerAdapter.getModel(Lorg/gradle/tooling/model/Model;Ljava/lang/Class;)Ljava/lang/Object;+3
j  org.gradle.tooling.internal.consumer.connection.UnparameterizedBuildController.getModel(Ljava/lang/Class;)Ljava/lang/Object;+3
j  org.gradle.tooling.internal.consumer.connection.NestedActionAwareBuildControllerAdapter.getModel(Ljava/lang/Class;)Ljava/lang/Object;+2
j  com.intellij.gradle.toolingExtension.impl.modelSerialization.ToolingSerializerConverter.lambda$new$0(Lorg/gradle/tooling/BuildController;Lio/opentelemetry/api/trace/Span;)Lcom/intellij/gradle/toolingExtension/impl/model/utilDummyModel/DummyModel;+3
j  com.intellij.gradle.toolingExtension.impl.modelSerialization.ToolingSerializerConverter$$Lambda+0x00000001009ffc10.apply(Ljava/lang/Object;)Ljava/lang/Object;+8
j  com.intellij.gradle.toolingExtension.impl.telemetry.GradleOpenTelemetry.callWithSpan(Ljava/lang/String;Ljava/util/function/Consumer;Ljava/util/function/Function;)Ljava/lang/Object;+66
j  com.intellij.gradle.toolingExtension.impl.telemetry.GradleOpenTelemetry.callWithSpan(Ljava/lang/String;Ljava/util/function/Function;)Ljava/lang/Object;+24
j  com.intellij.gradle.toolingExtension.impl.modelSerialization.ToolingSerializerConverter.<init>(Lorg/gradle/tooling/BuildController;Lcom/intellij/gradle/toolingExtension/impl/telemetry/GradleOpenTelemetry;)V+37
j  com.intellij.gradle.toolingExtension.impl.modelAction.GradleModelFetchAction.lambda$initAction$9(Lorg/gradle/tooling/BuildController;Lcom/intellij/gradle/toolingExtension/impl/telemetry/GradleOpenTelemetry;Lio/opentelemetry/api/trace/Span;)Lcom/intellij/gradle/toolingExtension/impl/modelSerialization/ToolingSerializerConverter;+6
j  com.intellij.gradle.toolingExtension.impl.modelAction.GradleModelFetchAction$$Lambda+0x00000001009ff4d8.apply(Ljava/lang/Object;)Ljava/lang/Object;+12
j  com.intellij.gradle.toolingExtension.impl.telemetry.GradleOpenTelemetry.callWithSpan(Ljava/lang/String;Ljava/util/function/Consumer;Ljava/util/function/Function;)Ljava/lang/Object;+66
j  com.intellij.gradle.toolingExtension.impl.telemetry.GradleOpenTelemetry.callWithSpan(Ljava/lang/String;Ljava/util/function/Function;)Ljava/lang/Object;+24
j  com.intellij.gradle.toolingExtension.impl.modelAction.GradleModelFetchAction.initAction(Lorg/gradle/tooling/BuildController;Ljava/util/concurrent/ExecutorService;Lcom/intellij/gradle/toolingExtension/impl/telemetry/GradleOpenTelemetry;Lorg/gradle/util/GradleVersion;)Lcom/intellij/gradle/toolingExtension/impl/modelAction/GradleDaemonModelHolder;+82
j  com.intellij.gradle.toolingExtension.impl.modelAction.GradleModelFetchAction.lambda$doExecute$4(Lorg/gradle/tooling/BuildController;Ljava/util/concurrent/ExecutorService;Lcom/intellij/gradle/toolingExtension/impl/telemetry/GradleOpenTelemetry;Lio/opentelemetry/api/trace/Span;)Lcom/intellij/gradle/toolingExtension/impl/modelAction/GradleDaemonModelHolder;+7
j  com.intellij.gradle.toolingExtension.impl.modelAction.GradleModelFetchAction$$Lambda+0x00000001005b3308.apply(Ljava/lang/Object;)Ljava/lang/Object;+20
j  com.intellij.gradle.toolingExtension.impl.telemetry.GradleOpenTelemetry.callWithSpan(Ljava/lang/String;Ljava/util/function/Consumer;Ljava/util/function/Function;)Ljava/lang/Object;+66
j  com.intellij.gradle.toolingExtension.impl.telemetry.GradleOpenTelemetry.callWithSpan(Ljava/lang/String;Ljava/util/function/Function;)Ljava/lang/Object;+24
j  com.intellij.gradle.toolingExtension.impl.modelAction.GradleModelFetchAction.doExecute(Lorg/gradle/tooling/BuildController;Ljava/util/concurrent/ExecutorService;Lcom/intellij/gradle/toolingExtension/impl/telemetry/GradleOpenTelemetry;)Lcom/intellij/gradle/toolingExtension/impl/modelAction/GradleModelHolderState;+77
j  com.intellij.gradle.toolingExtension.impl.modelAction.GradleModelFetchAction.lambda$execute$1(Lorg/gradle/tooling/BuildController;Ljava/util/concurrent/ExecutorService;Lcom/intellij/gradle/toolingExtension/impl/telemetry/GradleOpenTelemetry;Lio/opentelemetry/api/trace/Span;)Lcom/intellij/gradle/toolingExtension/impl/modelAction/GradleModelHolderState;+4
j  com.intellij.gradle.toolingExtension.impl.modelAction.GradleModelFetchAction$$Lambda+0x00000001005accd0.apply(Ljava/lang/Object;)Ljava/lang/Object;+20
j  com.intellij.gradle.toolingExtension.impl.telemetry.GradleOpenTelemetry.callWithSpan(Ljava/lang/String;Ljava/util/function/Consumer;Ljava/util/function/Function;)Ljava/lang/Object;+66
j  com.intellij.gradle.toolingExtension.impl.telemetry.GradleOpenTelemetry.callWithSpan(Ljava/lang/String;Ljava/util/function/Function;)Ljava/lang/Object;+24
j  com.intellij.gradle.toolingExtension.impl.modelAction.GradleModelFetchAction.lambda$execute$2(Lorg/gradle/tooling/BuildController;Ljava/util/concurrent/ExecutorService;Lcom/intellij/gradle/toolingExtension/impl/telemetry/GradleOpenTelemetry;)Lcom/intellij/gradle/toolingExtension/impl/modelAction/GradleModelHolderState;+13
j  com.intellij.gradle.toolingExtension.impl.modelAction.GradleModelFetchAction$$Lambda+0x00000001005aa878.apply(Ljava/lang/Object;)Ljava/lang/Object;+16
j  com.intellij.gradle.toolingExtension.impl.modelAction.GradleModelFetchAction.withOpenTelemetry(Ljava/util/function/Function;)Lcom/intellij/gradle/toolingExtension/impl/modelAction/GradleModelHolderState;+19
j  com.intellij.gradle.toolingExtension.impl.modelAction.GradleModelFetchAction.lambda$execute$3(Lorg/gradle/tooling/BuildController;Ljava/util/concurrent/ExecutorService;)Lcom/intellij/gradle/toolingExtension/impl/modelAction/GradleModelHolderState;+8
j  com.intellij.gradle.toolingExtension.impl.modelAction.GradleModelFetchAction$$Lambda+0x00000001005aa170.apply(Ljava/lang/Object;)Ljava/lang/Object;+12
j  com.intellij.gradle.toolingExtension.impl.util.GradleExecutorServiceUtil.withSingleThreadExecutor(Ljava/lang/String;Ljava/util/function/Function;)Ljava/lang/Object;+31
j  com.intellij.gradle.toolingExtension.impl.modelAction.GradleModelFetchAction.execute(Lorg/gradle/tooling/BuildController;)Lcom/intellij/gradle/toolingExtension/impl/modelAction/GradleModelHolderState;+22
j  com.intellij.gradle.toolingExtension.impl.modelAction.GradleModelFetchAction.execute(Lorg/gradle/tooling/BuildController;)Ljava/lang/Object;+2
j  org.gradle.tooling.internal.consumer.connection.InternalBuildActionAdapter.execute(Lorg/gradle/tooling/internal/protocol/InternalBuildControllerVersion2;)Ljava/lang/Object;+11
j  org.gradle.tooling.internal.provider.runner.AbstractClientProvidedBuildActionRunner$ActionAdapter.executeAction(Ljava/lang/Object;Lorg/gradle/tooling/internal/provider/runner/DefaultBuildController;)Ljava/lang/Object;+12
j  org.gradle.tooling.internal.provider.runner.AbstractClientProvidedBuildActionRunner$ActionAdapter.runAction(Lorg/gradle/internal/buildtree/BuildTreeModelController;Ljava/lang/Object;Lorg/gradle/tooling/internal/protocol/PhasedActionResult$Phase;)V+29
j  org.gradle.tooling.internal.provider.runner.AbstractClientProvidedBuildActionRunner$ActionAdapter.beforeTasks(Lorg/gradle/internal/buildtree/BuildTreeModelController;)V+14
j  org.gradle.internal.buildtree.DefaultBuildTreeModelCreator.beforeTasks(Lorg/gradle/internal/buildtree/BuildTreeModelAction;)V+10
j  org.gradle.internal.cc.impl.barrier.BarrierAwareBuildTreeModelCreator.beforeTasks$lambda$0(Lorg/gradle/internal/cc/impl/barrier/BarrierAwareBuildTreeModelCreator;Lorg/gradle/internal/buildtree/BuildTreeModelAction;)Lkotlin/Unit;+5
j  org.gradle.internal.cc.impl.barrier.BarrierAwareBuildTreeModelCreator$$Lambda+0x0000000100543a50.invoke()Ljava/lang/Object;+8
j  org.gradle.internal.cc.impl.barrier.VintageConfigurationTimeActionRunner.runConfigurationTimeAction(Lkotlin/jvm/functions/Function0;)Ljava/lang/Object;+25
j  org.gradle.internal.cc.impl.barrier.BarrierAwareBuildTreeModelCreator.beforeTasks(Lorg/gradle/internal/buildtree/BuildTreeModelAction;)V+17
j  org.gradle.internal.buildtree.DefaultBuildTreeLifecycleController.lambda$fromBuildModel$2(Lorg/gradle/internal/buildtree/BuildTreeModelAction;Z)Lorg/gradle/internal/build/ExecutionResult;+5
j  org.gradle.internal.buildtree.DefaultBuildTreeLifecycleController$$Lambda+0x00000001005834c0.get()Ljava/lang/Object;+12
j  org.gradle.internal.buildtree.DefaultBuildTreeLifecycleController.lambda$runBuild$4(Ljava/util/function/Supplier;)Ljava/lang/Object;+1
j  org.gradle.internal.buildtree.DefaultBuildTreeLifecycleController$$Lambda+0x0000000100583718.get()Ljava/lang/Object;+8
j  org.gradle.internal.model.StateTransitionController.lambda$transition$6(Ljava/util/function/Supplier;)Lorg/gradle/internal/build/ExecutionResult;+1
j  org.gradle.internal.model.StateTransitionController$$Lambda+0x0000000100583bc8.get()Ljava/lang/Object;+4
j  org.gradle.internal.model.StateTransitionController.doTransition(Lorg/gradle/internal/model/StateTransitionController$State;Lorg/gradle/internal/model/StateTransitionController$State;Ljava/util/function/Supplier;)Lorg/gradle/internal/build/ExecutionResult;+24
j  org.gradle.internal.model.StateTransitionController.lambda$transition$7(Lorg/gradle/internal/model/StateTransitionController$State;Lorg/gradle/internal/model/StateTransitionController$State;Ljava/util/function/Supplier;)Ljava/lang/Object;+9
j  org.gradle.internal.model.StateTransitionController$$Lambda+0x0000000100583970.create()Ljava/lang/Object;+16
j  org.gradle.internal.work.DefaultSynchronizer.withLock(Lorg/gradle/internal/Factory;)Ljava/lang/Object;+6
j  org.gradle.internal.model.StateTransitionController.transition(Lorg/gradle/internal/model/StateTransitionController$State;Lorg/gradle/internal/model/StateTransitionController$State;Ljava/util/function/Supplier;)Ljava/lang/Object;+13
j  org.gradle.internal.buildtree.DefaultBuildTreeLifecycleController.runBuild(Ljava/util/function/Supplier;)Ljava/lang/Object;+17
j  org.gradle.internal.buildtree.DefaultBuildTreeLifecycleController.fromBuildModel(ZLorg/gradle/internal/buildtree/BuildTreeModelAction;)Ljava/lang/Object;+9
j  org.gradle.tooling.internal.provider.runner.AbstractClientProvidedBuildActionRunner.runClientAction(Lorg/gradle/tooling/internal/provider/runner/AbstractClientProvidedBuildActionRunner$ClientAction;Lorg/gradle/internal/buildtree/BuildTreeLifecycleController;)Lorg/gradle/internal/buildtree/BuildActionRunner$Result;+22
j  org.gradle.tooling.internal.provider.runner.ClientProvidedPhasedActionRunner.run(Lorg/gradle/internal/invocation/BuildAction;Lorg/gradle/internal/buildtree/BuildTreeLifecycleController;)Lorg/gradle/internal/buildtree/BuildActionRunner$Result;+45
j  org.gradle.launcher.exec.ChainingBuildActionRunner.run(Lorg/gradle/internal/invocation/BuildAction;Lorg/gradle/internal/buildtree/BuildTreeLifecycleController;)Lorg/gradle/internal/buildtree/BuildActionRunner$Result;+34
j  org.gradle.internal.buildtree.ProblemReportingBuildActionRunner.run(Lorg/gradle/internal/invocation/BuildAction;Lorg/gradle/internal/buildtree/BuildTreeLifecycleController;)Lorg/gradle/internal/buildtree/BuildActionRunner$Result;+12
j  org.gradle.launcher.exec.BuildOutcomeReportingBuildActionRunner.run(Lorg/gradle/internal/invocation/BuildAction;Lorg/gradle/internal/buildtree/BuildTreeLifecycleController;)Lorg/gradle/internal/buildtree/BuildActionRunner$Result;+69
j  org.gradle.tooling.internal.provider.FileSystemWatchingBuildActionRunner.run(Lorg/gradle/internal/invocation/BuildAction;Lorg/gradle/internal/buildtree/BuildTreeLifecycleController;)Lorg/gradle/internal/buildtree/BuildActionRunner$Result;+317
j  org.gradle.launcher.exec.BuildCompletionNotifyingBuildActionRunner.run(Lorg/gradle/internal/invocation/BuildAction;Lorg/gradle/internal/buildtree/BuildTreeLifecycleController;)Lorg/gradle/internal/buildtree/BuildActionRunner$Result;+6
j  org.gradle.launcher.exec.RootBuildLifecycleBuildActionExecutor.lambda$execute$0(Lorg/gradle/internal/invocation/BuildAction;Lorg/gradle/internal/buildtree/BuildTreeLifecycleController;)Lorg/gradle/internal/buildtree/BuildActionRunner$Result;+6
j  org.gradle.launcher.exec.RootBuildLifecycleBuildActionExecutor$$Lambda+0x000000010054d510.apply(Ljava/lang/Object;)Ljava/lang/Object;+12
j  org.gradle.composite.internal.DefaultRootBuildState.run(Ljava/util/function/Function;)Ljava/lang/Object;+92
j  org.gradle.launcher.exec.RootBuildLifecycleBuildActionExecutor.execute(Lorg/gradle/internal/invocation/BuildAction;)Lorg/gradle/internal/buildtree/BuildActionRunner$Result;+91
j  org.gradle.launcher.exec.BuildTreeLifecycleBuildActionExecutor.runRootBuildAction(Lorg/gradle/internal/invocation/BuildAction;Lorg/gradle/internal/service/ServiceRegistry;Lorg/gradle/internal/buildtree/BuildTreeModelControllerServices$Supplier;)Lorg/gradle/internal/buildtree/BuildActionRunner$Result;+39
j  org.gradle.launcher.exec.BuildTreeLifecycleBuildActionExecutor.execute(Lorg/gradle/internal/invocation/BuildAction;Lorg/gradle/internal/session/BuildSessionContext;)Lorg/gradle/internal/buildtree/BuildActionRunner$Result;+44
j  org.gradle.launcher.exec.RunAsBuildOperationBuildActionExecutor$2.call(Lorg/gradle/internal/operations/BuildOperationContext;)Lorg/gradle/internal/buildtree/BuildActionRunner$Result;+25
j  org.gradle.launcher.exec.RunAsBuildOperationBuildActionExecutor$2.call(Lorg/gradle/internal/operations/BuildOperationContext;)Ljava/lang/Object;+2
j  org.gradle.internal.operations.DefaultBuildOperationRunner$CallableBuildOperationWorker.execute(Lorg/gradle/internal/operations/CallableBuildOperation;Lorg/gradle/internal/operations/BuildOperationContext;)V+3
j  org.gradle.internal.operations.DefaultBuildOperationRunner$CallableBuildOperationWorker.execute(Lorg/gradle/internal/operations/BuildOperation;Lorg/gradle/internal/operations/BuildOperationContext;)V+6
j  org.gradle.internal.operations.DefaultBuildOperationRunner$2.execute(Lorg/gradle/internal/operations/BuildOperationDescriptor;Lorg/gradle/internal/operations/BuildOperationState;Lorg/gradle/internal/operations/BuildOperationState;Lorg/gradle/internal/operations/DefaultBuildOperationRunner$ReadableBuildOperationContext;Lorg/gradle/internal/operations/DefaultBuildOperationRunner$BuildOperationExecutionListener;)Lorg/gradle/internal/operations/BuildOperation;+22
j  org.gradle.internal.operations.DefaultBuildOperationRunner$2.execute(Lorg/gradle/internal/operations/BuildOperationDescriptor;Lorg/gradle/internal/operations/BuildOperationState;Lorg/gradle/internal/operations/BuildOperationState;Lorg/gradle/internal/operations/DefaultBuildOperationRunner$ReadableBuildOperationContext;Lorg/gradle/internal/operations/DefaultBuildOperationRunner$BuildOperationExecutionListener;)Ljava/lang/Object;+8
j  org.gradle.internal.operations.DefaultBuildOperationRunner.execute(Lorg/gradle/internal/operations/BuildOperationDescriptor$Builder;Lorg/gradle/internal/operations/DefaultBuildOperationRunner$BuildOperationExecution;)Ljava/lang/Object;+141
j  org.gradle.internal.operations.DefaultBuildOperationRunner.execute(Lorg/gradle/internal/operations/BuildOperation;Lorg/gradle/internal/operations/BuildOperationWorker;)V+17
j  org.gradle.internal.operations.DefaultBuildOperationRunner.call(Lorg/gradle/internal/operations/CallableBuildOperation;)Ljava/lang/Object;+12
j  org.gradle.launcher.exec.RunAsBuildOperationBuildActionExecutor.execute(Lorg/gradle/internal/invocation/BuildAction;Lorg/gradle/internal/session/BuildSessionContext;)Lorg/gradle/internal/buildtree/BuildActionRunner$Result;+23
j  org.gradle.launcher.exec.RunAsWorkerThreadBuildActionExecutor.lambda$execute$0(Lorg/gradle/internal/invocation/BuildAction;Lorg/gradle/internal/session/BuildSessionContext;)Lorg/gradle/internal/buildtree/BuildActionRunner$Result;+6
j  org.gradle.launcher.exec.RunAsWorkerThreadBuildActionExecutor$$Lambda+0x00000001003c89a0.create()Ljava/lang/Object;+12
j  org.gradle.internal.work.DefaultWorkerLeaseService.lambda$withLocksAcquired$0(Lorg/gradle/internal/Factory;Ljava/util/Collection;)Ljava/lang/Object;+1
j  org.gradle.internal.work.DefaultWorkerLeaseService$$Lambda+0x00000001003ca7a0.create()Ljava/lang/Object;+12
j  org.gradle.internal.work.ResourceLockStatistics$1.measure(Ljava/lang/String;Ljava/lang/Iterable;Lorg/gradle/internal/Factory;)Ljava/lang/Object;+1
j  org.gradle.internal.work.DefaultWorkerLeaseService.withLocksAcquired(Ljava/util/Collection;Lorg/gradle/internal/Factory;)Ljava/lang/Object;+21
j  org.gradle.internal.work.DefaultWorkerLeaseService.withLocks(Ljava/util/Collection;Lorg/gradle/internal/Factory;)Ljava/lang/Object;+25
j  org.gradle.internal.work.DefaultWorkerLeaseService.runAsWorkerThread(Lorg/gradle/internal/Factory;)Ljava/lang/Object;+33
j  org.gradle.launcher.exec.RunAsWorkerThreadBuildActionExecutor.execute(Lorg/gradle/internal/invocation/BuildAction;Lorg/gradle/internal/session/BuildSessionContext;)Lorg/gradle/internal/buildtree/BuildActionRunner$Result;+12
j  org.gradle.tooling.internal.provider.continuous.ContinuousBuildActionExecutor.execute(Lorg/gradle/internal/invocation/BuildAction;Lorg/gradle/internal/session/BuildSessionContext;)Lorg/gradle/internal/buildtree/BuildActionRunner$Result;+58
j  org.gradle.tooling.internal.provider.SubscribableBuildActionExecutor.execute(Lorg/gradle/internal/invocation/BuildAction;Lorg/gradle/internal/session/BuildSessionContext;)Lorg/gradle/internal/buildtree/BuildActionRunner$Result;+30
j  org.gradle.internal.session.DefaultBuildSessionContext.execute(Lorg/gradle/internal/invocation/BuildAction;)Lorg/gradle/internal/buildtree/BuildActionRunner$Result;+64
j  org.gradle.internal.buildprocess.execution.BuildSessionLifecycleBuildActionExecutor$ActionImpl.apply(Lorg/gradle/internal/session/BuildSessionContext;)Lorg/gradle/launcher/exec/BuildActionResult;+6
j  org.gradle.internal.buildprocess.execution.BuildSessionLifecycleBuildActionExecutor$ActionImpl.apply(Ljava/lang/Object;)Ljava/lang/Object;+5
j  org.gradle.internal.session.BuildSessionState.run(Ljava/util/function/Function;)Ljava/lang/Object;+5
j  org.gradle.internal.buildprocess.execution.BuildSessionLifecycleBuildActionExecutor.execute(Lorg/gradle/internal/invocation/BuildAction;Lorg/gradle/launcher/exec/BuildActionParameters;Lorg/gradle/initialization/BuildRequestContext;)Lorg/gradle/launcher/exec/BuildActionResult;+105
j  org.gradle.internal.buildprocess.execution.BuildSessionLifecycleBuildActionExecutor.execute(Lorg/gradle/internal/invocation/BuildAction;Ljava/lang/Object;Ljava/lang/Object;)Lorg/gradle/launcher/exec/BuildActionResult;+10
j  org.gradle.internal.buildprocess.execution.StartParamsValidatingActionExecutor.execute(Lorg/gradle/internal/invocation/BuildAction;Lorg/gradle/launcher/exec/BuildActionParameters;Lorg/gradle/initialization/BuildRequestContext;)Lorg/gradle/launcher/exec/BuildActionResult;+142
j  org.gradle.internal.buildprocess.execution.StartParamsValidatingActionExecutor.execute(Lorg/gradle/internal/invocation/BuildAction;Ljava/lang/Object;Ljava/lang/Object;)Lorg/gradle/launcher/exec/BuildActionResult;+10
j  org.gradle.internal.buildprocess.execution.SessionFailureReportingActionExecutor.execute(Lorg/gradle/internal/invocation/BuildAction;Lorg/gradle/launcher/exec/BuildActionParameters;Lorg/gradle/initialization/BuildRequestContext;)Lorg/gradle/launcher/exec/BuildActionResult;+7
j  org.gradle.internal.buildprocess.execution.SessionFailureReportingActionExecutor.execute(Lorg/gradle/internal/invocation/BuildAction;Ljava/lang/Object;Ljava/lang/Object;)Lorg/gradle/launcher/exec/BuildActionResult;+10
j  org.gradle.internal.buildprocess.execution.SetupLoggingActionExecutor.execute(Lorg/gradle/internal/invocation/BuildAction;Lorg/gradle/launcher/exec/BuildActionParameters;Lorg/gradle/initialization/BuildRequestContext;)Lorg/gradle/launcher/exec/BuildActionResult;+50
j  org.gradle.internal.buildprocess.execution.SetupLoggingActionExecutor.execute(Lorg/gradle/internal/invocation/BuildAction;Ljava/lang/Object;Ljava/lang/Object;)Lorg/gradle/launcher/exec/BuildActionResult;+10
j  org.gradle.launcher.daemon.server.exec.ExecuteBuild.doBuild(Lorg/gradle/launcher/daemon/server/api/DaemonCommandExecution;Lorg/gradle/launcher/daemon/protocol/Build;)V+147
j  org.gradle.launcher.daemon.server.exec.BuildCommandOnly.execute(Lorg/gradle/launcher/daemon/server/api/DaemonCommandExecution;)V+49
j  org.gradle.launcher.daemon.server.api.DaemonCommandExecution.proceed()Z+23
j  org.gradle.launcher.daemon.server.exec.WatchForDisconnection.execute(Lorg/gradle/launcher/daemon/server/api/DaemonCommandExecution;)V+19
j  org.gradle.launcher.daemon.server.api.DaemonCommandExecution.proceed()Z+23
j  org.gradle.launcher.daemon.server.exec.ResetDeprecationLogger.execute(Lorg/gradle/launcher/daemon/server/api/DaemonCommandExecution;)V+7
j  org.gradle.launcher.daemon.server.api.DaemonCommandExecution.proceed()Z+23
j  org.gradle.launcher.daemon.server.exec.RequestStopIfSingleUsedDaemon.execute(Lorg/gradle/launcher/daemon/server/api/DaemonCommandExecution;)V+33
j  org.gradle.launcher.daemon.server.api.DaemonCommandExecution.proceed()Z+23
j  org.gradle.launcher.daemon.server.exec.ForwardClientInput.lambda$execute$0(Lorg/gradle/launcher/daemon/server/api/DaemonCommandExecution;Lorg/gradle/internal/daemon/clientinput/StdinHandler;)Ljava/lang/Object;+11
j  org.gradle.launcher.daemon.server.exec.ForwardClientInput$$Lambda+0x0000000100292900.apply(Ljava/lang/Object;)Ljava/lang/Object;+8
j  org.gradle.internal.daemon.clientinput.ClientInputForwarder.forwardInput(Ljava/util/function/Function;)Ljava/lang/Object;+46
j  org.gradle.launcher.daemon.server.exec.ForwardClientInput.execute(Lorg/gradle/launcher/daemon/server/api/DaemonCommandExecution;)V+10
j  org.gradle.launcher.daemon.server.api.DaemonCommandExecution.proceed()Z+23
j  org.gradle.launcher.daemon.server.exec.LogAndCheckHealth.execute(Lorg/gradle/launcher/daemon/server/api/DaemonCommandExecution;)V+51
j  org.gradle.launcher.daemon.server.api.DaemonCommandExecution.proceed()Z+23
j  org.gradle.launcher.daemon.server.exec.LogToClient.doBuild(Lorg/gradle/launcher/daemon/server/api/DaemonCommandExecution;Lorg/gradle/launcher/daemon/protocol/Build;)V+87
j  org.gradle.launcher.daemon.server.exec.BuildCommandOnly.execute(Lorg/gradle/launcher/daemon/server/api/DaemonCommandExecution;)V+49
j  org.gradle.launcher.daemon.server.api.DaemonCommandExecution.proceed()Z+23
j  org.gradle.launcher.daemon.server.exec.EstablishBuildEnvironment.doBuild(Lorg/gradle/launcher/daemon/server/api/DaemonCommandExecution;Lorg/gradle/launcher/daemon/protocol/Build;)V+356
j  org.gradle.launcher.daemon.server.exec.BuildCommandOnly.execute(Lorg/gradle/launcher/daemon/server/api/DaemonCommandExecution;)V+49
j  org.gradle.launcher.daemon.server.api.DaemonCommandExecution.proceed()Z+23
j  org.gradle.launcher.daemon.server.exec.StartBuildOrRespondWithBusy$1.run()V+44
j  org.gradle.launcher.daemon.server.DaemonStateCoordinator.lambda$runCommand$0(Ljava/lang/Runnable;)V+1
j  org.gradle.launcher.daemon.server.DaemonStateCoordinator$$Lambda+0x0000000100291508.run()V+8
j  org.gradle.internal.concurrent.ExecutorPolicy$CatchAndRecordFailures.onExecute(Ljava/lang/Runnable;)V+1
j  org.gradle.internal.concurrent.AbstractManagedExecutor$1.run()V+25
j  java.util.concurrent.ThreadPoolExecutor.runWorker(Ljava/util/concurrent/ThreadPoolExecutor$Worker;)V+92 java.base@21.0.9
j  java.util.concurrent.ThreadPoolExecutor$Worker.run()V+5 java.base@21.0.9
j  java.lang.Thread.runWith(Ljava/lang/Object;Ljava/lang/Runnable;)V+5 java.base@21.0.9
j  java.lang.Thread.run()V+19 java.base@21.0.9
v  ~StubRoutines::call_stub 0x000000000d2f100d

Compiled method (n/a) 140750 1056     n 0       java.lang.ClassLoader::defineClass1 (native)
 total in heap  [0x000000000d92a610,0x000000000d92aba0] = 1424
 relocation     [0x000000000d92a770,0x000000000d92a7a8] = 56
 main code      [0x000000000d92a7c0,0x000000000d92ab99] = 985
 stub code      [0x000000000d92ab99,0x000000000d92aba0] = 7

[Constant Pool (empty)]

[MachCode]
[Entry Point]
  # {method} {0x000000001b024ff8} 'defineClass1' '(Ljava/lang/ClassLoader;Ljava/lang/String;[BIILjava/security/ProtectionDomain;Ljava/lang/String;)Ljava/lang/Class;' in 'java/lang/ClassLoader'
  # parm0:    rdx:rdx   = 'java/lang/ClassLoader'
  # parm1:    r8:r8     = 'java/lang/String'
  # parm2:    r9:r9     = '[B'
  # parm3:    rdi       = int
  # parm4:    rsi       = int
  # parm5:    rcx:rcx   = 'java/security/ProtectionDomain'
  # parm6:    [sp+0xa0]   = 'java/lang/String'  (sp of caller)
  0x000000000d92a7c0: 448b 5208 | 49c1 e203 | 493b c20f | 8407 0000 

  0x000000000d92a7d0: ;   {runtime_call ic_miss_stub}
  0x000000000d92a7d0: 00e9 aa3f | a1ff 6690 
[Verified Entry Point]
  0x000000000d92a7d8: 8984 2400 | 80ff ff55 | 488b ec48 | 81ec 9000 | 0000 6690 | 4181 7f20 | 1500 0000 

  0x000000000d92a7f4: ;   {runtime_call StubRoutines (final stubs)}
  0x000000000d92a7f4: 7405 e805 | 0fa0 ff48 | 837d 1000 | 488d 4510 | 480f 4445 | 1048 8944 | 2440 4889 | 4c24 7048 
  0x000000000d92a814: 83f9 0048 | 8d44 2470 | 480f 4444 | 2470 4889 | 4424 3848 | 8974 2430 | 4889 7c24 | 284c 894c 
  0x000000000d92a834: 2458 4983 | f900 488d | 4424 5848 | 0f44 4424 | 5848 8944 | 2420 4c89 | 4424 5049 | 83f8 004c 
  0x000000000d92a854: 8d4c 2450 | 4c0f 444c | 2450 4889 | 5424 4848 | 83fa 004c | 8d44 2448 | 4c0f 4444 

  0x000000000d92a870: ;   {oop(a 'java/lang/Class'{0x0000000080638190} = 'java/lang/ClassLoader')}
  0x000000000d92a870: 2448 49be | 9081 6380 | 0000 0000 | 4c89 7424 | 784c 8d74 | 2478 498b | d6c5 f877 

  0x000000000d92a88c: ;   {internal_word}
  0x000000000d92a88c: 49ba 89a8 | 920d 0000 | 0000 4d89 | 97a0 0300 | 0049 89a7 | 9803 0000 

  0x000000000d92a8a4: ;   {external_word}
  0x000000000d92a8a4: 49ba 78fa | 25d8 fb7f | 0000 4180 | 3a00 0f84 | 4e00 0000 | 5241 5041 

  0x000000000d92a8bc: ;   {metadata({method} {0x000000001b024ff8} 'defineClass1' '(Ljava/lang/ClassLoader;Ljava/lang/String;[BIILjava/security/ProtectionDomain;Ljava/lang/String;)Ljava/lang/Class;' in 'java/lang/ClassLoader')}
  0x000000000d92a8bc: 5148 baf0 | 4f02 1b00 | 0000 0049 | 8bcf 4883 | ec20 40f6 | c40f 0f84 | 1900 0000 | 4883 ec08 
  0x000000000d92a8dc: ;   {runtime_call}
  0x000000000d92a8dc: 48b8 20dd | dfd7 fb7f | 0000 ffd0 | 4883 c408 | e90c 0000 

  0x000000000d92a8f0: ;   {runtime_call}
  0x000000000d92a8f0: 0048 b820 | dddf d7fb | 7f00 00ff | d048 83c4 | 2041 5941 | 585a 498d | 8fb8 0300 | 0041 c787 
  0x000000000d92a910: 4404 0000 | 0400 0000 

  0x000000000d92a918: ;   {runtime_call}
  0x000000000d92a918: 48b8 ac16 | 8a19 fc7f | 0000 ffd0 | c5f8 7741 | c787 4404 | 0000 0500 | 0000 f083 | 4424 c000 
  0x000000000d92a938: 493b af48 | 0400 000f | 870e 0000 | 0041 83bf | 4004 0000 | 000f 842b | 0000 00c5 | f877 4889 
  0x000000000d92a958: 45f8 498b | cf4c 8be4 | 4883 ec20 | 4883 e4f0 

  0x000000000d92a968: ;   {runtime_call}
  0x000000000d92a968: 48b8 3016 | abd7 fb7f | 0000 ffd0 | 498b e44d | 33e4 488b | 45f8 41c7 | 8744 0400 | 0008 0000 
  0x000000000d92a988: 0041 83bf | c004 0000 | 020f 84d5 

  0x000000000d92a994: ;   {external_word}
  0x000000000d92a994: 0100 0049 | ba78 fa25 | d8fb 7f00 | 0041 803a | 000f 844c | 0000 0048 

  0x000000000d92a9ac: ;   {metadata({method} {0x000000001b024ff8} 'defineClass1' '(Ljava/lang/ClassLoader;Ljava/lang/String;[BIILjava/security/ProtectionDomain;Ljava/lang/String;)Ljava/lang/Class;' in 'java/lang/ClassLoader')}
  0x000000000d92a9ac: 8945 f848 | baf0 4f02 | 1b00 0000 | 0049 8bcf | 4883 ec20 | 40f6 c40f | 0f84 1900 | 0000 4883 
  0x000000000d92a9cc: ;   {runtime_call}
  0x000000000d92a9cc: ec08 48b8 | 20dd dfd7 | fb7f 0000 | ffd0 4883 | c408 e90c 

  0x000000000d92a9e0: ;   {runtime_call}
  0x000000000d92a9e0: 0000 0048 | b820 dddf | d7fb 7f00 | 00ff d048 | 83c4 2048 | 8b45 f849 | c787 9803 | 0000 0000 
  0x000000000d92aa00: 0000 49c7 | 87a0 0300 | 0000 0000 | 00c5 f877 | 4885 c00f | 8430 0100 | 00a8 030f | 8508 0000 
  0x000000000d92aa20: 0048 8b00 | e920 0100 | 00a8 010f | 8509 0000 | 0048 8b40 | fee9 0f01 | 0000 488b | 40ff 4180 
  0x000000000d92aa40: 7f40 000f | 8400 0100 | 0048 83f8 | 000f 84f6 | 0000 0049 | 8b4f 2848 | 83f9 000f | 8414 0000 
  0x000000000d92aa60: 0048 83e9 | 0849 894f | 2849 034f | 3848 8901 | e9d4 0000 | 0048 83ec | 7048 8904 | 2448 894c 
  0x000000000d92aa80: 2408 4889 | 5424 104c | 8944 2418 | 4c89 4c24 | 204c 8954 | 2428 4c89 | 5c24 30c5 | fb11 4424 
  0x000000000d92aaa0: 40c5 fb11 | 4c24 48c5 | fb11 5424 | 50c5 fb11 | 5c24 58c5 | fb11 6424 | 60c5 fb11 | 6c24 6849 
  0x000000000d92aac0: 8bd7 488b | c848 83ec | 2040 f6c4 | 0f0f 8419 | 0000 0048 

  0x000000000d92aad4: ;   {runtime_call}
  0x000000000d92aad4: 83ec 0848 | b8b0 229e | d7fb 7f00 | 00ff d048 | 83c4 08e9 | 0c00 0000 

  0x000000000d92aaec: ;   {runtime_call}
  0x000000000d92aaec: 48b8 b022 | 9ed7 fb7f | 0000 ffd0 | 4883 c420 | c5fb 106c | 2468 c5fb | 1064 2460 | c5fb 105c 
  0x000000000d92ab0c: 2458 c5fb | 1054 2450 | c5fb 104c | 2448 c5fb | 1044 2440 | 4c8b 5c24 | 304c 8b54 | 2428 4c8b 
  0x000000000d92ab2c: 4c24 204c | 8b44 2418 | 488b 5424 | 1048 8b4c | 2408 488b | 0424 4883 | c470 c5f8 | 7749 8b8f 
  0x000000000d92ab4c: 2804 0000 | c781 0001 | 0000 0000 | 0000 c949 | 837f 0800 | 0f85 0100 

  0x000000000d92ab64: ;   {runtime_call StubRoutines (initial stubs)}
  0x000000000d92ab64: 0000 c3e9 | 9463 9cff | c5f8 7748 | 8945 f84c | 8be4 4883 | ec20 4883 

  0x000000000d92ab7c: ;   {runtime_call}
  0x000000000d92ab7c: e4f0 48b8 | 7014 e0d7 | fb7f 0000 | ffd0 498b | e44d 33e4 | 488b 45f8 | e9fe fdff | fff4 f4f4 
  0x000000000d92ab9c: f4f4 f4f4 
[/MachCode]


Compiled method (c2) 140767 9512       4       java.security.SecureClassLoader::defineClass (16 bytes)
 total in heap  [0x000000000dd18a90,0x000000000dd1ab58] = 8392
 relocation     [0x000000000dd18bf0,0x000000000dd18d10] = 288
 main code      [0x000000000dd18d20,0x000000000dd19d60] = 4160
 stub code      [0x000000000dd19d60,0x000000000dd19dc0] = 96
 oops           [0x000000000dd19dc0,0x000000000dd19dd8] = 24
 metadata       [0x000000000dd19dd8,0x000000000dd19fa8] = 464
 scopes data    [0x000000000dd19fa8,0x000000000dd1a728] = 1920
 scopes pcs     [0x000000000dd1a728,0x000000000dd1a9b8] = 656
 dependencies   [0x000000000dd1a9b8,0x000000000dd1aa28] = 112
 handler table  [0x000000000dd1aa28,0x000000000dd1ab18] = 240
 nul chk table  [0x000000000dd1ab18,0x000000000dd1ab58] = 64

[Constant Pool (empty)]

[MachCode]
[Entry Point]
  # {method} {0x000000001b03d768} 'defineClass' '(Ljava/lang/String;[BIILjava/security/CodeSource;)Ljava/lang/Class;' in 'java/security/SecureClassLoader'
  # this:     rdx:rdx   = 'java/security/SecureClassLoader'
  # parm0:    r8:r8     = 'java/lang/String'
  # parm1:    r9:r9     = '[B'
  # parm2:    rdi       = int
  # parm3:    rsi       = int
  # parm4:    rcx:rcx   = 'java/security/CodeSource'
  #           [sp+0xc0]  (sp of caller)
  0x000000000dd18d20: 448b 5208 | 49c1 e203 

  0x000000000dd18d28: ;   {runtime_call ic_miss_stub}
  0x000000000dd18d28: 493b c20f | 854f 5a62 | ff66 6690 | 0f1f 8400 | 0000 0000 | 6666 6690 
[Verified Entry Point]
  0x000000000dd18d40: 8984 2400 | 80ff ff55 | 4881 ecb0 | 0000 0090 | 4181 7f20 | 1500 0000 | 0f85 f80f | 0000 8974 
  0x000000000dd18d60: 2444 897c | 2440 4c89 | 4c24 384c | 8944 2430 | 4889 5424 | 2848 8be9 | 0f1f 8400 | 0000 0000 
  0x000000000dd18d80: 4885 c90f | 84e3 0b00 | 004d 8b87 | b801 0000 | 4d8b d049 | 83c2 1066 | 0f1f 8400 | 0000 0000 
  0x000000000dd18da0: 4d3b 97c8 | 0100 000f | 8378 0700 | 004d 8997 | b801 0000 | 410f 0d8a | c000 0000 | 49c7 0001 
  0x000000000dd18dc0: ;   {metadata('java/security/SecureClassLoader$CodeSourceKey')}
  0x000000000dd18dc0: 0000 0041 | c740 08c2 | 3101 204c | 8bdd 4589 | 580c 4d8b | 8fb8 0100 | 004c 8b54 | 2428 418b 
  0x000000000dd18de0: 6a50 4d8b | d149 83c2 | 104d 3b97 | c801 0000 | 0f83 5e07 | 0000 4d89 | 97b8 0100 | 0041 0f0d 
  0x000000000dd18e00: 8ac0 0000 | 0049 c701 | 0100 0000 

  0x000000000dd18e0c: ;   {metadata('java/security/SecureClassLoader$1')}
  0x000000000dd18e0c: 41c7 4108 | 0a32 0120 | 4c8b 5424 | 284d 8bda | 4589 590c 

  0x000000000dd18e20: ; implicit exception: dispatches to 0x000000000dd19b48
  0x000000000dd18e20: 448b 5d08 

  0x000000000dd18e24: ;   {metadata('java/util/concurrent/ConcurrentHashMap')}
  0x000000000dd18e24: 4181 fbde | ac00 200f | 8577 0900 | 0048 8bd5 

  0x000000000dd18e34: ;   {optimized virtual_call}
  0x000000000dd18e34: c5f8 77e8 

  0x000000000dd18e38: ; ImmutableOopMap {[40]=Oop [48]=Oop [56]=Oop }
                      ;*invokeinterface computeIfAbsent {reexecute=0 rethrow=0 return_oop=1}
                      ; - java.security.SecureClassLoader::getProtectionDomain@28
                      ; - java.security.SecureClassLoader::defineClass@9
  0x000000000dd18e38: c48e f5f8 

  0x000000000dd18e3c: ;   {other}
  0x000000000dd18e3c: 0f1f 8400 | ac03 0000 

  0x000000000dd18e44: ; implicit exception: dispatches to 0x000000000dd19b68
  0x000000000dd18e44: 448b 5008 

  0x000000000dd18e48: ;   {metadata('java/security/ProtectionDomain')}
  0x000000000dd18e48: 4181 facf | 8800 200f | 856b 0c00 | 0048 8944 | 2448 4c8b | 5424 3090 

  0x000000000dd18e60: ; implicit exception: dispatches to 0x000000000dd19ba4
  0x000000000dd18e60: 458b 4214 

  0x000000000dd18e64: ; implicit exception: dispatches to 0x000000000dd19b8c
  0x000000000dd18e64: 458b 580c | 4585 db0f | 8693 0900 | 0045 0fbe | 4a10 4585 | c90f 8585 | 0a00 00c4 | c232 f7f3 
  0x000000000dd18e84: 413b f344 | 8bd6 450f | 4fd3 4d8b | c84d 8d70 | 1045 85d2 | 0f8e d200 | 0000 6690 | 453b da0f 
  0x000000000dd18ea4: 8277 0900 | 00b8 2f00 | 0000 498b | fe41 8bd2 | 488b df83 | fa10 0f8c | 7900 0000 | 83fa 200f 
  0x000000000dd18ec4: 8c36 0000 | 00c5 f96e | c0c4 e27d | 78c0 c5f5 | efc9 8bca | 83e1 e083 | e21f c5fe | 6f13 c5ed 
  0x000000000dd18ee4: 74d0 c4e2 | 7d17 ca0f | 8369 0000 | 0048 83c3 | 2083 e920 | 75e4 e90d | 0000 00c5 | f96e c0c5 
  0x000000000dd18f04: f1ef c9c4 | e279 00c1 | 83fa 100f | 8c24 0000 | 008b ca83 | e1f0 83e2 | 0fc5 fa6f | 13c5 e974 
  0x000000000dd18f24: d0c4 e279 | 17ca 0f83 | 2a00 0000 | 4883 c310 | 83e9 1075 | e485 d20f | 8412 0000 | 000f b60b 
  0x000000000dd18f44: ;   {no_reloc}
  0x000000000dd18f44: 3bc1 741c | 4883 c301 | 83ea 0174 | 02eb eebb | ffff ffff | eb0d c5fd | d7ca 0fbc | c148 03d8 
  0x000000000dd18f64: 482b df83 | fbff 0f85 | dc09 0000 | 410f b62e | 83fd 5b0f | 8423 0a00 | 0044 8d56 | fb45 85d2 
  0x000000000dd18f84: 7c0d 410f | be0e 83f9 | 6a0f 8439 | 0300 0048 | ff74 2428 | 488f 4424 | 504c 8b54 | 2448 458b 
  0x000000000dd18fa4: 6a10 418b | dbff cb44 | 8bd6 41ff | ca44 3bd3 | 440f 4fd3 | 4585 d27c | 2a66 6690 | 453b d30f 
  0x000000000dd18fc4: 83e7 0600 | 0043 807c | 1010 2e74 | 1c49 8b9f | 5004 0000 | 41ff ca48 

  0x000000000dd18fdc: ; ImmutableOopMap {r8=NarrowOop r9=Oop r14=Derived_oop_r9 rcx=Oop r13=NarrowOop [40]=Oop [48]=Oop [56]=Oop [72]=Oop [80]=Oop }
                      ;*goto {reexecute=1 rethrow=0 return_oop=0}
                      ; - (reexecute) java.lang.StringLatin1::lastIndexOf@35
                      ; - java.lang.String::lastIndexOf@13
                      ; - java.lang.String::lastIndexOf@8
                      ; - java.lang.ClassLoader::checkCerts@3
                      ; - java.lang.ClassLoader::preDefineClass@113
                      ; - java.lang.ClassLoader::defineClass@4
                      ; - java.security.SecureClassLoader::defineClass@12
  0x000000000dd18fdc: 8b4c 2430 

  0x000000000dd18fe0: ;   {poll}
  0x000000000dd18fe0: 8503 4585 | d27d d941 | baff ffff | ff41 83fa | ff0f 84e7 | 0300 0066 | 0f1f 8400 | 0000 0000 
  0x000000000dd19000: 4585 d20f | 8c1b 0900 | 0044 3bd6 | 0f8f 1e0a | 0000 443b | d60f 841d | 0300 000f | 1f44 0000 
  0x000000000dd19020: 4585 d20f | 84c4 0300 | 0049 8b9f | b801 0000 | 488b cb48 | 83c1 1866 | 0f1f 8400 | 0000 0000 
  0x000000000dd19040: 493b 8fc8 | 0100 000f | 8338 0500 | 0049 898f | b801 0000 | 0f0d 89c0 | 0000 0048 | c703 0100 
  0x000000000dd19060: ;   {metadata('java/lang/String')}
  0x000000000dd19060: 0000 c743 | 0812 8400 | 2044 8963 | 0c4c 8963 | 1045 3bd3 | 0f84 cb02 | 0000 660f | 1f44 0000 
  0x000000000dd19080: 4181 fa00 | 0010 000f | 87c3 0700 | 0049 63c2 | 453b da41 | 8beb 410f | 4fea 660f | 1f44 0000 
  0x000000000dd190a0: 443b dd0f | 821c 0800 | 0044 3bd5 | 0f82 1308 | 0000 4883 | c017 4c8b | c049 83e0 | f866 6690 
  0x000000000dd190c0: 4181 fa00 | 0010 000f | 874a 0500 | 0049 8bb7 | b801 0000 | 4c8b de4d | 03d8 660f | 1f44 0000 
  0x000000000dd190e0: 4d3b 9fc8 | 0100 000f | 832a 0500 | 004d 899f | b801 0000 | 410f 0d8b | c000 0000 | 48c7 0601 
  0x000000000dd19100: 0000 0041 | 0f0d 8b00 

  0x000000000dd19108: ;   {metadata({type array byte})}
  0x000000000dd19108: 0100 00c7 | 4608 5981 | 0020 4489 | 560c 410f | 0d8b 4001 | 0000 410f | 0d8b 8001 | 0000 4c8b 
  0x000000000dd19128: de49 83c3 | 1048 c1e8 | 0385 ed0f | 841f 0700 | 000f 1f80 | 0000 0000 | 413b ea0f | 8c3c 0300 
  0x000000000dd19148: 0049 83c0 | f049 c1e8 | 0349 8bce | 498b d3c5 | f877 49ba | e09d 320d | 0000 0000 

  0x000000000dd19164: ;   {other}
  0x000000000dd19164: 41ff d20f | 1f84 0000 | 0000 0041 | 807f 4000 | 0f85 8202 | 0000 4c8b | d34c 8bde | 4489 5b14 
  0x000000000dd19184: 4c8b de4d | 33da 49c1 | eb14 4d85 | db74 1649 | c1ea 09b9 | 0000 dc14 | 4903 ca90 | 8039 020f 
  0x000000000dd191a4: 8586 0200 | 0044 8863 | 1041 8b6d | 1485 ed0f | 85ff 0700 | 0041 8b6d | 1066 6690 | 85ed 0f85 
  0x000000000dd191c4: 1c08 0000 | 4c8b 5424 | 5045 8b5a | 2c45 85db | 0f84 9e05 | 0000 498b | d3bf 0100 

  0x000000000dd191e0: ;   {oop(a 'java/security/cert/Certificate'[0] {0x0000000080673358})}
  0x000000000dd191e0: 0000 49b9 | 5833 6780 | 0000 0000 | 4c8b c390 

  0x000000000dd191f0: ;   {optimized virtual_call}
  0x000000000dd191f0: c5f8 77e8 

  0x000000000dd191f4: ; ImmutableOopMap {[40]=Oop [48]=Oop [56]=Oop [72]=Oop [80]=Oop }
                      ;*invokevirtual putVal {reexecute=0 rethrow=0 return_oop=1}
                      ; - java.util.concurrent.ConcurrentHashMap::putIfAbsent@4
                      ; - java.lang.ClassLoader::checkCerts@62
                      ; - java.lang.ClassLoader::preDefineClass@113
                      ; - java.lang.ClassLoader::defineClass@4
                      ; - java.security.SecureClassLoader::defineClass@12
  0x000000000dd191f4: c84f ffff 

  0x000000000dd191f8: ;   {other}
  0x000000000dd191f8: 0f1f 8400 | 6807 0002 | 4885 c074 | 2344 8b50 

  0x000000000dd19208: ;   {metadata('java/security/cert/Certificate'[])}
  0x000000000dd19208: 0841 81fa | b161 0020 | 0f85 de08 | 0000 8b68 | 0c0f 1f80 | 0000 0000 | 85ed 0f87 | e807 0000 
  0x000000000dd19228: 4c8b 5424 | 4845 8b52 | 1041 8b6a | 0c44 8b55 | 380f 1f80 | 0000 0000 | 4585 d20f | 8447 0500 
  0x000000000dd19248: 0049 8bd2 | 4c8b c590 

  0x000000000dd19250: ;   {optimized virtual_call}
  0x000000000dd19250: c5f8 77e8 

  0x000000000dd19254: ; ImmutableOopMap {[40]=Oop [48]=Oop [56]=Oop [72]=Oop }
                      ;*invokevirtual toExternalForm {reexecute=0 rethrow=0 return_oop=1}
                      ; - java.net.URL::toExternalForm@5
                      ; - java.net.URL::toString@1
                      ; - java.lang.ClassLoader::defineClassSourceLocation@22
                      ; - java.lang.ClassLoader::defineClass@12
                      ; - java.security.SecureClassLoader::defineClass@12
  0x000000000dd19254: 4892 bfff 

  0x000000000dd19258: ;   {other}
  0x000000000dd19258: 0f1f 8400 | c807 0003 | 488b 5424 | 284c 8b44 | 2430 4c8b | 4c24 388b | 7c24 408b | 7424 4448 
  0x000000000dd19278: 8b4c 2448 | 4889 0424 

  0x000000000dd19280: ;   {static_call}
  0x000000000dd19280: c5f8 77e8 

  0x000000000dd19284: ; ImmutableOopMap {[40]=Oop [72]=Oop }
                      ;*invokestatic defineClass1 {reexecute=0 rethrow=0 return_oop=1}
                      ; - java.lang.ClassLoader::defineClass@27
                      ; - java.security.SecureClassLoader::defineClass@12
  0x000000000dd19284: 5015 c1ff 

  0x000000000dd19288: ;   {other}
  0x000000000dd19288: 0f1f 8400 | f807 0004 | 488b e848 | 8b54 2428 | 4c8b c04c | 8b4c 2448 

  0x000000000dd192a0: ;   {optimized virtual_call}
  0x000000000dd192a0: c5f8 77e8 

  0x000000000dd192a4: ; ImmutableOopMap {rbp=Oop }
                      ;*invokevirtual postDefineClass {reexecute=0 rethrow=0 return_oop=0}
                      ; - java.lang.ClassLoader::defineClass@37
                      ; - java.security.SecureClassLoader::defineClass@12
  0x000000000dd192a4: 7878 cdff 

  0x000000000dd192a8: ;   {other}
  0x000000000dd192a8: 0f1f 8400 | 1808 0005 | 488b c5c5 | f877 4881 | c4b0 0000 

  0x000000000dd192bc: ;   {poll_return}
  0x000000000dd192bc: 005d 493b | a748 0400 | 000f 8775 | 0a00 00c3 | 4183 fb04 | 0f86 a607 | 0000 6666 | 0f1f 8400 
  0x000000000dd192dc: 0000 0000 | 4180 7811 | 610f 85a8 | fcff ff41 | 8078 1276 | 0f85 9dfc | ffff 6666 | 0f1f 8400 
  0x000000000dd192fc: 0000 0000 | 4180 7813 | 610f 8588 | fcff ff41 | 8078 142e | 0f85 7dfc 

  0x000000000dd19314: ;   {oop(a 'jdk/internal/loader/ClassLoaders$PlatformClassLoader'{0x0000000080638278})}
  0x000000000dd19314: ffff 49ba | 7882 6380 | 0000 0000 | 488b 4c24 | 2849 3bca | 0f85 6e07 | 0000 4c89 | 5424 50e9 
  0x000000000dd19334: 65fc ffff | 488b 5c24 | 3066 6690 | e968 feff | ff49 63fb | 4181 fb00 | 0010 000f | 8793 0300 
  0x000000000dd19354: 0049 8bb7 | b801 0000 | 4c8d 5717 | 4983 e2f8 | 488b ce49 | 03ca 493b | 8fc8 0100 | 000f 8371 
  0x000000000dd19374: 0300 0049 | 898f b801 | 0000 0f0d | 89c0 0000 | 0048 c706 | 0100 0000 | 0f0d 8900 

  0x000000000dd19390: ;   {metadata({type array byte})}
  0x000000000dd19390: 0100 00c7 | 4608 5981 | 0020 4489 | 5e0c 0f0d | 8940 0100 | 000f 0d89 | 8001 0000 | 488b d648 
  0x000000000dd193b0: 83c2 1048 | 83c7 0748 | c1ef 0349 | 8bce 4c8b | c7c5 f877 | 49ba e09d | 320d 0000 | 0000 41ff 
  0x000000000dd193d0: ;   {other}
  0x000000000dd193d0: d20f 1f84 | 0000 0000 | 00e9 91fd 

  0x000000000dd193dc: ;   {oop(""{0x0000000080600fd8})}
  0x000000000dd193dc: ffff 48bb | d80f 6080 | 0000 0000 | e9c0 fdff 

  0x000000000dd193ec: ;   {oop(""{0x0000000080600fd8})}
  0x000000000dd193ec: ff48 bbd8 | 0f60 8000 | 0000 00e9 | b1fd ffff | 448b 5b14 | 4585 db0f | 8471 fdff | ff4d 8b57 
  0x000000000dd1940c: 2849 8bcb | 4d85 d20f | 8443 0600 | 004d 8b5f | 384b 894c | 13f8 4983 | c2f8 4d89 | 5728 e94b 
  0x000000000dd1942c: fdff ff4d | 8b57 484d | 8b5f 58f0 | 8344 24c0 | 0066 6690 | 8039 000f | 8460 fdff | ff44 8821 
  0x000000000dd1944c: 4d85 d275 | 2049 8bd7 | c5f8 7749 | ba90 229e | d7fb 7f00 | 0041 ffd2 

  0x000000000dd19464: ;   {other}
  0x000000000dd19464: 0f1f 8400 | 0000 0000 | e938 fdff | ff4b 894c | 13f8 4983 | c2f8 4d89 | 5748 6690 | e924 fdff 
  0x000000000dd19484: ff4c 63c5 | 4d8d 5010 | 4d8b ca49 | 83e1 f848 | 8bfe 4903 | f949 c1ea | 0349 2bc2 | 488b c848 
  0x000000000dd194a4: 33c0 4883 | f908 7f10 | 48ff c978 | 4f48 8904 | cf48 ffc9 | 7df7 eb44 | c5fd efc0 | e90d 0000 
  0x000000000dd194c4: 00c5 fe7f | 07c5 fe7f | 4720 4883 | c740 4883 | e908 7ded | 4883 c104 | 7c0c c5fe | 7f07 4883 
  0x000000000dd194e4: c720 4883 | e904 4883 | c104 7e10 | 48ff c9c5 | f9d6 0748 | 83c7 0848 | ffc9 7df3 | 498b ce49 
  0x000000000dd19504: 8bd3 c5f8 | 7749 ba40 | 9732 0d00 | 0000 0041 

  0x000000000dd19514: ;   {other}
  0x000000000dd19514: ffd2 0f1f | 8400 0000 | 0000 6690 | e94a fcff 

  0x000000000dd19524: ;   {metadata('java/security/SecureClassLoader$CodeSourceKey')}
  0x000000000dd19524: ff48 ba10 | 8e09 0001 | 0000 0048 | ff74 2428 | 488f 4424 | 2066 6690 

  0x000000000dd1953c: ;   {runtime_call _new_instance_Java}
  0x000000000dd1953c: c5f8 77e8 

  0x000000000dd19540: ; ImmutableOopMap {rbp=Oop [32]=Oop [40]=Oop [48]=Oop [56]=Oop }
                      ;*new {reexecute=0 rethrow=0 return_oop=1}
                      ; - java.security.SecureClassLoader::getProtectionDomain@6
                      ; - java.security.SecureClassLoader::defineClass@9
  0x000000000dd19540: bcdc 64ff 

  0x000000000dd19544: ;   {other}
  0x000000000dd19544: 0f1f 8400 | b40a 0006 | 4c8b c0e9 | 77f8 ffff 

  0x000000000dd19554: ;   {metadata('java/security/SecureClassLoader$1')}
  0x000000000dd19554: 48ba 5090 | 0900 0100 | 0000 4c89 | 4424 5090 

  0x000000000dd19564: ;   {runtime_call _new_instance_Java}
  0x000000000dd19564: c5f8 77e8 

  0x000000000dd19568: ; ImmutableOopMap {rbp=NarrowOop [40]=Oop [48]=Oop [56]=Oop [80]=Oop }
                      ;*new {reexecute=0 rethrow=0 return_oop=1}
                      ; - java.security.SecureClassLoader::getProtectionDomain@20
                      ; - java.security.SecureClassLoader::defineClass@9
  0x000000000dd19568: 94dc 64ff 

  0x000000000dd1956c: ;   {other}
  0x000000000dd1956c: 0f1f 8400 | dc0a 0007 | 4c8b c84c | 8b44 2450 | 0f1f 4000 | e98f f8ff | ff44 8954 | 2474 4489 
  0x000000000dd1958c: 6c24 7048 | ff74 2450 | 488f 4424 | 684c 8974 | 2460 4c89 | 4c24 5844 | 895c 2454 | 4489 4424 
  0x000000000dd195ac: 5048 ff74 | 2430 488f | 4424 2048 | 8b6c 2428 

  0x000000000dd195bc: ;   {metadata('java/lang/String')}
  0x000000000dd195bc: 48ba 9020 | 0400 0100 | 0000 6690 

  0x000000000dd195c8: ;   {runtime_call _new_instance_Java}
  0x000000000dd195c8: c5f8 77e8 

  0x000000000dd195cc: ; ImmutableOopMap {rbp=Oop [32]=Oop [56]=Oop [72]=Oop [80]=NarrowOop [88]=Oop [96]=Derived_oop_[88] [104]=Oop [112]=NarrowOop }
                      ;*new {reexecute=0 rethrow=0 return_oop=1}
                      ; - java.lang.StringLatin1::newString@7
                      ; - java.lang.String::substring@41
                      ; - java.lang.ClassLoader::checkCerts@21
                      ; - java.lang.ClassLoader::preDefineClass@113
                      ; - java.lang.ClassLoader::defineClass@4
                      ; - java.security.SecureClassLoader::defineClass@12
  0x000000000dd195cc: 30dc 64ff 

  0x000000000dd195d0: ;   {other}
  0x000000000dd195d0: 0f1f 8400 | 400b 0008 | 4889 6c24 | 2848 ff74 | 2420 488f | 4424 3044 | 8b44 2450 | 448b 5c24 
  0x000000000dd195f0: 544c 8b4c | 2458 4c8b | 7424 6048 | ff74 2468 | 488f 4424 | 5044 8b6c | 2470 448b | 5424 7448 
  0x000000000dd19610: 8bd8 e95a | faff ff4c | 8984 2480 | 0000 0048 | 8944 2478 | 4889 5c24 | 7044 8954 | 246c 4489 
  0x000000000dd19630: 6c24 6848 | ff74 2450 | 488f 4424 | 604c 8974 | 2458 4c89 | 4c24 5048 | ff74 2428 | 488f 4424 
  0x000000000dd19650: ;   {metadata({type array byte})}
  0x000000000dd19650: 2048 bac8 | 0a04 0001 | 0000 0045 | 8bc2 6690 

  0x000000000dd19660: ;   {runtime_call _new_array_nozero_Java}
  0x000000000dd19660: c5f8 77e8 

  0x000000000dd19664: ; ImmutableOopMap {[32]=Oop [48]=Oop [56]=Oop [72]=Oop [80]=Oop [88]=Derived_oop_[80] [96]=Oop [104]=NarrowOop [112]=Oop }
                      ;*newarray {reexecute=0 rethrow=0 return_oop=1}
                      ; - java.util.Arrays::copyOfRangeByte@10
                      ; - java.util.Arrays::copyOfRange@13
                      ; - java.lang.StringLatin1::newString@16
                      ; - java.lang.String::substring@41
                      ; - java.lang.ClassLoader::checkCerts@21
                      ; - java.lang.ClassLoader::preDefineClass@113
                      ; - java.lang.ClassLoader::defineClass@4
                      ; - java.security.SecureClassLoader::defineClass@12
  0x000000000dd19664: 18d5 64ff 

  0x000000000dd19668: ;   {other}
  0x000000000dd19668: 0f1f 8400 | d80b 0009 | 4c8b d848 | ff74 2420 | 488f 4424 | 284c 8b74 | 2458 48ff | 7424 6048 
  0x000000000dd19688: 8f44 2450 | 448b 6c24 | 6844 8b54 | 246c 488b | 5c24 7048 | 8b44 2478 | 4c8b 8424 | 8000 0000 
  0x000000000dd196a8: 498b f3e9 | 76fa ffff | bae4 ffff | ff44 8954 | 2420 448b | 5c24 4044 | 895c 2424 | 448b 5424 
  0x000000000dd196c8: 4444 8954 | 2440 4489 | 6c24 4444 | 8944 2464 

  0x000000000dd196d8: ;   {runtime_call UncommonTrapBlob}
  0x000000000dd196d8: c5f8 77e8 

  0x000000000dd196dc: ; ImmutableOopMap {[40]=Oop [48]=Oop [56]=Oop [68]=NarrowOop [72]=Oop [80]=Oop [100]=NarrowOop }
                      ;*baload {reexecute=0 rethrow=0 return_oop=0}
                      ; - java.lang.StringLatin1::lastIndexOf@24
                      ; - java.lang.String::lastIndexOf@13
                      ; - java.lang.String::lastIndexOf@8
                      ; - java.lang.ClassLoader::checkCerts@3
                      ; - java.lang.ClassLoader::preDefineClass@113
                      ; - java.lang.ClassLoader::defineClass@4
                      ; - java.security.SecureClassLoader::defineClass@12
  0x000000000dd196dc: 20ac 62ff 

  0x000000000dd196e0: ;   {other}
  0x000000000dd196e0: 0f1f 8400 | 500c 000a | 4889 bc24 | 8000 0000 | 4889 5c24 | 7844 896c | 2470 48ff | 7424 5048 
  0x000000000dd19700: 8f44 2468 | 4c89 7424 | 604c 894c | 2458 4489 | 4424 5048 | ff74 2430 | 488f 4424 | 2048 8b6c 
  0x000000000dd19720: ;   {metadata({type array byte})}
  0x000000000dd19720: 2428 48ba | c80a 0400 | 0100 0000 | 458b c390 

  0x000000000dd19730: ;   {runtime_call _new_array_nozero_Java}
  0x000000000dd19730: c5f8 77e8 

  0x000000000dd19734: ; ImmutableOopMap {rbp=Oop [32]=Oop [56]=Oop [72]=Oop [80]=NarrowOop [88]=Oop [96]=Derived_oop_[88] [104]=Oop [112]=NarrowOop [120]=Oop }
                      ;*invokevirtual clone {reexecute=1 rethrow=0 return_oop=1}
                      ; - (reexecute) java.util.Arrays::copyOfRange@18
                      ; - java.lang.StringLatin1::newString@16
                      ; - java.lang.String::substring@41
                      ; - java.lang.ClassLoader::checkCerts@21
                      ; - java.lang.ClassLoader::preDefineClass@113
                      ; - java.lang.ClassLoader::defineClass@4
                      ; - java.security.SecureClassLoader::defineClass@12
  0x000000000dd19734: 48d4 64ff 

  0x000000000dd19738: ;   {other}
  0x000000000dd19738: 0f1f 8400 | a80c 000b | 4889 6c24 | 2848 ff74 | 2420 488f | 4424 304c | 8b74 2460 | 48ff 7424 
  0x000000000dd19758: 6848 8f44 | 2450 448b | 6c24 7048 | 8b5c 2478 | 488b bc24 | 8000 0000 | 488b f0e9 | 34fc ffff 
  0x000000000dd19778: baf6 ffff | ff48 8beb 

  0x000000000dd19780: ;   {runtime_call UncommonTrapBlob}
  0x000000000dd19780: c5f8 77e8 

  0x000000000dd19784: ; ImmutableOopMap {rbp=Oop }
                      ;*invokevirtual putIfAbsent {reexecute=0 rethrow=0 return_oop=0}
                      ; - java.lang.ClassLoader::checkCerts@62
                      ; - java.lang.ClassLoader::preDefineClass@113
                      ; - java.lang.ClassLoader::defineClass@4
                      ; - java.security.SecureClassLoader::defineClass@12
  0x000000000dd19784: 78ab 62ff 

  0x000000000dd19788: ;   {other}
  0x000000000dd19788: 0f1f 8400 | f80c 000c | baf6 ffff | ff66 6690 

  0x000000000dd19798: ;   {runtime_call UncommonTrapBlob}
  0x000000000dd19798: c5f8 77e8 

  0x000000000dd1979c: ; ImmutableOopMap {rbp=NarrowOop }
                      ;*invokevirtual toExternalForm {reexecute=0 rethrow=0 return_oop=0}
                      ; - java.net.URL::toExternalForm@5
                      ; - java.net.URL::toString@1
                      ; - java.lang.ClassLoader::defineClassSourceLocation@22
                      ; - java.lang.ClassLoader::defineClass@12
                      ; - java.security.SecureClassLoader::defineClass@12
  0x000000000dd1979c: 60ab 62ff 

  0x000000000dd197a0: ;   {other}
  0x000000000dd197a0: 0f1f 8400 | 100d 000d | bade ffff | ff4c 8954 | 2420 48ff | 7424 3048 | 8f44 2428 | 48ff 7424 
  0x000000000dd197c0: 3848 8f44 | 2430 4889 | 4424 f88b | 4424 4089 | 4424 3848 | 8b44 24f8 | 4889 4424 | f88b 4424 
  0x000000000dd197e0: 4489 4424 | 3c48 8b44 | 24f8 4c89 | 4424 404c | 894c 2448 

  0x000000000dd197f4: ;   {runtime_call UncommonTrapBlob}
  0x000000000dd197f4: c5f8 77e8 

  0x000000000dd197f8: ; ImmutableOopMap {rbp=NarrowOop [32]=Oop [40]=Oop [48]=Oop [64]=Oop [72]=Oop }
                      ;*invokeinterface computeIfAbsent {reexecute=0 rethrow=0 return_oop=0}
                      ; - java.security.SecureClassLoader::getProtectionDomain@28
                      ; - java.security.SecureClassLoader::defineClass@9
  0x000000000dd197f8: 04ab 62ff 

  0x000000000dd197fc: ;   {other}
  0x000000000dd197fc: 0f1f 8400 | 6c0d 000e | ba45 ffff | ff48 8b6c | 2428 6690 

  0x000000000dd19810: ;   {runtime_call UncommonTrapBlob}
  0x000000000dd19810: c5f8 77e8 

  0x000000000dd19814: ; ImmutableOopMap {rbp=Oop [48]=Oop [56]=Oop [72]=Oop }
                      ;*ifeq {reexecute=1 rethrow=0 return_oop=0}
                      ; - (reexecute) java.lang.ClassLoader::checkName@8
                      ; - java.lang.ClassLoader::preDefineClass@1
                      ; - java.lang.ClassLoader::defineClass@4
                      ; - java.security.SecureClassLoader::defineClass@12
  0x000000000dd19814: e8aa 62ff 

  0x000000000dd19818: ;   {other}
  0x000000000dd19818: 0f1f 8400 | 880d 000f | bace ffff | ff48 8b6c | 2428 48ff | 7424 3048 | 8f44 2420 | 4489 4424 
  0x000000000dd19838: 5844 8954 | 245c 6690 

  0x000000000dd19840: ;   {runtime_call UncommonTrapBlob}
  0x000000000dd19840: c5f8 77e8 

  0x000000000dd19844: ; ImmutableOopMap {rbp=Oop [32]=Oop [56]=Oop [72]=Oop [88]=NarrowOop }
                      ;*invokestatic indexOfChar {reexecute=0 rethrow=0 return_oop=0}
                      ; - java.lang.StringLatin1::indexOf@33
                      ; - java.lang.String::indexOf@17
                      ; - java.lang.String::indexOf@3
                      ; - java.lang.ClassLoader::checkName@16
                      ; - java.lang.ClassLoader::preDefineClass@1
                      ; - java.lang.ClassLoader::defineClass@4
                      ; - java.security.SecureClassLoader::defineClass@12
  0x000000000dd19844: b8aa 62ff 

  0x000000000dd19848: ;   {other}
  0x000000000dd19848: 0f1f 8400 | b80d 0010 | 4963 c2e9 | 38f8 ffff | 4883 c0fe | 488b c849 | 8bfb 4833 | c048 83f9 
  0x000000000dd19868: 087f 1048 | ffc9 784f | 4889 04cf | 48ff c97d | f7eb 44c5 | fdef c0e9 | 0d00 0000 | c5fe 7f07 
  0x000000000dd19888: c5fe 7f47 | 2048 83c7 | 4048 83e9 | 087d ed48 | 83c1 047c | 0cc5 fe7f | 0748 83c7 | 2048 83e9 
  0x000000000dd198a8: 0448 83c1 | 047e 1048 | ffc9 c5f9 | d607 4883 | c708 48ff | c97d f390 | e9aa f8ff | ffba ccff 
  0x000000000dd198c8: ffff 4489 | 5424 2044 | 8b54 2440 | 4489 5424 | 2444 8b5c | 2444 4489 | 5c24 4044 | 896c 2444 
  0x000000000dd198e8: 4889 5c24 | 6844 8944 | 2470 6690 

  0x000000000dd198f4: ;   {runtime_call UncommonTrapBlob}
  0x000000000dd198f4: c5f8 77e8 

  0x000000000dd198f8: ; ImmutableOopMap {[40]=Oop [48]=Oop [56]=Oop [68]=NarrowOop [72]=Oop [80]=Oop [104]=Oop [112]=NarrowOop }
                      ;*newarray {reexecute=1 rethrow=0 return_oop=0}
                      ; - (reexecute) java.util.Arrays::copyOfRangeByte@10
                      ; - java.util.Arrays::copyOfRange@13
                      ; - java.lang.StringLatin1::newString@16
                      ; - java.lang.String::substring@41
                      ; - java.lang.ClassLoader::checkCerts@21
                      ; - java.lang.ClassLoader::preDefineClass@113
                      ; - java.lang.ClassLoader::defineClass@4
                      ; - java.security.SecureClassLoader::defineClass@12
  0x000000000dd198f8: 04aa 62ff 

  0x000000000dd198fc: ;   {other}
  0x000000000dd198fc: 0f1f 8400 | 6c0e 0011 | 33ed 4585 | c940 0f94 | c5ba 45ff | ffff 6690 

  0x000000000dd19914: ;   {runtime_call UncommonTrapBlob}
  0x000000000dd19914: c5f8 77e8 

  0x000000000dd19918: ; ImmutableOopMap {[40]=Oop [48]=Oop [56]=Oop [72]=Oop }
                      ;*ifeq {reexecute=1 rethrow=0 return_oop=0}
                      ; - (reexecute) java.lang.String::indexOf@4
                      ; - java.lang.String::indexOf@3
                      ; - java.lang.ClassLoader::checkName@16
                      ; - java.lang.ClassLoader::preDefineClass@1
                      ; - java.lang.ClassLoader::defineClass@4
                      ; - java.security.SecureClassLoader::defineClass@12
  0x000000000dd19918: e4a9 62ff 

  0x000000000dd1991c: ;   {other}
  0x000000000dd1991c: 0f1f 8400 | 8c0e 0012 | ba45 ffff | ff44 8954 | 2420 4489 | 5424 2444 | 896c 2460 | 8974 2470 
  0x000000000dd1993c: ;   {runtime_call UncommonTrapBlob}
  0x000000000dd1993c: c5f8 77e8 

  0x000000000dd19940: ; ImmutableOopMap {[40]=Oop [48]=Oop [56]=Oop [72]=Oop [80]=Oop [96]=NarrowOop }
                      ;*if_icmpgt {reexecute=1 rethrow=0 return_oop=0}
                      ; - (reexecute) jdk.internal.util.Preconditions::checkFromToIndex@6
                      ; - java.lang.String::checkBoundsBeginEnd@6
                      ; - java.lang.String::substring@8
                      ; - java.lang.ClassLoader::checkCerts@21
                      ; - java.lang.ClassLoader::preDefineClass@113
                      ; - java.lang.ClassLoader::defineClass@4
                      ; - java.security.SecureClassLoader::defineClass@12
  0x000000000dd19940: bca9 62ff 

  0x000000000dd19944: ;   {other}
  0x000000000dd19944: 0f1f 8400 | b40e 0013 | ba45 ffff | ff48 8b6c | 2428 895c | 2450 6690 

  0x000000000dd1995c: ;   {runtime_call UncommonTrapBlob}
  0x000000000dd1995c: c5f8 77e8 

  0x000000000dd19960: ; ImmutableOopMap {rbp=Oop [48]=Oop [56]=Oop [72]=Oop }
                      ;*if_icmpne {reexecute=1 rethrow=0 return_oop=0}
                      ; - (reexecute) java.lang.ClassLoader::checkName@20
                      ; - java.lang.ClassLoader::preDefineClass@1
                      ; - java.lang.ClassLoader::defineClass@4
                      ; - java.security.SecureClassLoader::defineClass@12
  0x000000000dd19960: 9ca9 62ff 

  0x000000000dd19964: ;   {other}
  0x000000000dd19964: 0f1f 8400 | d40e 0014 | ba45 ffff | ff48 ff74 | 2428 488f | 4424 204c | 8944 2428 | 4c89 4c24 
  0x000000000dd19984: 3089 7c24 | 3889 7424 | 3c66 6690 

  0x000000000dd19990: ;   {runtime_call UncommonTrapBlob}
  0x000000000dd19990: c5f8 77e8 

  0x000000000dd19994: ; ImmutableOopMap {rbp=Oop [32]=Oop [40]=Oop [48]=Oop }
                      ;*ifnonnull {reexecute=1 rethrow=0 return_oop=0}
                      ; - (reexecute) java.security.SecureClassLoader::getProtectionDomain@1
                      ; - java.security.SecureClassLoader::defineClass@9
  0x000000000dd19994: 68a9 62ff 

  0x000000000dd19998: ;   {other}
  0x000000000dd19998: 0f1f 8400 | 080f 0015 | ba45 ffff | ff66 6690 

  0x000000000dd199a8: ;   {runtime_call UncommonTrapBlob}
  0x000000000dd199a8: c5f8 77e8 

  0x000000000dd199ac: ; ImmutableOopMap {[40]=Oop [48]=Oop [56]=Oop [72]=Oop }
                      ;*if_icmpne {reexecute=1 rethrow=0 return_oop=0}
                      ; - (reexecute) java.lang.ClassLoader::checkName@30
                      ; - java.lang.ClassLoader::preDefineClass@1
                      ; - java.lang.ClassLoader::defineClass@4
                      ; - java.security.SecureClassLoader::defineClass@12
  0x000000000dd199ac: 50a9 62ff 

  0x000000000dd199b0: ;   {other}
  0x000000000dd199b0: 0f1f 8400 | 200f 0016 | ba45 ffff | ff48 ff74 | 2428 488f | 4424 2048 | 895c 2458 | 4489 6c24 
  0x000000000dd199d0: 6066 6690 

  0x000000000dd199d4: ;   {runtime_call UncommonTrapBlob}
  0x000000000dd199d4: c5f8 77e8 

  0x000000000dd199d8: ; ImmutableOopMap {rbp=NarrowOop [32]=Oop [48]=Oop [56]=Oop [72]=Oop [80]=Oop [88]=Oop [96]=NarrowOop }
                      ;*ifnull {reexecute=1 rethrow=0 return_oop=0}
                      ; - (reexecute) java.security.CodeSource::getCertificates@4
                      ; - java.lang.ClassLoader::checkCerts@34
                      ; - java.lang.ClassLoader::preDefineClass@113
                      ; - java.lang.ClassLoader::defineClass@4
                      ; - java.security.SecureClassLoader::defineClass@12
  0x000000000dd199d8: 24a9 62ff 

  0x000000000dd199dc: ;   {other}
  0x000000000dd199dc: 0f1f 8400 | 4c0f 0017 | ba45 ffff | ff48 ff74 | 2428 488f | 4424 2048 | 895c 2458 | 4489 6c24 
  0x000000000dd199fc: 6066 6690 

  0x000000000dd19a00: ;   {runtime_call UncommonTrapBlob}
  0x000000000dd19a00: c5f8 77e8 

  0x000000000dd19a04: ; ImmutableOopMap {rbp=NarrowOop [32]=Oop [48]=Oop [56]=Oop [72]=Oop [80]=Oop [88]=Oop [96]=NarrowOop }
                      ;*ifnull {reexecute=1 rethrow=0 return_oop=0}
                      ; - (reexecute) java.security.CodeSource::getCertificates@22
                      ; - java.lang.ClassLoader::checkCerts@34
                      ; - java.lang.ClassLoader::preDefineClass@113
                      ; - java.lang.ClassLoader::defineClass@4
                      ; - java.security.SecureClassLoader::defineClass@12
  0x000000000dd19a04: f8a8 62ff 

  0x000000000dd19a08: ;   {other}
  0x000000000dd19a08: 0f1f 8400 | 780f 0018 | ba45 ffff | ff48 ff74 | 2428 488f | 4424 2090 

  0x000000000dd19a20: ;   {runtime_call UncommonTrapBlob}
  0x000000000dd19a20: c5f8 77e8 

  0x000000000dd19a24: ; ImmutableOopMap {[32]=Oop [48]=Oop [56]=Oop [72]=Oop }
                      ;*ifne {reexecute=1 rethrow=0 return_oop=0}
                      ; - (reexecute) java.lang.ClassLoader::compareCerts@7
                      ; - java.lang.ClassLoader::checkCerts@80
                      ; - java.lang.ClassLoader::preDefineClass@113
                      ; - java.lang.ClassLoader::defineClass@4
                      ; - java.security.SecureClassLoader::defineClass@12
  0x000000000dd19a24: d8a8 62ff 

  0x000000000dd19a28: ;   {other}
  0x000000000dd19a28: 0f1f 8400 | 980f 0019 | ba45 ffff | ff44 8954 | 2420 4489 | 5424 2444 | 896c 2460 | 8974 2470 
  0x000000000dd19a48: 8974 2474 

  0x000000000dd19a4c: ;   {runtime_call UncommonTrapBlob}
  0x000000000dd19a4c: c5f8 77e8 

  0x000000000dd19a50: ; ImmutableOopMap {[40]=Oop [48]=Oop [56]=Oop [72]=Oop [80]=Oop [96]=NarrowOop }
                      ;*if_icmple {reexecute=1 rethrow=0 return_oop=0}
                      ; - (reexecute) jdk.internal.util.Preconditions::checkFromToIndex@11
                      ; - java.lang.String::checkBoundsBeginEnd@6
                      ; - java.lang.String::substring@8
                      ; - java.lang.ClassLoader::checkCerts@21
                      ; - java.lang.ClassLoader::preDefineClass@113
                      ; - java.lang.ClassLoader::defineClass@4
                      ; - java.security.SecureClassLoader::defineClass@12
  0x000000000dd19a50: aca8 62ff 

  0x000000000dd19a54: ;   {other}
  0x000000000dd19a54: 0f1f 8400 | c40f 001a | 498b d7c5 | f877 49ba | b022 9ed7 | fb7f 0000 

  0x000000000dd19a6c: ;   {other}
  0x000000000dd19a6c: 41ff d20f | 1f84 0000 | 0000 00e9 | fef6 ffff | bae4 ffff | ff48 8b6c | 2428 4489 | 4424 5490 
  0x000000000dd19a8c: ;   {runtime_call UncommonTrapBlob}
  0x000000000dd19a8c: c5f8 77e8 

  0x000000000dd19a90: ; ImmutableOopMap {rbp=Oop [48]=Oop [56]=Oop [72]=Oop [84]=NarrowOop }
                      ;*baload {reexecute=0 rethrow=0 return_oop=0}
                      ; - jdk.internal.util.ArraysSupport::mismatch@82
                      ; - java.lang.String::startsWith@70
                      ; - java.lang.String::startsWith@3
                      ; - java.lang.ClassLoader::preDefineClass@43
                      ; - java.lang.ClassLoader::defineClass@4
                      ; - java.security.SecureClassLoader::defineClass@12
  0x000000000dd19a90: 6ca8 62ff 

  0x000000000dd19a94: ;   {other}
  0x000000000dd19a94: 0f1f 8400 | 0410 001b | ba37 0100 | 0048 8be9 | 4c8b 5424 | 384c 8954 | 2428 6690 

  0x000000000dd19ab0: ;   {runtime_call UncommonTrapBlob}
  0x000000000dd19ab0: c5f8 77e8 

  0x000000000dd19ab4: ; ImmutableOopMap {rbp=Oop [40]=Oop [48]=Oop }
                      ;*new {reexecute=0 rethrow=0 return_oop=0}
                      ; - java.lang.ClassLoader::preDefineClass@56
                      ; - java.lang.ClassLoader::defineClass@4
                      ; - java.security.SecureClassLoader::defineClass@12
  0x000000000dd19ab4: 48a8 62ff 

  0x000000000dd19ab8: ;   {other}
  0x000000000dd19ab8: 0f1f 8400 | 2810 001c | bade ffff | ff48 8b6c | 2428 4c8b | 5424 304c | 8954 2420 | 4c8b 5424 
  0x000000000dd19ad8: 384c 8954 | 2428 4889 | 4424 3890 

  0x000000000dd19ae4: ;   {runtime_call UncommonTrapBlob}
  0x000000000dd19ae4: c5f8 77e8 

  0x000000000dd19ae8: ; ImmutableOopMap {rbp=Oop [32]=Oop [40]=Oop [56]=Oop }
                      ;*checkcast {reexecute=0 rethrow=0 return_oop=0}
                      ; - java.security.SecureClassLoader::getProtectionDomain@33
                      ; - java.security.SecureClassLoader::defineClass@9
  0x000000000dd19ae8: 14a8 62ff 

  0x000000000dd19aec: ;   {other}
  0x000000000dd19aec: 0f1f 8400 | 5c10 001d | bade ffff | ff48 8b6c | 2428 4c8b | 5424 384c | 8954 2428 | 448b 5c24 
  0x000000000dd19b0c: 4044 895c | 2438 448b | 5424 4444 | 8954 243c | 48ff 7424 | 4848 8f44 | 2440 48ff | 7424 5048 
  0x000000000dd19b2c: 8f44 2448 | 4889 4424 | 5066 6690 

  0x000000000dd19b38: ;   {runtime_call UncommonTrapBlob}
  0x000000000dd19b38: c5f8 77e8 

  0x000000000dd19b3c: ; ImmutableOopMap {rbp=Oop [40]=Oop [48]=Oop [64]=Oop [72]=Oop [80]=Oop }
                      ;*checkcast {reexecute=0 rethrow=0 return_oop=0}
                      ; - java.lang.ClassLoader::checkCerts@65
                      ; - java.lang.ClassLoader::preDefineClass@113
                      ; - java.lang.ClassLoader::defineClass@4
                      ; - java.security.SecureClassLoader::defineClass@12
  0x000000000dd19b3c: c0a7 62ff 

  0x000000000dd19b40: ;   {other}
  0x000000000dd19b40: 0f1f 8400 | b010 001e | baf6 ffff | ff49 8be8 | 4c89 4c24 | 2066 6690 

  0x000000000dd19b58: ;   {runtime_call UncommonTrapBlob}
  0x000000000dd19b58: c5f8 77e8 

  0x000000000dd19b5c: ; ImmutableOopMap {rbp=Oop [32]=Oop }
                      ;*invokeinterface computeIfAbsent {reexecute=0 rethrow=0 return_oop=0}
                      ; - java.security.SecureClassLoader::getProtectionDomain@28
                      ; - java.security.SecureClassLoader::defineClass@9
  0x000000000dd19b5c: a0a7 62ff 

  0x000000000dd19b60: ;   {other}
  0x000000000dd19b60: 0f1f 8400 | d010 001f | baf4 ffff | ff48 8b6c | 2428 4c8b | 5424 304c | 8954 2420 

  0x000000000dd19b7c: ;   {runtime_call UncommonTrapBlob}
  0x000000000dd19b7c: c5f8 77e8 

  0x000000000dd19b80: ; ImmutableOopMap {rbp=Oop [32]=Oop [56]=Oop }
                      ;*checkcast {reexecute=0 rethrow=0 return_oop=0}
                      ; - java.security.SecureClassLoader::getProtectionDomain@33
                      ; - java.security.SecureClassLoader::defineClass@9
  0x000000000dd19b80: 7ca7 62ff 

  0x000000000dd19b84: ;   {other}
  0x000000000dd19b84: 0f1f 8400 | f410 0020 | baf6 ffff | ff66 6690 

  0x000000000dd19b94: ;   {runtime_call UncommonTrapBlob}
  0x000000000dd19b94: c5f8 77e8 

  0x000000000dd19b98: ; ImmutableOopMap {}
                      ;*arraylength {reexecute=0 rethrow=0 return_oop=0}
                      ; - java.lang.String::isEmpty@4
                      ; - java.lang.ClassLoader::checkName@5
                      ; - java.lang.ClassLoader::preDefineClass@1
                      ; - java.lang.ClassLoader::defineClass@4
                      ; - java.security.SecureClassLoader::defineClass@12
  0x000000000dd19b98: 64a7 62ff 

  0x000000000dd19b9c: ;   {other}
  0x000000000dd19b9c: 0f1f 8400 | 0c11 0021 | ba45 ffff | ff48 8b6c | 2428 4c89 | 5424 2090 

  0x000000000dd19bb4: ;   {runtime_call UncommonTrapBlob}
  0x000000000dd19bb4: c5f8 77e8 

  0x000000000dd19bb8: ; ImmutableOopMap {rbp=Oop [32]=Oop [56]=Oop [72]=Oop }
                      ;*ifnull {reexecute=1 rethrow=0 return_oop=0}
                      ; - (reexecute) java.lang.ClassLoader::checkName@1
                      ; - java.lang.ClassLoader::preDefineClass@1
                      ; - java.lang.ClassLoader::defineClass@4
                      ; - java.security.SecureClassLoader::defineClass@12
  0x000000000dd19bb8: 44a7 62ff 

  0x000000000dd19bbc: ;   {other}
  0x000000000dd19bbc: 0f1f 8400 | 2c11 0022 | ba45 ffff | ff48 8b6c | 2428 4c8b | 5424 384c | 8954 2428 | 448b 5424 
  0x000000000dd19bdc: 4044 8954 | 2438 448b | 5c24 4444 | 895c 243c | 48ff 7424 | 4848 8f44 | 2440 48ff | 7424 5048 
  0x000000000dd19bfc: 8f44 2448 | 4889 5c24 | 5844 896c | 2454 6690 

  0x000000000dd19c0c: ;   {runtime_call UncommonTrapBlob}
  0x000000000dd19c0c: c5f8 77e8 

  0x000000000dd19c10: ; ImmutableOopMap {rbp=Oop [40]=Oop [48]=Oop [64]=Oop [72]=Oop [84]=NarrowOop [88]=Oop }
                      ;*ifnull {reexecute=1 rethrow=0 return_oop=0}
                      ; - (reexecute) java.lang.ClassLoader::checkCerts@30
                      ; - java.lang.ClassLoader::preDefineClass@113
                      ; - java.lang.ClassLoader::defineClass@4
                      ; - java.security.SecureClassLoader::defineClass@12
  0x000000000dd19c10: eca6 62ff 

  0x000000000dd19c14: ;   {other}
  0x000000000dd19c14: 0f1f 8400 | 8411 0023 | ba45 ffff | ff48 8b6c | 2428 48ff | 7424 3048 | 8f44 2420 | 4c8b 5c24 
  0x000000000dd19c34: 384c 895c | 2428 448b | 4424 4044 | 8944 2430 | 448b 5c24 | 4444 895c | 2434 4489 | 5424 4490 
  0x000000000dd19c54: ;   {runtime_call UncommonTrapBlob}
  0x000000000dd19c54: c5f8 77e8 

  0x000000000dd19c58: ; ImmutableOopMap {rbp=Oop [32]=Oop [40]=Oop [68]=NarrowOop [72]=Oop }
                      ;*ifnull {reexecute=1 rethrow=0 return_oop=0}
                      ; - (reexecute) java.lang.ClassLoader::defineClassSourceLocation@8
                      ; - java.lang.ClassLoader::defineClass@12
                      ; - java.security.SecureClassLoader::defineClass@12
  0x000000000dd19c58: a4a6 62ff 

  0x000000000dd19c5c: ;   {other}
  0x000000000dd19c5c: 0f1f 8400 | cc11 0024 | ba45 ffff | ff48 ff74 | 2428 488f | 4424 2048 | ff74 2430 | 488f 4424 
  0x000000000dd19c7c: 2848 ff74 | 2438 488f | 4424 3048 | 8944 24f8 | 8b44 2440 | 8944 2438 | 488b 4424 | f848 8944 
  0x000000000dd19c9c: 24f8 8b44 | 2444 8944 | 243c 488b | 4424 f890 

  0x000000000dd19cac: ;   {runtime_call UncommonTrapBlob}
  0x000000000dd19cac: c5f8 77e8 

  0x000000000dd19cb0: ; ImmutableOopMap {rbp=NarrowOop [32]=Oop [40]=Oop [48]=Oop [72]=Oop }
                      ;*ifnull {reexecute=1 rethrow=0 return_oop=0}
                      ; - (reexecute) java.lang.ClassLoader::defineClassSourceLocation@15
                      ; - java.lang.ClassLoader::defineClass@12
                      ; - java.security.SecureClassLoader::defineClass@12
  0x000000000dd19cb0: 4ca6 62ff 

  0x000000000dd19cb4: ;   {other}
  0x000000000dd19cb4: 0f1f 8400 | 2412 0025 | 0f1f 4000 | e90c 0000 | 00eb 0aeb | 0deb 0beb | 04eb 02eb | 0048 8bd0 
  0x000000000dd19cd4: eb03 488b | d0c5 f877 | 4881 c4b0 | 0000 005d 

  0x000000000dd19ce4: ;   {runtime_call _rethrow_Java}
  0x000000000dd19ce4: e917 3565 | ffba 97ff | ffff 48ff | 7424 3848 | 8f44 2428 | 4889 4424 | f88b 4424 | 4089 4424 
  0x000000000dd19d04: 3048 8b44 | 24f8 4889 | 4424 f88b | 4424 4489 | 4424 3448 | 8b44 24f8 | 48ff 7424 | 4848 8f44 
  0x000000000dd19d24: 2438 4c8b | 5424 784c | 8954 2460 

  0x000000000dd19d30: ;   {runtime_call UncommonTrapBlob}
  0x000000000dd19d30: c5f8 77e8 

  0x000000000dd19d34: ; ImmutableOopMap {rbp=Oop [32]=Oop [40]=Oop [56]=Oop [80]=NarrowOop [96]=Oop [104]=Oop [112]=NarrowOop [120]=Oop }
                      ;*invokevirtual clone {reexecute=1 rethrow=0 return_oop=0}
                      ; - (reexecute) java.util.Arrays::copyOfRange@18
                      ; - java.lang.StringLatin1::newString@16
                      ; - java.lang.String::substring@41
                      ; - java.lang.ClassLoader::checkCerts@21
                      ; - java.lang.ClassLoader::preDefineClass@113
                      ; - java.lang.ClassLoader::defineClass@4
                      ; - java.security.SecureClassLoader::defineClass@12
  0x000000000dd19d34: c8a5 62ff 

  0x000000000dd19d38: ;   {other}
  0x000000000dd19d38: 0f1f 8400 | a812 0026 

  0x000000000dd19d40: ;   {internal_word}
  0x000000000dd19d40: 49ba be92 | d10d 0000 | 0000 4d89 | 9760 0400 

  0x000000000dd19d50: ;   {runtime_call SafepointBlob}
  0x000000000dd19d50: 00e9 aab6 

  0x000000000dd19d54: ;   {runtime_call StubRoutines (final stubs)}
  0x000000000dd19d54: 62ff e8a5 | 1961 ffe9 | feef ffff 
[Stub Code]
  0x000000000dd19d60: ;   {no_reloc}
  0x000000000dd19d60: 48bb 0000 | 0000 0000 

  0x000000000dd19d68: ;   {runtime_call nmethod}
  0x000000000dd19d68: 0000 e9fb 

  0x000000000dd19d6c: ;   {static_stub}
  0x000000000dd19d6c: ffff ff48 | bb00 0000 | 0000 0000 

  0x000000000dd19d78: ;   {runtime_call nmethod}
  0x000000000dd19d78: 00e9 fbff 

  0x000000000dd19d7c: ;   {static_stub}
  0x000000000dd19d7c: ffff 48bb | 0000 0000 | 0000 0000 

  0x000000000dd19d88: ;   {runtime_call nmethod}
  0x000000000dd19d88: e9fb ffff 

  0x000000000dd19d8c: ;   {static_stub}
  0x000000000dd19d8c: ff48 bb00 | 0000 0000 

  0x000000000dd19d94: ;   {runtime_call nmethod}
  0x000000000dd19d94: 0000 00e9 | fbff ffff 

  0x000000000dd19d9c: ;   {static_stub}
  0x000000000dd19d9c: 48bb 0000 | 0000 0000 

  0x000000000dd19da4: ;   {runtime_call nmethod}
  0x000000000dd19da4: 0000 e9fb 

  0x000000000dd19da8: ;   {runtime_call ExceptionBlob}
  0x000000000dd19da8: ffff ffe9 | 50d7 64ff 
[Deopt Handler Code]
  0x000000000dd19db0: e800 0000 | 0048 832c 

  0x000000000dd19db8: ;   {runtime_call DeoptimizationBlob}
  0x000000000dd19db8: 2405 e9e1 | a862 fff4 
[/MachCode]


Compiled method (c1) 140863 4509   !   3       java.net.URLClassLoader::defineClass (224 bytes)
 total in heap  [0x0000000005fe9090,0x0000000005feb970] = 10464
 relocation     [0x0000000005fe91f0,0x0000000005fe94b0] = 704
 main code      [0x0000000005fe94c0,0x0000000005feae38] = 6520
 stub code      [0x0000000005feae38,0x0000000005feafd8] = 416
 oops           [0x0000000005feafd8,0x0000000005feafe0] = 8
 metadata       [0x0000000005feafe0,0x0000000005feb078] = 152
 scopes data    [0x0000000005feb078,0x0000000005feb540] = 1224
 scopes pcs     [0x0000000005feb540,0x0000000005feb8c0] = 896
 dependencies   [0x0000000005feb8c0,0x0000000005feb8f0] = 48
 handler table  [0x0000000005feb8f0,0x0000000005feb938] = 72
 nul chk table  [0x0000000005feb938,0x0000000005feb970] = 56

[Constant Pool (empty)]

[MachCode]
[Entry Point]
  # {method} {0x000000001b0f9f60} 'defineClass' '(Ljava/lang/String;Ljdk/internal/loader/Resource;)Ljava/lang/Class;' in 'java/net/URLClassLoader'
  # this:     rdx:rdx   = 'java/net/URLClassLoader'
  # parm0:    r8:r8     = 'java/lang/String'
  # parm1:    r9:r9     = 'jdk/internal/loader/Resource'
  #           [sp+0x150]  (sp of caller)
  0x0000000005fe94c0: 448b 5208 | 49c1 e203 

  0x0000000005fe94c8: ;   {runtime_call ic_miss_stub}
  0x0000000005fe94c8: 4c3b d00f | 85af 5235 | 0766 6666 | 0f1f 8400 | 0000 0000 | 6666 6690 
[Verified Entry Point]
  0x0000000005fe94e0: 8984 2400 | 80ff ff55 | 4881 ec40 | 0100 0090 | 4181 7f20 | 1500 0000 

  0x0000000005fe94f8: ;   {runtime_call StubRoutines (final stubs)}
  0x0000000005fe94f8: 7405 e801 | 2234 0748 | 8994 24b8 | 0000 004c | 8984 24a8 | 0000 004c | 898c 24b0 

  0x0000000005fe9514: ;   {metadata(method data for {method} {0x000000001b0f9f60} 'defineClass' '(Ljava/lang/String;Ljdk/internal/loader/Resource;)Ljava/lang/Class;' in 'java/net/URLClassLoader')}
  0x0000000005fe9514: 0000 0048 | bed0 1e9a | 1b00 0000 | 008b becc | 0000 0083 | c702 89be | cc00 0000 | 81e7 fe07 
  0x0000000005fe9534: 0000 85ff | 0f84 bb15 

  0x0000000005fe953c: ;   {metadata(method data for {method} {0x000000001b0f9f60} 'defineClass' '(Ljava/lang/String;Ljdk/internal/loader/Resource;)Ljava/lang/Class;' in 'java/net/URLClassLoader')}
  0x0000000005fe953c: 0000 48be | d01e 9a1b | 0000 0000 | 4883 8610 | 0100 0001 

  0x0000000005fe9550: ;   {runtime_call}
  0x0000000005fe9550: 48b8 1019 | d9d7 fb7f | 0000 ffd0 

  0x0000000005fe955c: ;   {other}
  0x0000000005fe955c: 0f1f 8400 | 0000 0000 | 4889 8424 | c000 0000 | 4c8b 8424 | a800 0000 

  0x0000000005fe9574: ; implicit exception: dispatches to 0x0000000005feab1a
  0x0000000005fe9574: 493b 0049 

  0x0000000005fe9578: ;   {metadata(method data for {method} {0x000000001b0f9f60} 'defineClass' '(Ljava/lang/String;Ljdk/internal/loader/Resource;)Ljava/lang/Class;' in 'java/net/URLClassLoader')}
  0x0000000005fe9578: 8bc8 48ba | d01e 9a1b | 0000 0000 | 4883 8220 | 0100 0001 

  0x0000000005fe958c: ;   {metadata(method data for {method} {0x000000001b00b730} 'lastIndexOf' '(I)I' in 'java/lang/String')}
  0x0000000005fe958c: 48b9 b8a5 | 621b 0000 | 0000 8b91 | cc00 0000 | 83c2 0289 | 91cc 0000 | 0081 e2fe | ff1f 0085 
  0x0000000005fe95ac: d20f 846c | 1500 0049 

  0x0000000005fe95b4: ;   {metadata(method data for {method} {0x000000001b00b730} 'lastIndexOf' '(I)I' in 'java/lang/String')}
  0x0000000005fe95b4: 8bc8 48ba | b8a5 621b | 0000 0000 | 4883 8210 | 0100 0001 

  0x0000000005fe95c8: ;   {metadata(method data for {method} {0x000000001b009d30} 'length' '()I' in 'java/lang/String')}
  0x0000000005fe95c8: 48b9 4863 | 341b 0000 | 0000 8b91 | cc00 0000 | 83c2 0289 | 91cc 0000 | 0081 e2fe | ff1f 0085 
  0x0000000005fe95e8: d20f 8451 | 1500 0041 | 8b70 148b | 560c 498b 

  0x0000000005fe95f8: ;   {metadata(method data for {method} {0x000000001b009d30} 'length' '()I' in 'java/lang/String')}
  0x0000000005fe95f8: c849 b948 | 6334 1b00 | 0000 0049 | 8381 1001 

  0x0000000005fe9608: ;   {metadata(method data for {method} {0x000000001b00f8a0} 'coder' '()B' in 'java/lang/String')}
  0x0000000005fe9608: 0000 0148 | b9d0 6134 | 1b00 0000 | 0044 8b89 | cc00 0000 | 4183 c102 | 4489 89cc | 0000 0041 
  0x0000000005fe9628: 81e1 feff | 1f00 4585 | c90f 842f 

  0x0000000005fe9634: ;   {metadata(method data for {method} {0x000000001b00f8a0} 'coder' '()B' in 'java/lang/String')}
  0x0000000005fe9634: 1500 0048 | b9d0 6134 | 1b00 0000 | 00ff 8120 | 0100 0045 | 0fbe 4810 

  0x0000000005fe964c: ;   {metadata(method data for {method} {0x000000001b00f8a0} 'coder' '()B' in 'java/lang/String')}
  0x0000000005fe964c: 48b9 d061 | 341b 0000 | 0000 ff81 | 3001 0000 | 498b c9c1 | e118 c1f9 | 18d3 fa48 | 8bfa ffcf 
  0x0000000005fe966c: ;   {metadata(method data for {method} {0x000000001b00b730} 'lastIndexOf' '(I)I' in 'java/lang/String')}
  0x0000000005fe966c: 498b d048 | bbb8 a562 | 1b00 0000 | 0048 8383 | 4801 0000 

  0x0000000005fe9680: ;   {metadata(method data for {method} {0x000000001b00b7f8} 'lastIndexOf' '(II)I' in 'java/lang/String')}
  0x0000000005fe9680: 0148 ba90 | 4562 1b00 | 0000 008b | 9acc 0000 | 0083 c302 | 899a cc00 | 0000 81e3 | feff 1f00 
  0x0000000005fe96a0: 85db 0f84 | df14 0000 

  0x0000000005fe96a8: ;   {metadata(method data for {method} {0x000000001b00b7f8} 'lastIndexOf' '(II)I' in 'java/lang/String')}
  0x0000000005fe96a8: 498b d048 | bb90 4562 | 1b00 0000 | 0048 8383 | 1001 0000 

  0x0000000005fe96bc: ;   {metadata(method data for {method} {0x000000001b00fa20} 'isLatin1' '()Z' in 'java/lang/String')}
  0x0000000005fe96bc: 0148 baf0 | 7832 1b00 | 0000 008b | 9acc 0000 | 0083 c302 | 899a cc00 | 0000 81e3 | feff 1f00 
  0x0000000005fe96dc: 85db 0f84 | c414 0000 

  0x0000000005fe96e4: ;   {metadata(method data for {method} {0x000000001b00fa20} 'isLatin1' '()Z' in 'java/lang/String')}
  0x0000000005fe96e4: 48ba f078 | 321b 0000 | 0000 ff82 | 2001 0000 

  0x0000000005fe96f4: ;   {metadata(method data for {method} {0x000000001b00fa20} 'isLatin1' '()Z' in 'java/lang/String')}
  0x0000000005fe96f4: 4585 c948 | baf0 7832 | 1b00 0000 | 0049 c7c1 | 3001 0000 | 7507 49c7 | c140 0100 | 004a 8b1c 
  0x0000000005fe9714: 0a48 8d5b | 014a 891c | 0a0f 851a 

  0x0000000005fe9720: ;   {metadata(method data for {method} {0x000000001b00fa20} 'isLatin1' '()Z' in 'java/lang/String')}
  0x0000000005fe9720: 0000 0048 | baf0 7832 | 1b00 0000 | 00ff 8250 | 0100 00ba | 0100 0000 | e905 0000 | 00ba 0000 
  0x0000000005fe9740: 0000 83e2 

  0x0000000005fe9744: ;   {metadata(method data for {method} {0x000000001b00b7f8} 'lastIndexOf' '(II)I' in 'java/lang/String')}
  0x0000000005fe9744: 0185 d248 | ba90 4562 | 1b00 0000 | 0049 c7c1 | 4801 0000 | 7407 49c7 | c158 0100 | 004a 8b1c 
  0x0000000005fe9764: 0a48 8d5b | 014a 891c | 0a0f 8446 

  0x0000000005fe9770: ;   {metadata(method data for {method} {0x000000001b00b7f8} 'lastIndexOf' '(II)I' in 'java/lang/String')}
  0x0000000005fe9770: 0000 0048 | ba90 4562 | 1b00 0000 | 0048 8382 | 6801 0000 | 0148 8bd6 | 41b8 2e00 | 0000 4c8b 
  0x0000000005fe9790: cf66 0f1f 

  0x0000000005fe9794: ;   {static_call}
  0x0000000005fe9794: 4400 00e8 

  0x0000000005fe9798: ; ImmutableOopMap {[168]=Oop [176]=Oop [184]=Oop }
                      ;*invokestatic lastIndexOf {reexecute=0 rethrow=0 return_oop=0}
                      ; - java.lang.String::lastIndexOf@13
                      ; - java.lang.String::lastIndexOf@8
                      ; - java.net.URLClassLoader::defineClass@7
  0x0000000005fe9798: 849c d207 

  0x0000000005fe979c: ;   {other}
  0x0000000005fe979c: 0f1f 8400 | 0c07 0000 

  0x0000000005fe97a4: ;   {metadata(method data for {method} {0x000000001b00b7f8} 'lastIndexOf' '(II)I' in 'java/lang/String')}
  0x0000000005fe97a4: 48ba 9045 | 621b 0000 | 0000 ff82 | 7801 0000 | e92b 0000 

  0x0000000005fe97b8: ;   {metadata(method data for {method} {0x000000001b00b7f8} 'lastIndexOf' '(II)I' in 'java/lang/String')}
  0x0000000005fe97b8: 0048 ba90 | 4562 1b00 | 0000 0048 | 8382 9001 | 0000 0148 | 8bd6 41b8 | 2e00 0000 

  0x0000000005fe97d4: ;   {static_call}
  0x0000000005fe97d4: 4c8b cfe8 

  0x0000000005fe97d8: ; ImmutableOopMap {[168]=Oop [176]=Oop [184]=Oop }
                      ;*invokestatic lastIndexOf {reexecute=0 rethrow=0 return_oop=0}
                      ; - java.lang.String::lastIndexOf@25
                      ; - java.lang.String::lastIndexOf@8
                      ; - java.net.URLClassLoader::defineClass@7
  0x0000000005fe97d8: a458 3507 

  0x0000000005fe97dc: ;   {other}
  0x0000000005fe97dc: 0f1f 8400 | 4c07 0001 | 8984 24c8 | 0000 004c | 8b8c 24b0 | 0000 0049 | 3b01 498b 

  0x0000000005fe97f8: ;   {metadata(method data for {method} {0x000000001b0f9f60} 'defineClass' '(Ljava/lang/String;Ljdk/internal/loader/Resource;)Ljava/lang/Class;' in 'java/net/URLClassLoader')}
  0x0000000005fe97f8: d148 bed0 | 1e9a 1b00 | 0000 008b | 5208 48c1 | e203 483b | 9668 0100 | 0075 0d48 | 8386 7001 
  0x0000000005fe9818: 0000 01e9 | 6000 0000 | 483b 9678 | 0100 0075 | 0d48 8386 | 8001 0000 | 01e9 4a00 | 0000 4883 
  0x0000000005fe9838: be68 0100 | 0000 7517 | 4889 9668 | 0100 0048 | c786 7001 | 0000 0100 | 0000 e929 | 0000 0048 
  0x0000000005fe9858: 83be 7801 | 0000 0075 | 1748 8996 | 7801 0000 | 48c7 8680 | 0100 0001 | 0000 00e9 | 0800 0000 
  0x0000000005fe9878: 4883 8658 | 0100 0001 | 498b d166 | 9048 b8ff | ffff ffff 

  0x0000000005fe988c: ;   {virtual_call}
  0x0000000005fe988c: ffff ffe8 

  0x0000000005fe9890: ; ImmutableOopMap {[168]=Oop [176]=Oop [184]=Oop }
                      ;*invokevirtual getCodeSourceURL {reexecute=0 rethrow=0 return_oop=0}
                      ; - java.net.URLClassLoader::defineClass@13
  0x0000000005fe9890: 54b1 4207 

  0x0000000005fe9894: ;   {other}
  0x0000000005fe9894: 0f1f 8400 | 0408 0002 | 4889 8424 | d000 0000 | 448b 8c24 | c800 0000 | 4183 f9ff 

  0x0000000005fe98b0: ;   {metadata(method data for {method} {0x000000001b0f9f60} 'defineClass' '(Ljava/lang/String;Ljdk/internal/loader/Resource;)Ljava/lang/Class;' in 'java/net/URLClassLoader')}
  0x0000000005fe98b0: 49b8 d01e | 9a1b 0000 | 0000 48c7 | c290 0100 | 0074 0748 | c7c2 a001 | 0000 498b | 3410 488d 
  0x0000000005fe98d0: 7601 4989 | 3410 0f84 | 0704 0000 | 4c8b 8424 | a800 0000 

  0x0000000005fe98e4: ;   {metadata(method data for {method} {0x000000001b0f9f60} 'defineClass' '(Ljava/lang/String;Ljdk/internal/loader/Resource;)Ljava/lang/Class;' in 'java/net/URLClassLoader')}
  0x0000000005fe98e4: 48ba d01e | 9a1b 0000 | 0000 4883 | 82b0 0100 | 0001 41b8 | 0000 0000 | 488b 9424 | a800 0000 
  0x0000000005fe9904: ;   {optimized virtual_call}
  0x0000000005fe9904: 6666 90e8 

  0x0000000005fe9908: ; ImmutableOopMap {[168]=Oop [176]=Oop [184]=Oop [208]=Oop }
                      ;*invokevirtual substring {reexecute=0 rethrow=0 return_oop=0}
                      ; - java.net.URLClassLoader::defineClass@28
  0x0000000005fe9908: f4ea 9607 

  0x0000000005fe990c: ;   {other}
  0x0000000005fe990c: 0f1f 8400 | 7c08 0003 | 4889 8424 | d800 0000 | 4c8b 8c24 | b000 0000 

  0x0000000005fe9924: ;   {metadata(method data for {method} {0x000000001b0f9f60} 'defineClass' '(Ljava/lang/String;Ljdk/internal/loader/Resource;)Ljava/lang/Class;' in 'java/net/URLClassLoader')}
  0x0000000005fe9924: 48ba d01e | 9a1b 0000 | 0000 458b | 4908 49c1 | e103 4c3b | 8af8 0100 | 0075 0d48 | 8382 0002 
  0x0000000005fe9944: 0000 01e9 | 6000 0000 | 4c3b 8a08 | 0200 0075 | 0d48 8382 | 1002 0000 | 01e9 4a00 | 0000 4883 
  0x0000000005fe9964: baf8 0100 | 0000 7517 | 4c89 8af8 | 0100 0048 | c782 0002 | 0000 0100 | 0000 e929 | 0000 0048 
  0x0000000005fe9984: 83ba 0802 | 0000 0075 | 174c 898a | 0802 0000 | 48c7 8210 | 0200 0001 | 0000 00e9 | 0800 0000 
  0x0000000005fe99a4: 4883 82e8 | 0100 0001 | 488b 9424 | b000 0000 | 9048 b8ff | ffff ffff 

  0x0000000005fe99bc: ;   {virtual_call}
  0x0000000005fe99bc: ffff ffe8 

  0x0000000005fe99c0: ; ImmutableOopMap {[168]=Oop [176]=Oop [184]=Oop [208]=Oop [216]=Oop }
                      ;*invokevirtual getManifest {reexecute=0 rethrow=0 return_oop=0}
                      ; - java.net.URLClassLoader::defineClass@34
  0x0000000005fe99c0: 14b6 4207 

  0x0000000005fe99c4: ;   {other}
  0x0000000005fe99c4: 0f1f 8400 | 3409 0004 | 4889 8424 | e000 0000 | 488b 9424 | b800 0000 

  0x0000000005fe99dc: ;   {metadata(method data for {method} {0x000000001b0f9f60} 'defineClass' '(Ljava/lang/String;Ljdk/internal/loader/Resource;)Ljava/lang/Class;' in 'java/net/URLClassLoader')}
  0x0000000005fe99dc: 49b8 d01e | 9a1b 0000 | 0000 4983 | 8020 0200 | 0001 4c8b | 8424 d800 | 0000 4c8b | c848 8bbc 
  0x0000000005fe99fc: 24d0 0000 | 0048 8b94 | 24b8 0000 | 0066 0f1f 

  0x0000000005fe9a0c: ;   {optimized virtual_call}
  0x0000000005fe9a0c: 4400 00e8 

  0x0000000005fe9a10: ; ImmutableOopMap {[168]=Oop [176]=Oop [184]=Oop [208]=Oop [216]=Oop [224]=Oop }
                      ;*invokevirtual getAndVerifyPackage {reexecute=0 rethrow=0 return_oop=0}
                      ; - java.net.URLClassLoader::defineClass@46
  0x0000000005fe9a10: 6cca 0200 

  0x0000000005fe9a14: ;   {other}
  0x0000000005fe9a14: 0f1f 8400 | 8409 0005 

  0x0000000005fe9a1c: ;   {metadata(method data for {method} {0x000000001b0f9f60} 'defineClass' '(Ljava/lang/String;Ljdk/internal/loader/Resource;)Ljava/lang/Class;' in 'java/net/URLClassLoader')}
  0x0000000005fe9a1c: 4885 c049 | b8d0 1e9a | 1b00 0000 | 0049 c7c1 | 5802 0000 | 7507 49c7 | c168 0200 | 004b 8b3c 
  0x0000000005fe9a3c: 0848 8d7f | 014b 893c | 080f 8598 | 0200 0048 | 8b84 24e0 | 0000 0048 

  0x0000000005fe9a54: ;   {metadata(method data for {method} {0x000000001b0f9f60} 'defineClass' '(Ljava/lang/String;Ljdk/internal/loader/Resource;)Ljava/lang/Class;' in 'java/net/URLClassLoader')}
  0x0000000005fe9a54: 85c0 49b8 | d01e 9a1b | 0000 0000 | 49c7 c178 | 0200 0074 | 0749 c7c1 | 8802 0000 | 4b8b 3c08 
  0x0000000005fe9a74: 488d 7f01 | 4b89 3c08 | 488b 9424 | b800 0000 | 0f84 c800 

  0x0000000005fe9a88: ;   {metadata(method data for {method} {0x000000001b0f9f60} 'defineClass' '(Ljava/lang/String;Ljdk/internal/loader/Resource;)Ljava/lang/Class;' in 'java/net/URLClassLoader')}
  0x0000000005fe9a88: 0000 49b8 | d01e 9a1b | 0000 0000 | 8b52 0848 | c1e2 0349 | 3b90 a802 | 0000 750d | 4983 80b0 
  0x0000000005fe9aa8: 0200 0001 | e960 0000 | 0049 3b90 | b802 0000 | 750d 4983 | 80c0 0200 | 0001 e94a | 0000 0049 
  0x0000000005fe9ac8: 83b8 a802 | 0000 0075 | 1749 8990 | a802 0000 | 49c7 80b0 | 0200 0001 | 0000 00e9 | 2900 0000 
  0x0000000005fe9ae8: 4983 b8b8 | 0200 0000 | 7517 4989 | 90b8 0200 | 0049 c780 | c002 0000 | 0100 0000 | e908 0000 
  0x0000000005fe9b08: 0049 8380 | 9802 0000 | 014c 8b84 | 24d8 0000 | 004c 8bc8 | 488b bc24 | d000 0000 | 488b 9424 
  0x0000000005fe9b28: b800 0000 

  0x0000000005fe9b2c: ;   {optimized virtual_call}
  0x0000000005fe9b2c: 6666 90e8 

  0x0000000005fe9b30: ; ImmutableOopMap {[168]=Oop [176]=Oop [184]=Oop [208]=Oop [216]=Oop [224]=Oop }
                      ;*invokevirtual definePackage {reexecute=0 rethrow=0 return_oop=0}
                      ; - java.net.URLClassLoader::defineClass@64
  0x0000000005fe9b30: ec3a 3300 

  0x0000000005fe9b34: ;   {other}
  0x0000000005fe9b34: 0f1f 8400 | a40a 0006 

  0x0000000005fe9b3c: ;   {metadata(method data for {method} {0x000000001b0f9f60} 'defineClass' '(Ljava/lang/String;Ljdk/internal/loader/Resource;)Ljava/lang/Class;' in 'java/net/URLClassLoader')}
  0x0000000005fe9b3c: 49b8 d01e | 9a1b 0000 | 0000 41ff | 80d0 0200 | 00e9 ea00 

  0x0000000005fe9b50: ;   {metadata(method data for {method} {0x000000001b0f9f60} 'defineClass' '(Ljava/lang/String;Ljdk/internal/loader/Resource;)Ljava/lang/Class;' in 'java/net/URLClassLoader')}
  0x0000000005fe9b50: 0000 49b8 | d01e 9a1b | 0000 0000 | 8b52 0848 | c1e2 0349 | 3b90 f802 | 0000 750d | 4983 8000 
  0x0000000005fe9b70: 0300 0001 | e960 0000 | 0049 3b90 | 0803 0000 | 750d 4983 | 8010 0300 | 0001 e94a | 0000 0049 
  0x0000000005fe9b90: 83b8 f802 | 0000 0075 | 1749 8990 | f802 0000 | 49c7 8000 | 0300 0001 | 0000 00e9 | 2900 0000 
  0x0000000005fe9bb0: 4983 b808 | 0300 0000 | 7517 4989 | 9008 0300 | 0049 c780 | 1003 0000 | 0100 0000 | e908 0000 
  0x0000000005fe9bd0: 0049 8380 | e802 0000 | 014c 8b84 | 24d8 0000 

  0x0000000005fe9be0: ;   {oop(nullptr)}
  0x0000000005fe9be0: 0049 b900 | 0000 0000 

  0x0000000005fe9be8: ;   {oop(nullptr)}
  0x0000000005fe9be8: 0000 0048 | bf00 0000 | 0000 0000 

  0x0000000005fe9bf4: ;   {oop(nullptr)}
  0x0000000005fe9bf4: 0048 be00 | 0000 0000 

  0x0000000005fe9bfc: ;   {oop(nullptr)}
  0x0000000005fe9bfc: 0000 0048 | b900 0000 | 0000 0000 | 004d 33d2 | 4c89 1424 | 4d33 d24c | 8954 2408 | 4d33 d24c 
  0x0000000005fe9c1c: 8954 2410 | 488b 9424 | b800 0000 | 0f1f 8000 

  0x0000000005fe9c2c: ;   {optimized virtual_call}
  0x0000000005fe9c2c: 0000 00e8 

  0x0000000005fe9c30: ; ImmutableOopMap {[168]=Oop [176]=Oop [184]=Oop [208]=Oop [216]=Oop [224]=Oop }
                      ;*invokevirtual definePackage {reexecute=0 rethrow=0 return_oop=0}
                      ; - java.net.URLClassLoader::defineClass@81
  0x0000000005fe9c30: 8c31 1600 

  0x0000000005fe9c34: ;   {other}
  0x0000000005fe9c34: 0f1f 8400 | a40b 0007 

  0x0000000005fe9c3c: ;   {metadata(method data for {method} {0x000000001b0f9f60} 'defineClass' '(Ljava/lang/String;Ljdk/internal/loader/Resource;)Ljava/lang/Class;' in 'java/net/URLClassLoader')}
  0x0000000005fe9c3c: 48b8 d01e | 9a1b 0000 | 0000 ff80 | 2003 0000 | e992 0000 | 004c 8b8c | 24e0 0000 | 0049 8b87 
  0x0000000005fe9c5c: f804 0000 | 4d33 d24d | 8997 f804 | 0000 4d33 | d24d 8997 | 0005 0000 | 488b 9424 | b800 0000 
  0x0000000005fe9c7c: ;   {metadata(method data for {method} {0x000000001b0f9f60} 'defineClass' '(Ljava/lang/String;Ljdk/internal/loader/Resource;)Ljava/lang/Class;' in 'java/net/URLClassLoader')}
  0x0000000005fe9c7c: 49b8 d01e | 9a1b 0000 | 0000 4983 | 8038 0300 | 0001 4c8b | 8424 d800 | 0000 488b | bc24 d000 
  0x0000000005fe9c9c: 0000 488b | 9424 b800 

  0x0000000005fe9ca4: ;   {optimized virtual_call}
  0x0000000005fe9ca4: 0000 90e8 

  0x0000000005fe9ca8: ; ImmutableOopMap {[168]=Oop [176]=Oop [184]=Oop [208]=Oop [216]=Oop }
                      ;*invokevirtual getAndVerifyPackage {reexecute=0 rethrow=0 return_oop=0}
                      ; - java.net.URLClassLoader::defineClass@97
  0x0000000005fe9ca8: d44d 3507 

  0x0000000005fe9cac: ;   {other}
  0x0000000005fe9cac: 0f1f 8400 | 1c0c 0008 

  0x0000000005fe9cb4: ;   {metadata(method data for {method} {0x000000001b0f9f60} 'defineClass' '(Ljava/lang/String;Ljdk/internal/loader/Resource;)Ljava/lang/Class;' in 'java/net/URLClassLoader')}
  0x0000000005fe9cb4: 4885 c048 | b8d0 1e9a | 1b00 0000 | 0048 c7c2 | 8003 0000 | 7407 48c7 | c270 0300 | 0048 8b34 
  0x0000000005fe9cd4: 1048 8d76 | 0148 8934 | 100f 8457 | 0a00 004c | 8b8c 24b0 | 0000 0049 

  0x0000000005fe9cec: ;   {metadata(method data for {method} {0x000000001b0f9f60} 'defineClass' '(Ljava/lang/String;Ljdk/internal/loader/Resource;)Ljava/lang/Class;' in 'java/net/URLClassLoader')}
  0x0000000005fe9cec: 8bc1 48ba | d01e 9a1b | 0000 0000 | 8b40 0848 | c1e0 0348 | 3b82 6804 | 0000 750d | 4883 8270 
  0x0000000005fe9d0c: 0400 0001 | e960 0000 | 0048 3b82 | 7804 0000 | 750d 4883 | 8280 0400 | 0001 e94a | 0000 0048 
  0x0000000005fe9d2c: 83ba 6804 | 0000 0075 | 1748 8982 | 6804 0000 | 48c7 8270 | 0400 0001 | 0000 00e9 | 2900 0000 
  0x0000000005fe9d4c: 4883 ba78 | 0400 0000 | 7517 4889 | 8278 0400 | 0048 c782 | 8004 0000 | 0100 0000 | e908 0000 
  0x0000000005fe9d6c: 0048 8382 | 5804 0000 

  0x0000000005fe9d74: ;   {metadata(method data for {method} {0x000000001b508c88} 'getByteBuffer' '()Ljava/nio/ByteBuffer;' in 'jdk/internal/loader/Resource')}
  0x0000000005fe9d74: 0148 b8c8 | 5d9a 1b00 | 0000 008b | 90cc 0000 | 0083 c202 | 8990 cc00 | 0000 81e2 | feff 1f00 
  0x0000000005fe9d94: 85d2 0f84 | 320e 0000 

  0x0000000005fe9d9c: ;   {metadata(method data for {method} {0x000000001b508c88} 'getByteBuffer' '()Ljava/nio/ByteBuffer;' in 'jdk/internal/loader/Resource')}
  0x0000000005fe9d9c: 498b c148 | bac8 5d9a | 1b00 0000 | 0048 8382 | 1001 0000 | 0148 8d94 | 2420 0100 | 004c 894a 
  0x0000000005fe9dbc: 0849 8b01 | 4883 c801 | 4889 02f0 | 490f b111 | 0f84 1200 | 0000 482b | c448 2507 | f0ff ff48 
  0x0000000005fe9ddc: 8902 0f85 | 0b0e 0000 | 49ff 8748 

  0x0000000005fe9de8: ;   {metadata(method data for {method} {0x000000001b508930} 'cachedInputStream' '()Ljava/io/InputStream;' in 'jdk/internal/loader/Resource')}
  0x0000000005fe9de8: 0500 0048 | ba98 8c91 | 1b00 0000 | 008b b2cc | 0000 0083 | c602 89b2 | cc00 0000 | 81e6 feff 
  0x0000000005fe9e08: 1f00 85f6 | 0f84 f00d | 0000 418b | 510c 4885 

  0x0000000005fe9e18: ;   {metadata(method data for {method} {0x000000001b508930} 'cachedInputStream' '()Ljava/io/InputStream;' in 'jdk/internal/loader/Resource')}
  0x0000000005fe9e18: d248 ba98 | 8c91 1b00 | 0000 0048 | c7c6 1001 | 0000 7507 | 48c7 c620 | 0100 0048 | 8b3c 3248 
  0x0000000005fe9e38: 8d7f 0148 | 893c 320f | 85d7 0000 | 0049 8bd1 

  0x0000000005fe9e48: ;   {metadata(method data for {method} {0x000000001b508930} 'cachedInputStream' '()Ljava/io/InputStream;' in 'jdk/internal/loader/Resource')}
  0x0000000005fe9e48: 48be 988c | 911b 0000 | 0000 8b52 | 0848 c1e2 | 0348 3b96 | 4001 0000 | 750d 4883 | 8648 0100 
  0x0000000005fe9e68: 0001 e960 | 0000 0048 | 3b96 5001 | 0000 750d | 4883 8658 | 0100 0001 | e94a 0000 | 0048 83be 
  0x0000000005fe9e88: 4001 0000 | 0075 1748 | 8996 4001 | 0000 48c7 | 8648 0100 | 0001 0000 | 00e9 2900 | 0000 4883 
  0x0000000005fe9ea8: be50 0100 | 0000 7517 | 4889 9650 | 0100 0048 | c786 5801 | 0000 0100 | 0000 e908 | 0000 0048 
  0x0000000005fe9ec8: 8386 3001 | 0000 0149 | 8bd1 6666 | 9048 b8ff | ffff ffff 

  0x0000000005fe9edc: ;   {virtual_call}
  0x0000000005fe9edc: ffff ffe8 

  0x0000000005fe9ee0: ; ImmutableOopMap {[168]=Oop [176]=Oop [184]=Oop [208]=Oop [296]=Oop }
                      ;*invokevirtual getInputStream {reexecute=0 rethrow=0 return_oop=0}
                      ; - jdk.internal.loader.Resource::cachedInputStream@9
                      ; - jdk.internal.loader.Resource::getByteBuffer@1
                      ; - java.net.URLClassLoader::defineClass@132
  0x0000000005fe9ee0: 04a9 4207 

  0x0000000005fe9ee4: ;   {other}
  0x0000000005fe9ee4: 0f1f 8400 | 540e 0009 | 410f be57 | 4085 d24c | 8b8c 24b0 | 0000 000f | 8522 0d00 | 004c 8bd0 
  0x0000000005fe9f04: 4589 510c | 498b d148 | 33d0 48c1 | ea14 4883 | fa00 0f85 | 230d 0000 | 418b 510c | 488d 8424 
  0x0000000005fe9f24: 2001 0000 | 488b 3048 | 85f6 0f84 | 0f00 0000 | 488b 7808 | f048 0fb1 | 370f 8514 | 0d00 0049 
  0x0000000005fe9f44: ff8f 4805 | 0000 4885 

  0x0000000005fe9f4c: ;   {metadata(method data for {method} {0x000000001b508c88} 'getByteBuffer' '()Ljava/nio/ByteBuffer;' in 'jdk/internal/loader/Resource')}
  0x0000000005fe9f4c: d275 1648 | bbc8 5d9a | 1b00 0000 | 0080 8b41 | 0100 0001 | e9d5 0000 

  0x0000000005fe9f64: ;   {metadata('sun/nio/ByteBuffered')}
  0x0000000005fe9f64: 0048 b8d0 | 8409 0001 | 0000 008b | 5a08 48c1 | e303 483b | 4320 0f84 | 1a00 0000 | 483b d80f 
  0x0000000005fe9f84: 8411 0000 

  0x0000000005fe9f88: ;   {runtime_call slow_subtype_check Runtime1 stub}
  0x0000000005fe9f88: 0053 50e8 | 705d 4107 | 5b5b 85db | 0f84 8400 

  0x0000000005fe9f98: ;   {metadata(method data for {method} {0x000000001b508c88} 'getByteBuffer' '()Ljava/nio/ByteBuffer;' in 'jdk/internal/loader/Resource')}
  0x0000000005fe9f98: 0000 48bb | c85d 9a1b | 0000 0000 | 8b42 0848 | c1e0 0348 | 3b83 5801 | 0000 750d | 4883 8360 
  0x0000000005fe9fb8: 0100 0001 | e97e 0000 | 0048 3b83 | 6801 0000 | 750d 4883 | 8370 0100 | 0001 e968 | 0000 0048 
  0x0000000005fe9fd8: 83bb 5801 | 0000 0075 | 1748 8983 | 5801 0000 | 48c7 8360 | 0100 0001 | 0000 00e9 | 4700 0000 
  0x0000000005fe9ff8: 4883 bb68 | 0100 0000 | 7517 4889 | 8368 0100 | 0048 c783 | 7001 0000 | 0100 0000 | e926 0000 
  0x0000000005fea018: 00e9 2100 

  0x0000000005fea01c: ;   {metadata(method data for {method} {0x000000001b508c88} 'getByteBuffer' '()Ljava/nio/ByteBuffer;' in 'jdk/internal/loader/Resource')}
  0x0000000005fea01c: 0000 48bb | c85d 9a1b | 0000 0000 | 4883 ab48 | 0100 0001 | e905 0000 | 00e9 0500 | 0000 4833 
  0x0000000005fea03c: f6eb 0748 | c7c6 0100 | 0000 85f6 

  0x0000000005fea048: ;   {metadata(method data for {method} {0x000000001b508c88} 'getByteBuffer' '()Ljava/nio/ByteBuffer;' in 'jdk/internal/loader/Resource')}
  0x0000000005fea048: 48be c85d | 9a1b 0000 | 0000 48c7 | c780 0100 | 0074 0748 | c7c7 9001 | 0000 488b | 1c3e 488d 
  0x0000000005fea068: 5b01 4889 | 1c3e 0f84 | 9d01 0000 | 4885 d275 

  0x0000000005fea078: ;   {metadata(method data for {method} {0x000000001b508c88} 'getByteBuffer' '()Ljava/nio/ByteBuffer;' in 'jdk/internal/loader/Resource')}
  0x0000000005fea078: 1648 bfc8 | 5d9a 1b00 | 0000 0080 | 8f99 0100 | 0001 e9d5 

  0x0000000005fea08c: ;   {metadata('sun/nio/ByteBuffered')}
  0x0000000005fea08c: 0000 0048 | bbd0 8409 | 0001 0000 | 008b 7a08 | 48c1 e703 | 483b 5f20 | 0f84 1a00 | 0000 483b 
  0x0000000005fea0ac: fb0f 8411 | 0000 0057 

  0x0000000005fea0b4: ;   {runtime_call slow_subtype_check Runtime1 stub}
  0x0000000005fea0b4: 53e8 465c | 4107 5f5f | 85ff 0f84 | 8400 0000 

  0x0000000005fea0c4: ;   {metadata(method data for {method} {0x000000001b508c88} 'getByteBuffer' '()Ljava/nio/ByteBuffer;' in 'jdk/internal/loader/Resource')}
  0x0000000005fea0c4: 48bf c85d | 9a1b 0000 | 0000 8b5a | 0848 c1e3 | 0348 3b9f | b001 0000 | 750d 4883 | 87b8 0100 
  0x0000000005fea0e4: 0001 e979 | 0000 0048 | 3b9f c001 | 0000 750d | 4883 87c8 | 0100 0001 | e963 0000 | 0048 83bf 
  0x0000000005fea104: b001 0000 | 0075 1748 | 899f b001 | 0000 48c7 | 87b8 0100 | 0001 0000 | 00e9 4200 | 0000 4883 
  0x0000000005fea124: bfc0 0100 | 0000 7517 | 4889 9fc0 | 0100 0048 | c787 c801 | 0000 0100 | 0000 e921 | 0000 00e9 
  0x0000000005fea144: 1c00 0000 

  0x0000000005fea148: ;   {metadata(method data for {method} {0x000000001b508c88} 'getByteBuffer' '()Ljava/nio/ByteBuffer;' in 'jdk/internal/loader/Resource')}
  0x0000000005fea148: 48bf c85d | 9a1b 0000 | 0000 4883 | afa0 0100 | 0001 e90e | 0b00 00e9 | 0000 0000 

  0x0000000005fea164: ; implicit exception: dispatches to 0x0000000005feac76
  0x0000000005fea164: 483b 0248 

  0x0000000005fea168: ;   {metadata(method data for {method} {0x000000001b508c88} 'getByteBuffer' '()Ljava/nio/ByteBuffer;' in 'jdk/internal/loader/Resource')}
  0x0000000005fea168: 8bf2 48bf | c85d 9a1b | 0000 0000 | 8b76 0848 | c1e6 0348 | 3bb7 e801 | 0000 750d | 4883 87f0 
  0x0000000005fea188: 0100 0001 | e960 0000 | 0048 3bb7 | f801 0000 | 750d 4883 | 8700 0200 | 0001 e94a | 0000 0048 
  0x0000000005fea1a8: 83bf e801 | 0000 0075 | 1748 89b7 | e801 0000 | 48c7 87f0 | 0100 0001 | 0000 00e9 | 2900 0000 
  0x0000000005fea1c8: 4883 bff8 | 0100 0000 | 7517 4889 | b7f8 0100 | 0048 c787 | 0002 0000 | 0100 0000 | e908 0000 
  0x0000000005fea1e8: 0048 8387 | d801 0000 | 010f 1f40 | 0048 b8ff | ffff ffff 

  0x0000000005fea1fc: ;   {virtual_call}
  0x0000000005fea1fc: ffff ffe8 

  0x0000000005fea200: ; ImmutableOopMap {[168]=Oop [176]=Oop [184]=Oop [208]=Oop }
                      ;*invokeinterface getByteBuffer {reexecute=0 rethrow=0 return_oop=0}
                      ; - jdk.internal.loader.Resource::getByteBuffer@16
                      ; - java.net.URLClassLoader::defineClass@132
  0x0000000005fea200: 7c4b 3507 

  0x0000000005fea204: ;   {other}
  0x0000000005fea204: 0f1f 8400 | 7411 000a | e90a 0000 

  0x0000000005fea210: ;   {oop(nullptr)}
  0x0000000005fea210: 0048 b800 | 0000 0000 | 0000 0048 

  0x0000000005fea21c: ;   {metadata(method data for {method} {0x000000001b0f9f60} 'defineClass' '(Ljava/lang/String;Ljdk/internal/loader/Resource;)Ljava/lang/Class;' in 'java/net/URLClassLoader')}
  0x0000000005fea21c: 85c0 48ba | d01e 9a1b | 0000 0000 | 48c7 c690 | 0400 0074 | 0748 c7c6 | a004 0000 | 488b 3c32 
  0x0000000005fea23c: 488d 7f01 | 4889 3c32 | 0f84 2002 | 0000 4889 | 8424 e800 | 0000 4c8b | 8c24 b000 

  0x0000000005fea258: ;   {metadata(method data for {method} {0x000000001b0f9f60} 'defineClass' '(Ljava/lang/String;Ljdk/internal/loader/Resource;)Ljava/lang/Class;' in 'java/net/URLClassLoader')}
  0x0000000005fea258: 0000 48ba | d01e 9a1b | 0000 0000 | 458b 4908 | 49c1 e103 | 4c3b 8ac0 | 0400 0075 | 0d48 8382 
  0x0000000005fea278: c804 0000 | 01e9 6000 | 0000 4c3b | 8ad0 0400 | 0075 0d48 | 8382 d804 | 0000 01e9 | 4a00 0000 
  0x0000000005fea298: 4883 bac0 | 0400 0000 | 7517 4c89 | 8ac0 0400 | 0048 c782 | c804 0000 | 0100 0000 | e929 0000 
  0x0000000005fea2b8: 0048 83ba | d004 0000 | 0075 174c | 898a d004 | 0000 48c7 | 82d8 0400 | 0001 0000 | 00e9 0800 
  0x0000000005fea2d8: 0000 4883 | 82b0 0400 | 0001 488b | 9424 b000 | 0000 6666 | 9048 b8ff | ffff ffff 

  0x0000000005fea2f4: ;   {virtual_call}
  0x0000000005fea2f4: ffff ffe8 

  0x0000000005fea2f8: ; ImmutableOopMap {[168]=Oop [184]=Oop [208]=Oop [232]=Oop }
                      ;*invokevirtual getCodeSigners {reexecute=0 rethrow=0 return_oop=0}
                      ; - java.net.URLClassLoader::defineClass@143
  0x0000000005fea2f8: 844a 3507 

  0x0000000005fea2fc: ;   {other}
  0x0000000005fea2fc: 0f1f 8400 | 6c12 000b 

  0x0000000005fea304: ;   {metadata('java/security/CodeSource')}
  0x0000000005fea304: 4c8b c848 | ba98 5e05 | 0001 0000 | 0049 8b87 | b801 0000 | 488d 7828 | 493b bfc8 | 0100 000f 
  0x0000000005fea324: 8752 0900 | 0049 89bf | b801 0000 | 48c7 0001 | 0000 0048 | 8bca 48c1 | e903 8948 | 0848 33c9 
  0x0000000005fea344: 8948 0c48 | 33c9 4889 | 4810 4889 | 4818 4889 | 4820 4c8b 

  0x0000000005fea358: ;   {metadata(method data for {method} {0x000000001b0f9f60} 'defineClass' '(Ljava/lang/String;Ljdk/internal/loader/Resource;)Ljava/lang/Class;' in 'java/net/URLClassLoader')}
  0x0000000005fea358: c048 bad0 | 1e9a 1b00 | 0000 0048 | 8382 e804 | 0000 014c | 8b84 24d0 | 0000 0048 | 8bd0 4889 
  0x0000000005fea378: 8424 f000 

  0x0000000005fea37c: ;   {optimized virtual_call}
  0x0000000005fea37c: 0000 90e8 

  0x0000000005fea380: ; ImmutableOopMap {[168]=Oop [184]=Oop [232]=Oop [240]=Oop }
                      ;*invokespecial <init> {reexecute=0 rethrow=0 return_oop=0}
                      ; - java.net.URLClassLoader::defineClass@156
  0x0000000005fea380: fc46 3507 

  0x0000000005fea384: ;   {other}
  0x0000000005fea384: 0f1f 8400 | f412 000c 

  0x0000000005fea38c: ;   {metadata(method data for {method} {0x000000001b0f9f60} 'defineClass' '(Ljava/lang/String;Ljdk/internal/loader/Resource;)Ljava/lang/Class;' in 'java/net/URLClassLoader')}
  0x0000000005fea38c: 49b8 d01e | 9a1b 0000 | 0000 4983 | 80f8 0400 

  0x0000000005fea39c: ;   {metadata(method data for {method} {0x000000001b56e7c0} 'getReadClassBytesTime' '()Ljdk/internal/perf/PerfCounter;' in 'jdk/internal/perf/PerfCounter')}
  0x0000000005fea39c: 0001 49b8 | d063 9a1b | 0000 0000 | 418b 90cc | 0000 0083 | c202 4189 | 90cc 0000 | 0081 e2fe 
  0x0000000005fea3bc: ff1f 0085 | d20f 84c1 

  0x0000000005fea3c4: ;   {oop(a 'jdk/internal/perf/PerfCounter'{0x0000000080cbd870})}
  0x0000000005fea3c4: 0800 0048 | ba70 d8cb | 8000 0000 | 004c 8bc2 

  0x0000000005fea3d4: ;   {metadata(method data for {method} {0x000000001b0f9f60} 'defineClass' '(Ljava/lang/String;Ljdk/internal/loader/Resource;)Ljava/lang/Class;' in 'java/net/URLClassLoader')}
  0x0000000005fea3d4: 48be d01e | 9a1b 0000 

  0x0000000005fea3dc: ;   {metadata('jdk/internal/perf/PerfCounter')}
  0x0000000005fea3dc: 0000 49ba | d015 0900 | 0100 0000 | 4c89 9618 | 0500 0048 | 8386 2005 | 0000 014c | 8b84 24c0 
  0x0000000005fea3fc: ;   {optimized virtual_call}
  0x0000000005fea3fc: 0000 00e8 

  0x0000000005fea400: ; ImmutableOopMap {[168]=Oop [184]=Oop [232]=Oop [240]=Oop }
                      ;*invokevirtual addElapsedTimeFrom {reexecute=0 rethrow=0 return_oop=0}
                      ; - java.net.URLClassLoader::defineClass@165
  0x0000000005fea400: 7c46 3507 

  0x0000000005fea404: ;   {other}
  0x0000000005fea404: 0f1f 8400 | 7413 000d | 488b 9424 | b800 0000 

  0x0000000005fea414: ;   {metadata(method data for {method} {0x000000001b0f9f60} 'defineClass' '(Ljava/lang/String;Ljdk/internal/loader/Resource;)Ljava/lang/Class;' in 'java/net/URLClassLoader')}
  0x0000000005fea414: 49b8 d01e | 9a1b 0000 | 0000 4983 | 8040 0500 | 0001 4c8b | 8424 a800 | 0000 4c8b | 8c24 e800 
  0x0000000005fea434: 0000 488b | bc24 f000 | 0000 488b | 9424 b800 

  0x0000000005fea444: ;   {optimized virtual_call}
  0x0000000005fea444: 0000 90e8 

  0x0000000005fea448: ; ImmutableOopMap {}
                      ;*invokevirtual defineClass {reexecute=0 rethrow=0 return_oop=0}
                      ; - java.net.URLClassLoader::defineClass@174
  0x0000000005fea448: 3446 3507 

  0x0000000005fea44c: ;   {other}
  0x0000000005fea44c: 0f1f 8400 | bc13 000e | 4881 c440 | 0100 005d 

  0x0000000005fea45c: ;   {poll_return}
  0x0000000005fea45c: 493b a748 | 0400 000f | 8740 0800 | 00c3 4c8b | 8c24 b000 | 0000 498b 

  0x0000000005fea474: ;   {metadata(method data for {method} {0x000000001b0f9f60} 'defineClass' '(Ljava/lang/String;Ljdk/internal/loader/Resource;)Ljava/lang/Class;' in 'java/net/URLClassLoader')}
  0x0000000005fea474: f948 bbd0 | 1e9a 1b00 | 0000 008b | 7f08 48c1 | e703 483b | bb88 0500 | 0075 0d48 | 8383 9005 
  0x0000000005fea494: 0000 01e9 | 6000 0000 | 483b bb98 | 0500 0075 | 0d48 8383 | a005 0000 | 01e9 4a00 | 0000 4883 
  0x0000000005fea4b4: bb88 0500 | 0000 7517 | 4889 bb88 | 0500 0048 | c783 9005 | 0000 0100 | 0000 e929 | 0000 0048 
  0x0000000005fea4d4: 83bb 9805 | 0000 0075 | 1748 89bb | 9805 0000 | 48c7 83a0 | 0500 0001 | 0000 00e9 | 0800 0000 
  0x0000000005fea4f4: 4883 8378 | 0500 0001 | 498b d166 | 0f1f 4400 | 0048 b8ff | ffff ffff 

  0x0000000005fea50c: ;   {virtual_call}
  0x0000000005fea50c: ffff ffe8 

  0x0000000005fea510: ; ImmutableOopMap {[168]=Oop [176]=Oop [184]=Oop [208]=Oop }
                      ;*invokevirtual getBytes {reexecute=0 rethrow=0 return_oop=0}
                      ; - java.net.URLClassLoader::defineClass@179
  0x0000000005fea510: aca6 4207 

  0x0000000005fea514: ;   {other}
  0x0000000005fea514: 0f1f 8400 | 8414 000f | 4c8b 8c24 | b000 0000 

  0x0000000005fea524: ;   {metadata(method data for {method} {0x000000001b0f9f60} 'defineClass' '(Ljava/lang/String;Ljdk/internal/loader/Resource;)Ljava/lang/Class;' in 'java/net/URLClassLoader')}
  0x0000000005fea524: 48ba d01e | 9a1b 0000 | 0000 458b | 4908 49c1 | e103 4c3b | 8ac0 0500 | 0075 0d48 | 8382 c805 
  0x0000000005fea544: 0000 01e9 | 6000 0000 | 4c3b 8ad0 | 0500 0075 | 0d48 8382 | d805 0000 | 01e9 4a00 | 0000 4883 
  0x0000000005fea564: bac0 0500 | 0000 7517 | 4c89 8ac0 | 0500 0048 | c782 c805 | 0000 0100 | 0000 e929 | 0000 0048 
  0x0000000005fea584: 83ba d005 | 0000 0075 | 174c 898a | d005 0000 | 48c7 82d8 | 0500 0001 | 0000 00e9 | 0800 0000 
  0x0000000005fea5a4: 4883 82b0 | 0500 0001 | 488b 9424 | b000 0000 | 4889 8424 | f800 0000 | 9048 b8ff | ffff ffff 
  0x0000000005fea5c4: ;   {virtual_call}
  0x0000000005fea5c4: ffff ffe8 

  0x0000000005fea5c8: ; ImmutableOopMap {[168]=Oop [184]=Oop [208]=Oop [248]=Oop }
                      ;*invokevirtual getCodeSigners {reexecute=0 rethrow=0 return_oop=0}
                      ; - java.net.URLClassLoader::defineClass@185
  0x0000000005fea5c8: 34a7 4207 

  0x0000000005fea5cc: ;   {other}
  0x0000000005fea5cc: 0f1f 8400 | 3c15 0010 

  0x0000000005fea5d4: ;   {metadata('java/security/CodeSource')}
  0x0000000005fea5d4: 4c8b c848 | ba98 5e05 | 0001 0000 | 0049 8b87 | b801 0000 | 488d 7828 | 493b bfc8 | 0100 000f 
  0x0000000005fea5f4: 87c6 0600 | 0049 89bf | b801 0000 | 48c7 0001 | 0000 0048 | 8bca 48c1 | e903 8948 | 0848 33c9 
  0x0000000005fea614: 8948 0c48 | 33c9 4889 | 4810 4889 | 4818 4889 | 4820 4c8b 

  0x0000000005fea628: ;   {metadata(method data for {method} {0x000000001b0f9f60} 'defineClass' '(Ljava/lang/String;Ljdk/internal/loader/Resource;)Ljava/lang/Class;' in 'java/net/URLClassLoader')}
  0x0000000005fea628: c048 bad0 | 1e9a 1b00 | 0000 0048 | 8382 e805 | 0000 014c | 8b84 24d0 | 0000 0048 | 8bd0 4889 
  0x0000000005fea648: 8424 0001 

  0x0000000005fea64c: ;   {optimized virtual_call}
  0x0000000005fea64c: 0000 90e8 

  0x0000000005fea650: ; ImmutableOopMap {[168]=Oop [184]=Oop [248]=Oop [256]=Oop }
                      ;*invokespecial <init> {reexecute=0 rethrow=0 return_oop=0}
                      ; - java.net.URLClassLoader::defineClass@198
  0x0000000005fea650: 8c21 b707 

  0x0000000005fea654: ;   {other}
  0x0000000005fea654: 0f1f 8400 | c415 0011 

  0x0000000005fea65c: ;   {metadata(method data for {method} {0x000000001b0f9f60} 'defineClass' '(Ljava/lang/String;Ljdk/internal/loader/Resource;)Ljava/lang/Class;' in 'java/net/URLClassLoader')}
  0x0000000005fea65c: 49b8 d01e | 9a1b 0000 | 0000 4983 | 80f8 0500 

  0x0000000005fea66c: ;   {metadata(method data for {method} {0x000000001b56e7c0} 'getReadClassBytesTime' '()Ljdk/internal/perf/PerfCounter;' in 'jdk/internal/perf/PerfCounter')}
  0x0000000005fea66c: 0001 49b8 | d063 9a1b | 0000 0000 | 418b 90cc | 0000 0083 | c202 4189 | 90cc 0000 | 0081 e2fe 
  0x0000000005fea68c: ff1f 0085 | d20f 8435 

  0x0000000005fea694: ;   {oop(a 'jdk/internal/perf/PerfCounter'{0x0000000080cbd870})}
  0x0000000005fea694: 0600 0048 | ba70 d8cb | 8000 0000 | 004c 8bc2 

  0x0000000005fea6a4: ;   {metadata(method data for {method} {0x000000001b0f9f60} 'defineClass' '(Ljava/lang/String;Ljdk/internal/loader/Resource;)Ljava/lang/Class;' in 'java/net/URLClassLoader')}
  0x0000000005fea6a4: 48be d01e | 9a1b 0000 | 0000 4883 | 8620 0600 | 0001 4c8b | 8424 c000 

  0x0000000005fea6bc: ;   {optimized virtual_call}
  0x0000000005fea6bc: 0000 90e8 

  0x0000000005fea6c0: ; ImmutableOopMap {[168]=Oop [184]=Oop [248]=Oop [256]=Oop }
                      ;*invokevirtual addElapsedTimeFrom {reexecute=0 rethrow=0 return_oop=0}
                      ; - java.net.URLClassLoader::defineClass@207
  0x0000000005fea6c0: fcae a707 

  0x0000000005fea6c4: ;   {other}
  0x0000000005fea6c4: 0f1f 8400 | 3416 0012 | 488b 8424 | f800 0000 

  0x0000000005fea6d4: ; implicit exception: dispatches to 0x0000000005feaced
  0x0000000005fea6d4: 8b70 0c48 | 8b94 24b8 

  0x0000000005fea6dc: ;   {metadata(method data for {method} {0x000000001b0f9f60} 'defineClass' '(Ljava/lang/String;Ljdk/internal/loader/Resource;)Ljava/lang/Class;' in 'java/net/URLClassLoader')}
  0x0000000005fea6dc: 0000 0049 | b8d0 1e9a | 1b00 0000 | 0049 8380 | 4006 0000 | 014c 8b84 | 24a8 0000 | 004c 8bc8 
  0x0000000005fea6fc: bf00 0000 | 0048 8b8c | 2400 0100 | 0048 8b94 | 24b8 0000 | 0066 0f1f 

  0x0000000005fea714: ;   {optimized virtual_call}
  0x0000000005fea714: 4400 00e8 

  0x0000000005fea718: ; ImmutableOopMap {}
                      ;*invokevirtual defineClass {reexecute=0 rethrow=0 return_oop=0}
                      ; - java.net.URLClassLoader::defineClass@220
  0x0000000005fea718: 24e6 d207 

  0x0000000005fea71c: ;   {other}
  0x0000000005fea71c: 0f1f 8400 | 8c16 0013 | 4881 c440 | 0100 005d 

  0x0000000005fea72c: ;   {poll_return}
  0x0000000005fea72c: 493b a748 | 0400 000f | 87b9 0500 | 00c3 660f | 1f44 0000 

  0x0000000005fea740: ;   {no_reloc}
  0x0000000005fea740: e9d2 0500 | 0000 0000 | 0000 80ba | 6101 0000 | 040f 85cf | 0500 0049 | 8b87 b801 | 0000 488d 
  0x0000000005fea760: 7828 493b | bfc8 0100 | 000f 87b7 | 0500 0049 | 89bf b801 | 0000 48c7 | 0001 0000 | 0048 8bca 
  0x0000000005fea780: 48c1 e903 | 8948 0848 | 33c9 8948 | 0c48 33c9 | 4889 4810 | 4889 4818 | 4889 4820 

  0x0000000005fea79c: ;   {metadata('java/lang/StringBuilder')}
  0x0000000005fea79c: 48ba d831 | 0500 0100 | 0000 4889 | 8424 1001 | 0000 498b | 87b8 0100 | 0048 8d78 | 1849 3bbf 
  0x0000000005fea7bc: c801 0000 | 0f87 6d05 | 0000 4989 | bfb8 0100 | 0048 c700 | 0100 0000 | 488b ca48 | c1e9 0389 
  0x0000000005fea7dc: 4808 4833 | c989 480c | 4833 c948 | 8948 104c 

  0x0000000005fea7ec: ;   {metadata(method data for {method} {0x000000001b0f9f60} 'defineClass' '(Ljava/lang/String;Ljdk/internal/loader/Resource;)Ljava/lang/Class;' in 'java/net/URLClassLoader')}
  0x0000000005fea7ec: 8bc0 48ba | d01e 9a1b | 0000 0000 | 4883 8290 | 0300 0001 

  0x0000000005fea800: ;   {metadata(method data for {method} {0x000000001b0cf1d8} '<init>' '()V' in 'java/lang/StringBuilder')}
  0x0000000005fea800: 49b8 e04d | 341b 0000 | 0000 418b | 90cc 0000 | 0083 c202 | 4189 90cc | 0000 0081 | e2fe ff1f 
  0x0000000005fea820: 0085 d20f | 8417 0500 | 004c 8bc0 

  0x0000000005fea82c: ;   {metadata(method data for {method} {0x000000001b0cf1d8} '<init>' '()V' in 'java/lang/StringBuilder')}
  0x0000000005fea82c: 48ba e04d | 341b 0000 | 0000 4883 | 8210 0100 | 0001 41b8 | 1000 0000 | 488b d048 | 8984 2408 
  0x0000000005fea84c: ;   {optimized virtual_call}
  0x0000000005fea84c: 0100 00e8 

  0x0000000005fea850: ; ImmutableOopMap {[216]=Oop [264]=Oop [272]=Oop }
                      ;*invokespecial <init> {reexecute=0 rethrow=0 return_oop=0}
                      ; - java.lang.StringBuilder::<init>@3
                      ; - java.net.URLClassLoader::defineClass@111
  0x0000000005fea850: 2c42 3507 

  0x0000000005fea854: ;   {other}
  0x0000000005fea854: 0f1f 8400 | c417 0014 | 488b 8424 | 0801 0000 

  0x0000000005fea864: ;   {metadata(method data for {method} {0x000000001b0f9f60} 'defineClass' '(Ljava/lang/String;Ljdk/internal/loader/Resource;)Ljava/lang/Class;' in 'java/net/URLClassLoader')}
  0x0000000005fea864: 49b8 d01e | 9a1b 0000 | 0000 4983 | 80a0 0300 

  0x0000000005fea874: ;   {metadata(method data for {method} {0x000000001b0cf648} 'append' '(Ljava/lang/String;)Ljava/lang/StringBuilder;' in 'java/lang/StringBuilder')}
  0x0000000005fea874: 0001 49b8 | d050 341b | 0000 0000 | 418b 90cc | 0000 0083 | c202 4189 | 90cc 0000 | 0081 e2fe 
  0x0000000005fea894: ff1f 0085 | d20f 84c2 | 0400 0048 | 8b84 2408 

  0x0000000005fea8a4: ;   {metadata(method data for {method} {0x000000001b0cf648} 'append' '(Ljava/lang/String;)Ljava/lang/StringBuilder;' in 'java/lang/StringBuilder')}
  0x0000000005fea8a4: 0100 0049 | b8d0 5034 | 1b00 0000 | 0049 8380 | 1001 0000 

  0x0000000005fea8b8: ;   {oop("Cannot find package "{0x0000000080c88740})}
  0x0000000005fea8b8: 0149 b840 | 87c8 8000 | 0000 0048 | 8b94 2408 | 0100 000f 

  0x0000000005fea8cc: ;   {optimized virtual_call}
  0x0000000005fea8cc: 1f40 00e8 

  0x0000000005fea8d0: ; ImmutableOopMap {[216]=Oop [264]=Oop [272]=Oop }
                      ;*invokespecial append {reexecute=0 rethrow=0 return_oop=0}
                      ; - java.lang.StringBuilder::append@2
                      ; - java.net.URLClassLoader::defineClass@116
  0x0000000005fea8d0: ac41 3507 

  0x0000000005fea8d4: ;   {other}
  0x0000000005fea8d4: 0f1f 8400 | 4418 0015 | 488b 8424 | 0801 0000 

  0x0000000005fea8e4: ;   {metadata(method data for {method} {0x000000001b0f9f60} 'defineClass' '(Ljava/lang/String;Ljdk/internal/loader/Resource;)Ljava/lang/Class;' in 'java/net/URLClassLoader')}
  0x0000000005fea8e4: 49b8 d01e | 9a1b 0000 | 0000 4983 | 80d8 0300 

  0x0000000005fea8f4: ;   {metadata(method data for {method} {0x000000001b0cf648} 'append' '(Ljava/lang/String;)Ljava/lang/StringBuilder;' in 'java/lang/StringBuilder')}
  0x0000000005fea8f4: 0001 49b8 | d050 341b | 0000 0000 | 418b 90cc | 0000 0083 | c202 4189 | 90cc 0000 | 0081 e2fe 
  0x0000000005fea914: ff1f 0085 | d20f 8463 | 0400 0048 | 8b84 2408 

  0x0000000005fea924: ;   {metadata(method data for {method} {0x000000001b0cf648} 'append' '(Ljava/lang/String;)Ljava/lang/StringBuilder;' in 'java/lang/StringBuilder')}
  0x0000000005fea924: 0100 0049 | b8d0 5034 | 1b00 0000 | 0049 8380 | 1001 0000 | 014c 8b84 | 24d8 0000 | 0048 8b94 
  0x0000000005fea944: 2408 0100 | 0066 0f1f 

  0x0000000005fea94c: ;   {optimized virtual_call}
  0x0000000005fea94c: 4400 00e8 

  0x0000000005fea950: ; ImmutableOopMap {[264]=Oop [272]=Oop }
                      ;*invokespecial append {reexecute=0 rethrow=0 return_oop=0}
                      ; - java.lang.StringBuilder::append@2
                      ; - java.net.URLClassLoader::defineClass@121
  0x0000000005fea950: 2c41 3507 

  0x0000000005fea954: ;   {other}
  0x0000000005fea954: 0f1f 8400 | c418 0016 | 488b 8424 | 0801 0000 

  0x0000000005fea964: ;   {metadata(method data for {method} {0x000000001b0f9f60} 'defineClass' '(Ljava/lang/String;Ljdk/internal/loader/Resource;)Ljava/lang/Class;' in 'java/net/URLClassLoader')}
  0x0000000005fea964: 48ba d01e | 9a1b 0000 | 0000 4883 | 8210 0400 

  0x0000000005fea974: ;   {metadata(method data for {method} {0x000000001b0d0f38} 'toString' '()Ljava/lang/String;' in 'java/lang/StringBuilder')}
  0x0000000005fea974: 0001 48ba | f857 341b | 0000 0000 | 8bb2 cc00 | 0000 83c6 | 0289 b2cc | 0000 0081 | e6fe ff1f 
  0x0000000005fea994: 0085 f60f | 8406 0400 

  0x0000000005fea99c: ;   {metadata('java/lang/String')}
  0x0000000005fea99c: 0048 ba90 | 2004 0001 | 0000 0049 | 8b87 b801 | 0000 488d | 7818 493b | bfc8 0100 | 000f 8705 
  0x0000000005fea9bc: 0400 0049 | 89bf b801 | 0000 48c7 | 0001 0000 | 0048 8bca | 48c1 e903 | 8948 0848 | 33c9 8948 
  0x0000000005fea9dc: 0c48 33c9 | 4889 4810 

  0x0000000005fea9e4: ;   {metadata(method data for {method} {0x000000001b0d0f38} 'toString' '()Ljava/lang/String;' in 'java/lang/StringBuilder')}
  0x0000000005fea9e4: 4c8b c049 | b9f8 5734 | 1b00 0000 | 0049 8381 | 1001 0000 

  0x0000000005fea9f8: ;   {metadata(method data for {method} {0x000000001b009c78} '<init>' '(Ljava/lang/StringBuilder;)V' in 'java/lang/String')}
  0x0000000005fea9f8: 0149 b840 | 5934 1b00 | 0000 0045 | 8b88 cc00 | 0000 4183 | c102 4589 | 88cc 0000 | 0041 81e1 
  0x0000000005feaa18: feff 1f00 | 4585 c90f | 84ac 0300 | 004c 8bc0 

  0x0000000005feaa28: ;   {metadata(method data for {method} {0x000000001b009c78} '<init>' '(Ljava/lang/StringBuilder;)V' in 'java/lang/String')}
  0x0000000005feaa28: 49b9 4059 | 341b 0000 | 0000 4983 | 8110 0100 | 0001 4c8b | 8424 0801 

  0x0000000005feaa40: ;   {oop(nullptr)}
  0x0000000005feaa40: 0000 49b9 | 0000 0000 | 0000 0000 | 488b d048 | 8984 2418 

  0x0000000005feaa54: ;   {optimized virtual_call}
  0x0000000005feaa54: 0100 00e8 

  0x0000000005feaa58: ; ImmutableOopMap {[272]=Oop [280]=Oop }
                      ;*invokespecial <init> {reexecute=0 rethrow=0 return_oop=0}
                      ; - java.lang.String::<init>@3
                      ; - java.lang.StringBuilder::toString@5
                      ; - java.net.URLClassLoader::defineClass@124
  0x0000000005feaa58: 2440 3507 

  0x0000000005feaa5c: ;   {other}
  0x0000000005feaa5c: 0f1f 8400 | cc19 0017 | 488b 8424 | 1001 0000 

  0x0000000005feaa6c: ;   {metadata(method data for {method} {0x000000001b0f9f60} 'defineClass' '(Ljava/lang/String;Ljdk/internal/loader/Resource;)Ljava/lang/Class;' in 'java/net/URLClassLoader')}
  0x0000000005feaa6c: 49b8 d01e | 9a1b 0000 | 0000 4983 | 8048 0400 | 0001 4c8b | 8424 1801 | 0000 488b | 9424 1001 
  0x0000000005feaa8c: ;   {optimized virtual_call}
  0x0000000005feaa8c: 0000 90e8 

  0x0000000005feaa90: ; ImmutableOopMap {[272]=Oop }
                      ;*invokespecial <init> {reexecute=0 rethrow=0 return_oop=0}
                      ; - java.net.URLClassLoader::defineClass@127
  0x0000000005feaa90: ec3f 3507 

  0x0000000005feaa94: ;   {other}
  0x0000000005feaa94: 0f1f 8400 | 041a 0018 | 488b 8424 | 1001 0000 | e97c 0300 | 0049 8b87 | f804 0000 | 4d33 d24d 
  0x0000000005feaab4: 8997 f804 | 0000 4d33 | d24d 8997 | 0005 0000 | 488b f048 | 8d84 2420 | 0100 0048 | 8b38 4885 
  0x0000000005feaad4: ff0f 840f | 0000 0048 | 8b58 08f0 | 480f b13b | 0f85 0803 | 0000 49ff | 8f48 0500 | 0048 8bc6 
  0x0000000005feaaf4: e92c 0300 

  0x0000000005feaaf8: ;   {metadata({method} {0x000000001b0f9f60} 'defineClass' '(Ljava/lang/String;Ljdk/internal/loader/Resource;)Ljava/lang/Class;' in 'java/net/URLClassLoader')}
  0x0000000005feaaf8: 0049 ba58 | 9f0f 1b00 | 0000 004c | 8954 2408 | 48c7 0424 | ffff ffff 

  0x0000000005feab10: ;   {runtime_call counter_overflow Runtime1 stub}
  0x0000000005feab10: e8eb 7841 

  0x0000000005feab14: ; ImmutableOopMap {rdx=Oop r8=Oop r9=Oop [168]=Oop [176]=Oop [184]=Oop }
                      ;*synchronization entry
                      ; - java.net.URLClassLoader::defineClass@-1
  0x0000000005feab14: 07e9 24ea 

  0x0000000005feab18: ;   {runtime_call throw_null_pointer_exception Runtime1 stub}
  0x0000000005feab18: ffff e8e1 

  0x0000000005feab1c: ; ImmutableOopMap {r8=Oop [168]=Oop [176]=Oop [184]=Oop }
                      ;*invokevirtual lastIndexOf {reexecute=0 rethrow=0 return_oop=0}
                      ; - java.net.URLClassLoader::defineClass@7
                      ;   {metadata({method} {0x000000001b00b730} 'lastIndexOf' '(I)I' in 'java/lang/String')}
  0x0000000005feab1c: 2741 0749 | ba28 b700 | 1b00 0000 | 004c 8954 | 2408 48c7 | 0424 ffff 

  0x0000000005feab34: ;   {runtime_call counter_overflow Runtime1 stub}
  0x0000000005feab34: ffff e8c5 

  0x0000000005feab38: ; ImmutableOopMap {r8=Oop [168]=Oop [176]=Oop [184]=Oop }
                      ;*synchronization entry
                      ; - java.lang.String::lastIndexOf@-1
                      ; - java.net.URLClassLoader::defineClass@7
  0x0000000005feab38: 7841 07e9 | 73ea ffff 

  0x0000000005feab40: ;   {metadata({method} {0x000000001b009d30} 'length' '()I' in 'java/lang/String')}
  0x0000000005feab40: 49ba 289d | 001b 0000 | 0000 4c89 | 5424 0848 | c704 24ff 

  0x0000000005feab54: ;   {runtime_call counter_overflow Runtime1 stub}
  0x0000000005feab54: ffff ffe8 

  0x0000000005feab58: ; ImmutableOopMap {r8=Oop [168]=Oop [176]=Oop [184]=Oop }
                      ;*synchronization entry
                      ; - java.lang.String::length@-1
                      ; - java.lang.String::lastIndexOf@3
                      ; - java.net.URLClassLoader::defineClass@7
  0x0000000005feab58: a478 4107 | e98e eaff 

  0x0000000005feab60: ;   {runtime_call throw_null_pointer_exception Runtime1 stub}
  0x0000000005feab60: ffe8 9a27 

  0x0000000005feab64: ; ImmutableOopMap {r8=Oop rsi=Oop [168]=Oop [176]=Oop [184]=Oop }
                      ;*arraylength {reexecute=0 rethrow=0 return_oop=0}
                      ; - java.lang.String::length@4
                      ; - java.lang.String::lastIndexOf@3
                      ; - java.net.URLClassLoader::defineClass@7
                      ;   {metadata({method} {0x000000001b00f8a0} 'coder' '()B' in 'java/lang/String')}
  0x0000000005feab64: 4107 49ba | 98f8 001b | 0000 0000 | 4c89 5424 | 0848 c704 | 24ff ffff 

  0x0000000005feab7c: ;   {runtime_call counter_overflow Runtime1 stub}
  0x0000000005feab7c: ffe8 7e78 

  0x0000000005feab80: ; ImmutableOopMap {r8=Oop rsi=Oop [168]=Oop [176]=Oop [184]=Oop }
                      ;*synchronization entry
                      ; - java.lang.String::coder@-1
                      ; - java.lang.String::length@6
                      ; - java.lang.String::lastIndexOf@3
                      ; - java.net.URLClassLoader::defineClass@7
  0x0000000005feab80: 4107 e9b0 

  0x0000000005feab84: ;   {metadata({method} {0x000000001b00b7f8} 'lastIndexOf' '(II)I' in 'java/lang/String')}
  0x0000000005feab84: eaff ff49 | baf0 b700 | 1b00 0000 | 004c 8954 | 2408 48c7 | 0424 ffff 

  0x0000000005feab9c: ;   {runtime_call counter_overflow Runtime1 stub}
  0x0000000005feab9c: ffff e85d 

  0x0000000005feaba0: ; ImmutableOopMap {r8=Oop rsi=Oop [168]=Oop [176]=Oop [184]=Oop }
                      ;*synchronization entry
                      ; - java.lang.String::lastIndexOf@-1
                      ; - java.lang.String::lastIndexOf@8
                      ; - java.net.URLClassLoader::defineClass@7
  0x0000000005feaba0: 7841 07e9 | 00eb ffff 

  0x0000000005feaba8: ;   {metadata({method} {0x000000001b00fa20} 'isLatin1' '()Z' in 'java/lang/String')}
  0x0000000005feaba8: 49ba 18fa | 001b 0000 | 0000 4c89 | 5424 0848 | c704 24ff 

  0x0000000005feabbc: ;   {runtime_call counter_overflow Runtime1 stub}
  0x0000000005feabbc: ffff ffe8 

  0x0000000005feabc0: ; ImmutableOopMap {r8=Oop rsi=Oop [168]=Oop [176]=Oop [184]=Oop }
                      ;*synchronization entry
                      ; - java.lang.String::isLatin1@-1
                      ; - java.lang.String::lastIndexOf@1
                      ; - java.lang.String::lastIndexOf@8
                      ; - java.net.URLClassLoader::defineClass@7
  0x0000000005feabc0: 3c78 4107 | e91b ebff 

  0x0000000005feabc8: ;   {runtime_call throw_null_pointer_exception Runtime1 stub}
  0x0000000005feabc8: ffe8 3227 

  0x0000000005feabcc: ; ImmutableOopMap {r9=Oop [168]=Oop [176]=Oop [184]=Oop }
                      ;*invokevirtual getCodeSourceURL {reexecute=0 rethrow=0 return_oop=0}
                      ; - java.net.URLClassLoader::defineClass@13
                      ;   {metadata({method} {0x000000001b508c88} 'getByteBuffer' '()Ljava/nio/ByteBuffer;' in 'jdk/internal/loader/Resource')}
  0x0000000005feabcc: 4107 49ba | 808c 501b | 0000 0000 | 4c89 5424 | 0848 c704 | 24ff ffff 

  0x0000000005feabe4: ;   {runtime_call counter_overflow Runtime1 stub}
  0x0000000005feabe4: ffe8 1678 

  0x0000000005feabe8: ; ImmutableOopMap {r9=Oop [168]=Oop [176]=Oop [184]=Oop [208]=Oop }
                      ;*synchronization entry
                      ; - jdk.internal.loader.Resource::getByteBuffer@-1
                      ; - java.net.URLClassLoader::defineClass@132
  0x0000000005feabe8: 4107 e9ad | f1ff ff4c | 894c 2408 | 4889 1424 

  0x0000000005feabf8: ;   {runtime_call monitorenter_nofpu Runtime1 stub}
  0x0000000005feabf8: e803 5741 

  0x0000000005feabfc: ; ImmutableOopMap {r9=Oop [168]=Oop [176]=Oop [184]=Oop [208]=Oop [296]=Oop }
                      ;*synchronization entry
                      ; - jdk.internal.loader.Resource::cachedInputStream@-1
                      ; - jdk.internal.loader.Resource::getByteBuffer@1
                      ; - java.net.URLClassLoader::defineClass@132
  0x0000000005feabfc: 07e9 e9f1 

  0x0000000005feac00: ;   {metadata({method} {0x000000001b508930} 'cachedInputStream' '()Ljava/io/InputStream;' in 'jdk/internal/loader/Resource')}
  0x0000000005feac00: ffff 49ba | 2889 501b | 0000 0000 | 4c89 5424 | 0848 c704 | 24ff ffff 

  0x0000000005feac18: ;   {runtime_call counter_overflow Runtime1 stub}
  0x0000000005feac18: ffe8 e277 

  0x0000000005feac1c: ; ImmutableOopMap {r9=Oop [168]=Oop [176]=Oop [184]=Oop [208]=Oop [296]=Oop }
                      ;*synchronization entry
                      ; - jdk.internal.loader.Resource::cachedInputStream@-1
                      ; - jdk.internal.loader.Resource::getByteBuffer@1
                      ; - java.net.URLClassLoader::defineClass@132
  0x0000000005feac1c: 4107 e9ef | f1ff ff41 | 8b51 0c48 | 83fa 000f | 84d0 f2ff | ff48 8914 

  0x0000000005feac34: ;   {runtime_call g1_pre_barrier_slow}
  0x0000000005feac34: 24e8 c67d | 4107 e9c2 | f2ff ff48 | 83f8 000f | 84d3 f2ff | ff4c 890c 

  0x0000000005feac4c: ;   {runtime_call g1_post_barrier_slow}
  0x0000000005feac4c: 24e8 ae80 | 4107 e9c5 | f2ff ff48 | 8d84 2420 | 0100 0048 

  0x0000000005feac60: ;   {runtime_call monitorexit_nofpu Runtime1 stub}
  0x0000000005feac60: 8904 24e8 | 985c 4107 | e9dd f2ff | ff48 8914 

  0x0000000005feac70: ;   {runtime_call throw_class_cast_exception Runtime1 stub}
  0x0000000005feac70: 24e8 8a4a 

  0x0000000005feac74: ; ImmutableOopMap {[168]=Oop [176]=Oop [184]=Oop [208]=Oop }
                      ;*checkcast {reexecute=0 rethrow=0 return_oop=0}
                      ; - jdk.internal.loader.Resource::getByteBuffer@13
                      ; - java.net.URLClassLoader::defineClass@132
                      ;   {runtime_call throw_null_pointer_exception Runtime1 stub}
  0x0000000005feac74: 4107 e885 

  0x0000000005feac78: ; ImmutableOopMap {rdx=Oop [168]=Oop [176]=Oop [184]=Oop [208]=Oop }
                      ;*invokeinterface getByteBuffer {reexecute=0 rethrow=0 return_oop=0}
                      ; - jdk.internal.loader.Resource::getByteBuffer@16
                      ; - java.net.URLClassLoader::defineClass@132
  0x0000000005feac78: 2641 0748 

  0x0000000005feac7c: ;   {runtime_call fast_new_instance Runtime1 stub}
  0x0000000005feac7c: 8bd2 e87d 

  0x0000000005feac80: ; ImmutableOopMap {r9=Oop [168]=Oop [184]=Oop [208]=Oop [232]=Oop }
                      ;*new {reexecute=0 rethrow=0 return_oop=0}
                      ; - java.net.URLClassLoader::defineClass@148
  0x0000000005feac80: 2f41 07e9 | cef6 ffff 

  0x0000000005feac88: ;   {metadata({method} {0x000000001b56e7c0} 'getReadClassBytesTime' '()Ljdk/internal/perf/PerfCounter;' in 'jdk/internal/perf/PerfCounter')}
  0x0000000005feac88: 49ba b8e7 | 561b 0000 | 0000 4c89 | 5424 0848 | c704 24ff 

  0x0000000005feac9c: ;   {runtime_call counter_overflow Runtime1 stub}
  0x0000000005feac9c: ffff ffe8 

  0x0000000005feaca0: ; ImmutableOopMap {[168]=Oop [184]=Oop [232]=Oop [240]=Oop }
                      ;*synchronization entry
                      ; - jdk.internal.perf.PerfCounter::getReadClassBytesTime@-1
                      ; - java.net.URLClassLoader::defineClass@161
  0x0000000005feaca0: 5c77 4107 | e91e f7ff 

  0x0000000005feaca8: ;   {internal_word}
  0x0000000005feaca8: ff49 ba5c | a4fe 0500 | 0000 004d | 8997 6004 

  0x0000000005feacb8: ;   {runtime_call SafepointBlob}
  0x0000000005feacb8: 0000 e941 | a735 0748 

  0x0000000005feacc0: ;   {runtime_call fast_new_instance Runtime1 stub}
  0x0000000005feacc0: 8bd2 e839 

  0x0000000005feacc4: ; ImmutableOopMap {r9=Oop [168]=Oop [184]=Oop [208]=Oop [248]=Oop }
                      ;*new {reexecute=0 rethrow=0 return_oop=0}
                      ; - java.net.URLClassLoader::defineClass@190
  0x0000000005feacc4: 2f41 07e9 | 5af9 ffff 

  0x0000000005feaccc: ;   {metadata({method} {0x000000001b56e7c0} 'getReadClassBytesTime' '()Ljdk/internal/perf/PerfCounter;' in 'jdk/internal/perf/PerfCounter')}
  0x0000000005feaccc: 49ba b8e7 | 561b 0000 | 0000 4c89 | 5424 0848 | c704 24ff 

  0x0000000005feace0: ;   {runtime_call counter_overflow Runtime1 stub}
  0x0000000005feace0: ffff ffe8 

  0x0000000005feace4: ; ImmutableOopMap {[168]=Oop [184]=Oop [248]=Oop [256]=Oop }
                      ;*synchronization entry
                      ; - jdk.internal.perf.PerfCounter::getReadClassBytesTime@-1
                      ; - java.net.URLClassLoader::defineClass@203
  0x0000000005feace4: 1877 4107 | e9aa f9ff 

  0x0000000005feacec: ;   {runtime_call throw_null_pointer_exception Runtime1 stub}
  0x0000000005feacec: ffe8 0e26 

  0x0000000005feacf0: ; ImmutableOopMap {rax=Oop [168]=Oop [184]=Oop [256]=Oop }
                      ;*arraylength {reexecute=0 rethrow=0 return_oop=0}
                      ; - java.net.URLClassLoader::defineClass@217
                      ;   {internal_word}
  0x0000000005feacf0: 4107 49ba | 2ca7 fe05 | 0000 0000 | 4d89 9760 

  0x0000000005fead00: ;   {runtime_call SafepointBlob}
  0x0000000005fead00: 0400 00e9 | f8a6 3507 

  0x0000000005fead08: ;   {metadata(nullptr)}
  0x0000000005fead08: 48ba 0000 | 0000 0000 | 0000 b800 

  0x0000000005fead14: ;   {runtime_call load_klass_patching Runtime1 stub}
  0x0000000005fead14: 0f05 0ae8 

  0x0000000005fead18: ; ImmutableOopMap {[216]=Oop }
                      ;*new {reexecute=1 rethrow=0 return_oop=0}
                      ; - (reexecute) java.net.URLClassLoader::defineClass@103
  0x0000000005fead18: 6466 4107 | e91f faff 

  0x0000000005fead20: ;   {runtime_call throw_null_pointer_exception Runtime1 stub}
  0x0000000005fead20: ffe8 da25 

  0x0000000005fead24: ; ImmutableOopMap {[216]=Oop }
                      ;*new {reexecute=0 rethrow=0 return_oop=0}
                      ; - java.net.URLClassLoader::defineClass@103
  0x0000000005fead24: 4107 488b 

  0x0000000005fead28: ;   {runtime_call fast_new_instance_init_check Runtime1 stub}
  0x0000000005fead28: d2e8 d231 

  0x0000000005fead2c: ; ImmutableOopMap {[216]=Oop }
                      ;*new {reexecute=0 rethrow=0 return_oop=0}
                      ; - java.net.URLClassLoader::defineClass@103
  0x0000000005fead2c: 4107 e969 | faff ff48 

  0x0000000005fead34: ;   {runtime_call fast_new_instance Runtime1 stub}
  0x0000000005fead34: 8bd2 e8c5 

  0x0000000005fead38: ; ImmutableOopMap {[216]=Oop [272]=Oop }
                      ;*new {reexecute=0 rethrow=0 return_oop=0}
                      ; - java.net.URLClassLoader::defineClass@107
  0x0000000005fead38: 2e41 07e9 | abfa ffff 

  0x0000000005fead40: ;   {metadata({method} {0x000000001b0cf1d8} '<init>' '()V' in 'java/lang/StringBuilder')}
  0x0000000005fead40: 49ba d0f1 | 0c1b 0000 | 0000 4c89 | 5424 0848 | c704 24ff 

  0x0000000005fead54: ;   {runtime_call counter_overflow Runtime1 stub}
  0x0000000005fead54: ffff ffe8 

  0x0000000005fead58: ; ImmutableOopMap {rax=Oop [216]=Oop [272]=Oop }
                      ;*synchronization entry
                      ; - java.lang.StringBuilder::<init>@-1
                      ; - java.net.URLClassLoader::defineClass@111
  0x0000000005fead58: a476 4107 | e9c8 faff 

  0x0000000005fead60: ;   {metadata({method} {0x000000001b0cf648} 'append' '(Ljava/lang/String;)Ljava/lang/StringBuilder;' in 'java/lang/StringBuilder')}
  0x0000000005fead60: ff49 ba40 | f60c 1b00 | 0000 004c | 8954 2408 | 48c7 0424 | ffff ffff 

  0x0000000005fead78: ;   {runtime_call counter_overflow Runtime1 stub}
  0x0000000005fead78: e883 7641 

  0x0000000005fead7c: ; ImmutableOopMap {[216]=Oop [264]=Oop [272]=Oop }
                      ;*synchronization entry
                      ; - java.lang.StringBuilder::append@-1
                      ; - java.net.URLClassLoader::defineClass@116
  0x0000000005fead7c: 07e9 1dfb 

  0x0000000005fead80: ;   {metadata({method} {0x000000001b0cf648} 'append' '(Ljava/lang/String;)Ljava/lang/StringBuilder;' in 'java/lang/StringBuilder')}
  0x0000000005fead80: ffff 49ba | 40f6 0c1b | 0000 0000 | 4c89 5424 | 0848 c704 | 24ff ffff 

  0x0000000005fead98: ;   {runtime_call counter_overflow Runtime1 stub}
  0x0000000005fead98: ffe8 6276 

  0x0000000005fead9c: ; ImmutableOopMap {[216]=Oop [264]=Oop [272]=Oop }
                      ;*synchronization entry
                      ; - java.lang.StringBuilder::append@-1
                      ; - java.net.URLClassLoader::defineClass@121
  0x0000000005fead9c: 4107 e97c 

  0x0000000005feada0: ;   {metadata({method} {0x000000001b0d0f38} 'toString' '()Ljava/lang/String;' in 'java/lang/StringBuilder')}
  0x0000000005feada0: fbff ff49 | ba30 0f0d | 1b00 0000 | 004c 8954 | 2408 48c7 | 0424 ffff 

  0x0000000005feadb8: ;   {runtime_call counter_overflow Runtime1 stub}
  0x0000000005feadb8: ffff e841 

  0x0000000005feadbc: ; ImmutableOopMap {[264]=Oop [272]=Oop }
                      ;*synchronization entry
                      ; - java.lang.StringBuilder::toString@-1
                      ; - java.net.URLClassLoader::defineClass@124
  0x0000000005feadbc: 7641 07e9 | d9fb ffff 

  0x0000000005feadc4: ;   {runtime_call fast_new_instance Runtime1 stub}
  0x0000000005feadc4: 488b d2e8 

  0x0000000005feadc8: ; ImmutableOopMap {[264]=Oop [272]=Oop }
                      ;*new {reexecute=0 rethrow=0 return_oop=0}
                      ; - java.lang.StringBuilder::toString@0
                      ; - java.net.URLClassLoader::defineClass@124
  0x0000000005feadc8: 342e 4107 | e913 fcff 

  0x0000000005feadd0: ;   {metadata({method} {0x000000001b009c78} '<init>' '(Ljava/lang/StringBuilder;)V' in 'java/lang/String')}
  0x0000000005feadd0: ff49 ba70 | 9c00 1b00 | 0000 004c | 8954 2408 | 48c7 0424 | ffff ffff 

  0x0000000005feade8: ;   {runtime_call counter_overflow Runtime1 stub}
  0x0000000005feade8: e813 7641 

  0x0000000005feadec: ; ImmutableOopMap {rax=Oop [264]=Oop [272]=Oop }
                      ;*synchronization entry
                      ; - java.lang.String::<init>@-1
                      ; - java.lang.StringBuilder::toString@5
                      ; - java.net.URLClassLoader::defineClass@124
  0x0000000005feadec: 07e9 33fc | ffff 488d | 8424 2001 | 0000 4889 

  0x0000000005feadfc: ;   {runtime_call monitorexit_nofpu Runtime1 stub}
  0x0000000005feadfc: 0424 e8fd | 5a41 07e9 | e9fc ffff | 498b 87f8 | 0400 0049 | c787 f804 | 0000 0000 | 0000 49c7 
  0x0000000005feae1c: 8700 0500 | 0000 0000 | 0048 81c4 | 4001 0000 

  0x0000000005feae2c: ;   {runtime_call unwind_exception Runtime1 stub}
  0x0000000005feae2c: 5de9 ce15 | 4107 f4f4 | f4f4 f4f4 
[Stub Code]
  0x0000000005feae38: ;   {no_reloc}
  0x0000000005feae38: 0f1f 4400 

  0x0000000005feae3c: ;   {static_stub}
  0x0000000005feae3c: 0048 bb00 | 0000 0000 

  0x0000000005feae44: ;   {runtime_call nmethod}
  0x0000000005feae44: 0000 00e9 | fbff ffff 

  0x0000000005feae4c: ;   {static_stub}
  0x0000000005feae4c: 9048 bb00 | 0000 0000 

  0x0000000005feae54: ;   {runtime_call nmethod}
  0x0000000005feae54: 0000 00e9 | fbff ffff 

  0x0000000005feae5c: ;   {static_stub}
  0x0000000005feae5c: 9048 bb00 | 0000 0000 

  0x0000000005feae64: ;   {runtime_call nmethod}
  0x0000000005feae64: 0000 00e9 | fbff ffff 

  0x0000000005feae6c: ;   {static_stub}
  0x0000000005feae6c: 9048 bb00 | 0000 0000 

  0x0000000005feae74: ;   {runtime_call nmethod}
  0x0000000005feae74: 0000 00e9 | fbff ffff 

  0x0000000005feae7c: ;   {static_stub}
  0x0000000005feae7c: 9048 bb00 | 0000 0000 

  0x0000000005feae84: ;   {runtime_call nmethod}
  0x0000000005feae84: 0000 00e9 | fbff ffff 

  0x0000000005feae8c: ;   {static_stub}
  0x0000000005feae8c: 9048 bb00 | 0000 0000 

  0x0000000005feae94: ;   {runtime_call nmethod}
  0x0000000005feae94: 0000 00e9 | fbff ffff 

  0x0000000005feae9c: ;   {static_stub}
  0x0000000005feae9c: 9048 bb00 | 0000 0000 

  0x0000000005feaea4: ;   {runtime_call nmethod}
  0x0000000005feaea4: 0000 00e9 | fbff ffff 

  0x0000000005feaeac: ;   {static_stub}
  0x0000000005feaeac: 9048 bb00 | 0000 0000 

  0x0000000005feaeb4: ;   {runtime_call nmethod}
  0x0000000005feaeb4: 0000 00e9 | fbff ffff 

  0x0000000005feaebc: ;   {static_stub}
  0x0000000005feaebc: 9048 bb00 | 0000 0000 

  0x0000000005feaec4: ;   {runtime_call nmethod}
  0x0000000005feaec4: 0000 00e9 | fbff ffff 

  0x0000000005feaecc: ;   {static_stub}
  0x0000000005feaecc: 9048 bb00 | 0000 0000 

  0x0000000005feaed4: ;   {runtime_call nmethod}
  0x0000000005feaed4: 0000 00e9 | fbff ffff 

  0x0000000005feaedc: ;   {static_stub}
  0x0000000005feaedc: 9048 bb00 | 0000 0000 

  0x0000000005feaee4: ;   {runtime_call nmethod}
  0x0000000005feaee4: 0000 00e9 | fbff ffff 

  0x0000000005feaeec: ;   {static_stub}
  0x0000000005feaeec: 9048 bb00 | 0000 0000 

  0x0000000005feaef4: ;   {runtime_call nmethod}
  0x0000000005feaef4: 0000 00e9 | fbff ffff 

  0x0000000005feaefc: ;   {static_stub}
  0x0000000005feaefc: 9048 bb00 | 0000 0000 

  0x0000000005feaf04: ;   {runtime_call nmethod}
  0x0000000005feaf04: 0000 00e9 | fbff ffff 

  0x0000000005feaf0c: ;   {static_stub}
  0x0000000005feaf0c: 9048 bb00 | 0000 0000 

  0x0000000005feaf14: ;   {runtime_call nmethod}
  0x0000000005feaf14: 0000 00e9 | fbff ffff 

  0x0000000005feaf1c: ;   {static_stub}
  0x0000000005feaf1c: 48bb 0000 | 0000 0000 

  0x0000000005feaf24: ;   {runtime_call nmethod}
  0x0000000005feaf24: 0000 e9fb 

  0x0000000005feaf28: ;   {static_stub}
  0x0000000005feaf28: ffff ff48 | bb00 0000 | 0000 0000 

  0x0000000005feaf34: ;   {runtime_call nmethod}
  0x0000000005feaf34: 00e9 fbff 

  0x0000000005feaf38: ;   {static_stub}
  0x0000000005feaf38: ffff 48bb | 0000 0000 | 0000 0000 

  0x0000000005feaf44: ;   {runtime_call nmethod}
  0x0000000005feaf44: e9fb ffff 

  0x0000000005feaf48: ;   {static_stub}
  0x0000000005feaf48: ff48 bb00 | 0000 0000 

  0x0000000005feaf50: ;   {runtime_call nmethod}
  0x0000000005feaf50: 0000 00e9 | fbff ffff 

  0x0000000005feaf58: ;   {static_stub}
  0x0000000005feaf58: 48bb 0000 | 0000 0000 

  0x0000000005feaf60: ;   {runtime_call nmethod}
  0x0000000005feaf60: 0000 e9fb 

  0x0000000005feaf64: ;   {static_stub}
  0x0000000005feaf64: ffff ff48 | bb00 0000 | 0000 0000 

  0x0000000005feaf70: ;   {runtime_call nmethod}
  0x0000000005feaf70: 00e9 fbff 

  0x0000000005feaf74: ;   {static_stub}
  0x0000000005feaf74: ffff 48bb | 0000 0000 | 0000 0000 

  0x0000000005feaf80: ;   {runtime_call nmethod}
  0x0000000005feaf80: e9fb ffff 

  0x0000000005feaf84: ;   {static_stub}
  0x0000000005feaf84: ff48 bb00 | 0000 0000 

  0x0000000005feaf8c: ;   {runtime_call nmethod}
  0x0000000005feaf8c: 0000 00e9 | fbff ffff 

  0x0000000005feaf94: ;   {static_stub}
  0x0000000005feaf94: 48bb 60d7 | 031b 0000 

  0x0000000005feaf9c: ;   {runtime_call I2C/C2I adapters}
  0x0000000005feaf9c: 0000 e9c9 

  0x0000000005feafa0: ;   {runtime_call handle_exception_from_callee Runtime1 stub}
  0x0000000005feafa0: 7e34 07e8 | 5841 4107 

  0x0000000005feafa8: ;   {external_word}
  0x0000000005feafa8: 48b9 b061 | 00d8 fb7f | 0000 4883 

  0x0000000005feafb4: ;   {runtime_call}
  0x0000000005feafb4: e4f0 48b8 | 70cf ced7 | fb7f 0000 

  0x0000000005feafc0: ;   {section_word}
  0x0000000005feafc0: ffd0 f449 | bac3 affe | 0500 0000 

  0x0000000005feafcc: ;   {runtime_call DeoptimizationBlob}
  0x0000000005feafcc: 0041 52e9 | cc96 3507 | f4f4 f4f4 
[/MachCode]


---------------  P R O C E S S  ---------------

Threads class SMR info:
_java_thread_list=0x000000001f241bb0, length=59, elements={
0x0000000002c5b400, 0x000000001a28bb40, 0x000000001a2b1410, 0x000000001a2b1e70,
0x000000001a2b48e0, 0x000000001a2b5340, 0x000000001a299110, 0x000000001a299b70,
0x000000001a29b910, 0x000000001a29fce0, 0x000000001f11a0c0, 0x000000002075c4f0,
0x00000000202a1090, 0x0000000021039be0, 0x00000000209957e0, 0x000000001a467fe0,
0x000000002031c330, 0x0000000020cc7ae0, 0x00000000210f43e0, 0x00000000210f36c0,
0x00000000210f3d50, 0x00000000210f2310, 0x00000000210f29a0, 0x00000000210f1c80,
0x000000002140fb00, 0x000000002140f470, 0x0000000021410190, 0x0000000021410820,
0x0000000021411bd0, 0x000000002140e750, 0x0000000021412260, 0x000000002140ede0,
0x0000000021411540, 0x0000000021410eb0, 0x0000000021415d70, 0x0000000021415050,
0x0000000021412f80, 0x00000000214128f0, 0x00000000214156e0, 0x0000000020b6ec70,
0x0000000020b6d230, 0x0000000020b6d8c0, 0x0000000020b6f990, 0x0000000020b6cba0,
0x0000000020b6c510, 0x0000000020b70020, 0x0000000020b6df50, 0x0000000020b713d0,
0x0000000020b72780, 0x0000000020b720f0, 0x00000000208443c0, 0x0000000020844a50,
0x0000000020842980, 0x00000000208436a0, 0x0000000020843d30, 0x00000000208450e0,
0x00000000208422f0, 0x0000000020846b20, 0x00000000208471b0
}

Java Threads: ( => current thread )
  0x0000000002c5b400 JavaThread "main"                              [_thread_blocked, id=8976, stack(0x0000000002210000,0x0000000002310000) (1024K)]
  0x000000001a28bb40 JavaThread "Common-Cleaner"             daemon [_thread_blocked, id=17724, stack(0x000000001a730000,0x000000001a830000) (1024K)]
  0x000000001a2b1410 JavaThread "Reference Handler"          daemon [_thread_blocked, id=6224, stack(0x000000001a830000,0x000000001a930000) (1024K)]
  0x000000001a2b1e70 JavaThread "Finalizer"                  daemon [_thread_blocked, id=20104, stack(0x000000001a930000,0x000000001aa30000) (1024K)]
  0x000000001a2b48e0 JavaThread "Signal Dispatcher"          daemon [_thread_blocked, id=13952, stack(0x000000001aa30000,0x000000001ab30000) (1024K)]
  0x000000001a2b5340 JavaThread "Attach Listener"            daemon [_thread_blocked, id=11796, stack(0x000000001ab30000,0x000000001ac30000) (1024K)]
  0x000000001a299110 JavaThread "Service Thread"             daemon [_thread_blocked, id=8396, stack(0x000000001ac30000,0x000000001ad30000) (1024K)]
  0x000000001a299b70 JavaThread "Monitor Deflation Thread"   daemon [_thread_blocked, id=17260, stack(0x000000001ad30000,0x000000001ae30000) (1024K)]
  0x000000001a29b910 JavaThread "C2 CompilerThread0"         daemon [_thread_blocked, id=7944, stack(0x000000001ae30000,0x000000001af30000) (1024K)]
  0x000000001a29fce0 JavaThread "C1 CompilerThread0"         daemon [_thread_blocked, id=18088, stack(0x000000001f000000,0x000000001f100000) (1024K)]
  0x000000001f11a0c0 JavaThread "Notification Thread"        daemon [_thread_blocked, id=19172, stack(0x000000001f900000,0x000000001fa00000) (1024K)]
  0x000000002075c4f0 JavaThread "Daemon health stats"               [_thread_blocked, id=2820, stack(0x0000000021e00000,0x0000000021f00000) (1024K)]
  0x00000000202a1090 JavaThread "Incoming local TCP Connector on port 36979"        [_thread_in_native, id=15484, stack(0x0000000022240000,0x0000000022340000) (1024K)]
  0x0000000021039be0 JavaThread "Daemon periodic checks"            [_thread_blocked, id=17120, stack(0x0000000022340000,0x0000000022440000) (1024K)]
  0x00000000209957e0 JavaThread "Daemon"                            [_thread_blocked, id=1272, stack(0x0000000022440000,0x0000000022540000) (1024K)]
  0x000000001a467fe0 JavaThread "Handler for socket connection from /127.0.0.1:36979 to /127.0.0.1:36980"        [_thread_in_native, id=1520, stack(0x0000000022540000,0x0000000022640000) (1024K)]
  0x000000002031c330 JavaThread "Cancel handler"                    [_thread_blocked, id=280, stack(0x0000000022640000,0x0000000022740000) (1024K)]
=>0x0000000020cc7ae0 JavaThread "Daemon worker"                     [_thread_in_vm, id=3964, stack(0x0000000022740000,0x0000000022840000) (1024K)]
  0x00000000210f43e0 JavaThread "Asynchronous log dispatcher for DefaultDaemonConnection: socket connection from /127.0.0.1:36979 to /127.0.0.1:36980"        [_thread_blocked, id=17736, stack(0x0000000022940000,0x0000000022a40000) (1024K)]
  0x00000000210f36c0 JavaThread "Stdin handler"                     [_thread_blocked, id=9532, stack(0x0000000022a40000,0x0000000022b40000) (1024K)]
  0x00000000210f3d50 JavaThread "Daemon client event forwarder"        [_thread_blocked, id=15372, stack(0x0000000022b40000,0x0000000022c40000) (1024K)]
  0x00000000210f2310 JavaThread "Cache worker for journal cache (C:\Users\Administrator\.gradle\caches\journal-1)"        [_thread_blocked, id=17256, stack(0x0000000000870000,0x0000000000970000) (1024K)]
  0x00000000210f29a0 JavaThread "File lock request listener"        [_thread_in_native, id=1224, stack(0x0000000022c40000,0x0000000022d40000) (1024K)]
  0x00000000210f1c80 JavaThread "Cache worker for file hash cache (C:\Users\Administrator\.gradle\caches\9.3.1\fileHashes)"        [_thread_blocked, id=3872, stack(0x0000000022d40000,0x0000000022e40000) (1024K)]
  0x000000002140fb00 JavaThread "Cache worker for file hash cache (C:\Users\Administrator\AndroidStudioProjects\SmartNotify\.gradle\9.3.1\fileHashes)"        [_thread_blocked, id=8560, stack(0x0000000022e40000,0x0000000022f40000) (1024K)]
  0x000000002140f470 JavaThread "Cache worker for Build Output Cleanup Cache (C:\Users\Administrator\AndroidStudioProjects\SmartNotify\.gradle\buildOutputCleanup)"        [_thread_blocked, id=17732, stack(0x0000000022f40000,0x0000000023040000) (1024K)]
  0x0000000021410190 JavaThread "File watcher server"        daemon [_thread_in_native, id=11716, stack(0x0000000024050000,0x0000000024150000) (1024K)]
  0x0000000021410820 JavaThread "File watcher consumer"      daemon [_thread_blocked, id=16604, stack(0x0000000024150000,0x0000000024250000) (1024K)]
  0x0000000021411bd0 JavaThread "jar transforms"                    [_thread_blocked, id=5648, stack(0x0000000024250000,0x0000000024350000) (1024K)]
  0x000000002140e750 JavaThread "jar transforms Thread 2"           [_thread_blocked, id=18340, stack(0x0000000024350000,0x0000000024450000) (1024K)]
  0x0000000021412260 JavaThread "jar transforms Thread 3"           [_thread_blocked, id=18676, stack(0x0000000024450000,0x0000000024550000) (1024K)]
  0x000000002140ede0 JavaThread "jar transforms Thread 4"           [_thread_blocked, id=18780, stack(0x0000000024550000,0x0000000024650000) (1024K)]
  0x0000000021411540 JavaThread "File lock release action executor"        [_thread_blocked, id=8968, stack(0x0000000024650000,0x0000000024750000) (1024K)]
  0x0000000021410eb0 JavaThread "Cache worker for checksums cache (C:\Users\Administrator\AndroidStudioProjects\SmartNotify\.gradle\9.3.1\checksums)"        [_thread_blocked, id=17232, stack(0x0000000024750000,0x0000000024850000) (1024K)]
  0x0000000021415d70 JavaThread "Cache worker for file content cache (C:\Users\Administrator\.gradle\caches\9.3.1\fileContent)"        [_thread_blocked, id=10288, stack(0x0000000024850000,0x0000000024950000) (1024K)]
  0x0000000021415050 JavaThread "Cache worker for cache directory md-supplier (C:\Users\Administrator\.gradle\caches\9.3.1\md-supplier)"        [_thread_blocked, id=19672, stack(0x0000000024950000,0x0000000024a50000) (1024K)]
  0x0000000021412f80 JavaThread "Cache worker for cache directory md-rule (C:\Users\Administrator\.gradle\caches\9.3.1\md-rule)"        [_thread_blocked, id=18708, stack(0x0000000024a50000,0x0000000024b50000) (1024K)]
  0x00000000214128f0 JavaThread "Unconstrained build operations"        [_thread_blocked, id=17892, stack(0x0000000000670000,0x0000000000770000) (1024K)]
  0x00000000214156e0 JavaThread "Unconstrained build operations Thread 2"        [_thread_blocked, id=14940, stack(0x0000000000770000,0x0000000000870000) (1024K)]
  0x0000000020b6ec70 JavaThread "Unconstrained build operations Thread 3"        [_thread_blocked, id=15848, stack(0x0000000024b50000,0x0000000024c50000) (1024K)]
  0x0000000020b6d230 JavaThread "Unconstrained build operations Thread 4"        [_thread_blocked, id=18844, stack(0x0000000025d10000,0x0000000025e10000) (1024K)]
  0x0000000020b6d8c0 JavaThread "Unconstrained build operations Thread 5"        [_thread_blocked, id=16884, stack(0x0000000025e10000,0x0000000025f10000) (1024K)]
  0x0000000020b6f990 JavaThread "Unconstrained build operations Thread 6"        [_thread_blocked, id=6288, stack(0x0000000025f10000,0x0000000026010000) (1024K)]
  0x0000000020b6cba0 JavaThread "Unconstrained build operations Thread 7"        [_thread_blocked, id=2412, stack(0x0000000026010000,0x0000000026110000) (1024K)]
  0x0000000020b6c510 JavaThread "Unconstrained build operations Thread 8"        [_thread_blocked, id=3288, stack(0x0000000026110000,0x0000000026210000) (1024K)]
  0x0000000020b70020 JavaThread "Unconstrained build operations Thread 9"        [_thread_blocked, id=16988, stack(0x0000000026210000,0x0000000026310000) (1024K)]
  0x0000000020b6df50 JavaThread "Unconstrained build operations Thread 10"        [_thread_blocked, id=8148, stack(0x0000000026310000,0x0000000026410000) (1024K)]
  0x0000000020b713d0 JavaThread "Unconstrained build operations Thread 11"        [_thread_blocked, id=18616, stack(0x00000000273e0000,0x00000000274e0000) (1024K)]
  0x0000000020b72780 JavaThread "Unconstrained build operations Thread 12"        [_thread_blocked, id=14896, stack(0x00000000274e0000,0x00000000275e0000) (1024K)]
  0x0000000020b720f0 JavaThread "Unconstrained build operations Thread 13"        [_thread_blocked, id=19668, stack(0x00000000275e0000,0x00000000276e0000) (1024K)]
  0x00000000208443c0 JavaThread "Unconstrained build operations Thread 14"        [_thread_blocked, id=14100, stack(0x00000000276e0000,0x00000000277e0000) (1024K)]
  0x0000000020844a50 JavaThread "Unconstrained build operations Thread 15"        [_thread_blocked, id=5812, stack(0x00000000277e0000,0x00000000278e0000) (1024K)]
  0x0000000020842980 JavaThread "Unconstrained build operations Thread 16"        [_thread_blocked, id=14084, stack(0x00000000278e0000,0x00000000279e0000) (1024K)]
  0x00000000208436a0 JavaThread "Unconstrained build operations Thread 17"        [_thread_blocked, id=13504, stack(0x00000000279e0000,0x0000000027ae0000) (1024K)]
  0x0000000020843d30 JavaThread "Unconstrained build operations Thread 18"        [_thread_blocked, id=5336, stack(0x0000000027ae0000,0x0000000027be0000) (1024K)]
  0x00000000208450e0 JavaThread "Unconstrained build operations Thread 19"        [_thread_blocked, id=17044, stack(0x0000000027be0000,0x0000000027ce0000) (1024K)]
  0x00000000208422f0 JavaThread "Unconstrained build operations Thread 20"        [_thread_blocked, id=19108, stack(0x0000000027ce0000,0x0000000027de0000) (1024K)]
  0x0000000020846b20 JavaThread "Unconstrained build operations Thread 21"        [_thread_blocked, id=14296, stack(0x0000000027de0000,0x0000000027ee0000) (1024K)]
  0x00000000208471b0 JavaThread "Unconstrained build operations Thread 22"        [_thread_blocked, id=2984, stack(0x0000000027ee0000,0x0000000027fe0000) (1024K)]
Total: 59

Other Threads:
  0x0000000019dfe7e0 VMThread "VM Thread"                           [id=15300, stack(0x000000001a630000,0x000000001a730000) (1024K)]
  0x0000000019d6dbf0 WatcherThread "VM Periodic Task Thread"        [id=15020, stack(0x000000001a130000,0x000000001a230000) (1024K)]
  0x0000000002cb4f10 WorkerThread "GC Thread#0"                     [id=2068, stack(0x0000000002a40000,0x0000000002b40000) (1024K)]
  0x000000001f34da70 WorkerThread "GC Thread#1"                     [id=6612, stack(0x000000001fa00000,0x000000001fb00000) (1024K)]
  0x000000001f34de10 WorkerThread "GC Thread#2"                     [id=11780, stack(0x000000001fb00000,0x000000001fc00000) (1024K)]
  0x000000001f34cf90 WorkerThread "GC Thread#3"                     [id=11384, stack(0x000000001fc00000,0x000000001fd00000) (1024K)]
  0x0000000002cc5e00 ConcurrentGCThread "G1 Main Marker"            [id=6976, stack(0x00000000175c0000,0x00000000176c0000) (1024K)]
  0x0000000002cc6810 WorkerThread "G1 Conc#0"                       [id=16052, stack(0x00000000176c0000,0x00000000177c0000) (1024K)]
  0x0000000002d1e9d0 ConcurrentGCThread "G1 Refine#0"               [id=9024, stack(0x0000000019e00000,0x0000000019f00000) (1024K)]
  0x0000000019c324d0 ConcurrentGCThread "G1 Service"                [id=4592, stack(0x0000000019f00000,0x000000001a000000) (1024K)]
Total: 10

Threads with active compile tasks:
Total: 0

VM state: not at safepoint (normal execution)

VM Mutex/Monitor currently owned by a thread:  ([mutex/lock_event])
[0x00007ffbd8276490] Metaspace_lock - owner thread: 0x0000000020cc7ae0

Heap address: 0x0000000080000000, size: 2048 MB, Compressed Oops mode: 32-bit

CDS archive(s) not mapped
Compressed class space mapped at: 0x0000000100000000-0x0000000140000000, reserved size: 1073741824
Narrow klass base: 0x0000000000000000, Narrow klass shift: 3, Narrow klass range: 0x140000000

GC Precious Log:
 CardTable entry size: 512
 Card Set container configuration: InlinePtr #cards 5 size 8 Array Of Cards #cards 12 size 40 Howl #buckets 4 coarsen threshold 1843 Howl Bitmap #cards 512 size 80 coarsen threshold 460 Card regions per heap region 1 cards per card region 2048
 CPUs: 4 total, 4 available
 Memory: 8082M
 Large Page Support: Disabled
 NUMA Support: Disabled
 Compressed Oops: Enabled (32-bit)
 Heap Region Size: 1M
 Heap Min Capacity: 8M
 Heap Initial Capacity: 128M
 Heap Max Capacity: 2G
 Pre-touch: Disabled
 Parallel Workers: 4
 Concurrent Workers: 1
 Concurrent Refinement Workers: 4
 Periodic GC: Disabled

Heap:
 garbage-first heap   total 172032K, used 149012K [0x0000000080000000, 0x0000000100000000)
  region size 1024K, 69 young (70656K), 6 survivors (6144K)
 Metaspace       used 84593K, committed 86464K, reserved 1179648K
  class space    used 12284K, committed 13184K, reserved 1048576K

Heap Regions: E=young(eden), S=young(survivor), O=old, HS=humongous(starts), HC=humongous(continues), CS=collection set, F=free, TAMS=top-at-mark-start, PB=parsable bottom
|   0|0x0000000080000000, 0x0000000080100000, 0x0000000080100000|100%|HS|  |TAMS 0x0000000080000000| PB 0x0000000080000000| Complete 
|   1|0x0000000080100000, 0x0000000080200000, 0x0000000080200000|100%|HC|  |TAMS 0x0000000080100000| PB 0x0000000080100000| Complete 
|   2|0x0000000080200000, 0x0000000080300000, 0x0000000080300000|100%|HC|  |TAMS 0x0000000080200000| PB 0x0000000080200000| Complete 
|   3|0x0000000080300000, 0x0000000080400000, 0x0000000080400000|100%|HC|  |TAMS 0x0000000080300000| PB 0x0000000080300000| Complete 
|   4|0x0000000080400000, 0x0000000080500000, 0x0000000080500000|100%|HS|  |TAMS 0x0000000080400000| PB 0x0000000080400000| Complete 
|   5|0x0000000080500000, 0x0000000080600000, 0x0000000080600000|100%| O|  |TAMS 0x0000000080500000| PB 0x0000000080500000| Untracked 
|   6|0x0000000080600000, 0x0000000080700000, 0x0000000080700000|100%| O|  |TAMS 0x0000000080600000| PB 0x0000000080600000| Untracked 
|   7|0x0000000080700000, 0x0000000080800000, 0x0000000080800000|100%| O|  |TAMS 0x0000000080700000| PB 0x0000000080700000| Untracked 
|   8|0x0000000080800000, 0x0000000080900000, 0x0000000080900000|100%| O|  |TAMS 0x0000000080800000| PB 0x0000000080800000| Untracked 
|   9|0x0000000080900000, 0x0000000080a00000, 0x0000000080a00000|100%| O|  |TAMS 0x0000000080900000| PB 0x0000000080900000| Untracked 
|  10|0x0000000080a00000, 0x0000000080b00000, 0x0000000080b00000|100%| O|  |TAMS 0x0000000080a00000| PB 0x0000000080a00000| Untracked 
|  11|0x0000000080b00000, 0x0000000080c00000, 0x0000000080c00000|100%| O|  |TAMS 0x0000000080b00000| PB 0x0000000080b00000| Untracked 
|  12|0x0000000080c00000, 0x0000000080d00000, 0x0000000080d00000|100%| O|  |TAMS 0x0000000080c00000| PB 0x0000000080c00000| Untracked 
|  13|0x0000000080d00000, 0x0000000080e00000, 0x0000000080e00000|100%| O|  |TAMS 0x0000000080d00000| PB 0x0000000080d00000| Untracked 
|  14|0x0000000080e00000, 0x0000000080f00000, 0x0000000080f00000|100%| O|  |TAMS 0x0000000080e00000| PB 0x0000000080e00000| Untracked 
|  15|0x0000000080f00000, 0x0000000081000000, 0x0000000081000000|100%| O|  |TAMS 0x0000000080f00000| PB 0x0000000080f00000| Untracked 
|  16|0x0000000081000000, 0x0000000081100000, 0x0000000081100000|100%| O|  |TAMS 0x0000000081000000| PB 0x0000000081000000| Untracked 
|  17|0x0000000081100000, 0x0000000081200000, 0x0000000081200000|100%| O|  |TAMS 0x0000000081100000| PB 0x0000000081100000| Untracked 
|  18|0x0000000081200000, 0x0000000081300000, 0x0000000081300000|100%|HS|  |TAMS 0x0000000081200000| PB 0x0000000081200000| Complete 
|  19|0x0000000081300000, 0x0000000081400000, 0x0000000081400000|100%|HC|  |TAMS 0x0000000081300000| PB 0x0000000081300000| Complete 
|  20|0x0000000081400000, 0x0000000081500000, 0x0000000081500000|100%|HC|  |TAMS 0x0000000081400000| PB 0x0000000081400000| Complete 
|  21|0x0000000081500000, 0x0000000081600000, 0x0000000081600000|100%|HC|  |TAMS 0x0000000081500000| PB 0x0000000081500000| Complete 
|  22|0x0000000081600000, 0x0000000081700000, 0x0000000081700000|100%|HC|  |TAMS 0x0000000081600000| PB 0x0000000081600000| Complete 
|  23|0x0000000081700000, 0x0000000081800000, 0x0000000081800000|100%|HC|  |TAMS 0x0000000081700000| PB 0x0000000081700000| Complete 
|  24|0x0000000081800000, 0x0000000081900000, 0x0000000081900000|100%|HS|  |TAMS 0x0000000081800000| PB 0x0000000081800000| Complete 
|  25|0x0000000081900000, 0x0000000081a00000, 0x0000000081a00000|100%|HC|  |TAMS 0x0000000081900000| PB 0x0000000081900000| Complete 
|  26|0x0000000081a00000, 0x0000000081b00000, 0x0000000081b00000|100%|HS|  |TAMS 0x0000000081a00000| PB 0x0000000081a00000| Complete 
|  27|0x0000000081b00000, 0x0000000081c00000, 0x0000000081c00000|100%|HS|  |TAMS 0x0000000081b00000| PB 0x0000000081b00000| Complete 
|  28|0x0000000081c00000, 0x0000000081d00000, 0x0000000081d00000|100%|HC|  |TAMS 0x0000000081c00000| PB 0x0000000081c00000| Complete 
|  29|0x0000000081d00000, 0x0000000081e00000, 0x0000000081e00000|100%|HC|  |TAMS 0x0000000081d00000| PB 0x0000000081d00000| Complete 
|  30|0x0000000081e00000, 0x0000000081f00000, 0x0000000081f00000|100%|HC|  |TAMS 0x0000000081e00000| PB 0x0000000081e00000| Complete 
|  31|0x0000000081f00000, 0x0000000082000000, 0x0000000082000000|100%|HC|  |TAMS 0x0000000081f00000| PB 0x0000000081f00000| Complete 
|  32|0x0000000082000000, 0x0000000082100000, 0x0000000082100000|100%|HC|  |TAMS 0x0000000082000000| PB 0x0000000082000000| Complete 
|  33|0x0000000082100000, 0x0000000082200000, 0x0000000082200000|100%|HS|  |TAMS 0x0000000082100000| PB 0x0000000082100000| Complete 
|  34|0x0000000082200000, 0x0000000082300000, 0x0000000082300000|100%|HC|  |TAMS 0x0000000082200000| PB 0x0000000082200000| Complete 
|  35|0x0000000082300000, 0x0000000082400000, 0x0000000082400000|100%| O|  |TAMS 0x0000000082300000| PB 0x0000000082300000| Untracked 
|  36|0x0000000082400000, 0x0000000082500000, 0x0000000082500000|100%| O|  |TAMS 0x0000000082400000| PB 0x0000000082400000| Untracked 
|  37|0x0000000082500000, 0x0000000082600000, 0x0000000082600000|100%| O|  |TAMS 0x0000000082500000| PB 0x0000000082500000| Untracked 
|  38|0x0000000082600000, 0x0000000082700000, 0x0000000082700000|100%| O|  |TAMS 0x0000000082600000| PB 0x0000000082600000| Untracked 
|  39|0x0000000082700000, 0x0000000082800000, 0x0000000082800000|100%| O|  |TAMS 0x0000000082700000| PB 0x0000000082700000| Untracked 
|  40|0x0000000082800000, 0x0000000082900000, 0x0000000082900000|100%| O|  |TAMS 0x0000000082800000| PB 0x0000000082800000| Untracked 
|  41|0x0000000082900000, 0x0000000082a00000, 0x0000000082a00000|100%| O|  |TAMS 0x0000000082900000| PB 0x0000000082900000| Untracked 
|  42|0x0000000082a00000, 0x0000000082b00000, 0x0000000082b00000|100%| O|  |TAMS 0x0000000082a00000| PB 0x0000000082a00000| Untracked 
|  43|0x0000000082b00000, 0x0000000082c00000, 0x0000000082c00000|100%| O|  |TAMS 0x0000000082b00000| PB 0x0000000082b00000| Untracked 
|  44|0x0000000082c00000, 0x0000000082d00000, 0x0000000082d00000|100%| O|  |TAMS 0x0000000082c00000| PB 0x0000000082c00000| Untracked 
|  45|0x0000000082d00000, 0x0000000082e00000, 0x0000000082e00000|100%| O|  |TAMS 0x0000000082d00000| PB 0x0000000082d00000| Untracked 
|  46|0x0000000082e00000, 0x0000000082f00000, 0x0000000082f00000|100%| O|  |TAMS 0x0000000082e00000| PB 0x0000000082e00000| Untracked 
|  47|0x0000000082f00000, 0x0000000083000000, 0x0000000083000000|100%| O|  |TAMS 0x0000000082f00000| PB 0x0000000082f00000| Untracked 
|  48|0x0000000083000000, 0x0000000083100000, 0x0000000083100000|100%|HS|  |TAMS 0x0000000083000000| PB 0x0000000083000000| Complete 
|  49|0x0000000083100000, 0x0000000083200000, 0x0000000083200000|100%|HC|  |TAMS 0x0000000083100000| PB 0x0000000083100000| Complete 
|  50|0x0000000083200000, 0x0000000083300000, 0x0000000083300000|100%| O|  |TAMS 0x0000000083200000| PB 0x0000000083200000| Untracked 
|  51|0x0000000083300000, 0x0000000083400000, 0x0000000083400000|100%| O|  |TAMS 0x0000000083300000| PB 0x0000000083300000| Untracked 
|  52|0x0000000083400000, 0x0000000083500000, 0x0000000083500000|100%| O|  |TAMS 0x0000000083400000| PB 0x0000000083400000| Untracked 
|  53|0x0000000083500000, 0x0000000083600000, 0x0000000083600000|100%| O|  |TAMS 0x0000000083500000| PB 0x0000000083500000| Untracked 
|  54|0x0000000083600000, 0x0000000083700000, 0x0000000083700000|100%| O|  |TAMS 0x0000000083600000| PB 0x0000000083600000| Untracked 
|  55|0x0000000083700000, 0x0000000083800000, 0x0000000083800000|100%| O|  |TAMS 0x0000000083700000| PB 0x0000000083700000| Untracked 
|  56|0x0000000083800000, 0x0000000083900000, 0x0000000083900000|100%| O|  |TAMS 0x0000000083800000| PB 0x0000000083800000| Untracked 
|  57|0x0000000083900000, 0x0000000083a00000, 0x0000000083a00000|100%| O|  |TAMS 0x0000000083900000| PB 0x0000000083900000| Untracked 
|  58|0x0000000083a00000, 0x0000000083b00000, 0x0000000083b00000|100%| O|  |TAMS 0x0000000083a00000| PB 0x0000000083a00000| Untracked 
|  59|0x0000000083b00000, 0x0000000083c00000, 0x0000000083c00000|100%| O|  |TAMS 0x0000000083b00000| PB 0x0000000083b00000| Untracked 
|  60|0x0000000083c00000, 0x0000000083d00000, 0x0000000083d00000|100%| O|  |TAMS 0x0000000083c00000| PB 0x0000000083c00000| Untracked 
|  61|0x0000000083d00000, 0x0000000083e00000, 0x0000000083e00000|100%| O|  |TAMS 0x0000000083d00000| PB 0x0000000083d00000| Untracked 
|  62|0x0000000083e00000, 0x0000000083f00000, 0x0000000083f00000|100%| O|Cm|TAMS 0x0000000083e00000| PB 0x0000000083e00000| Complete 
|  63|0x0000000083f00000, 0x0000000084000000, 0x0000000084000000|100%| O|Cm|TAMS 0x0000000083f00000| PB 0x0000000083f00000| Complete 
|  64|0x0000000084000000, 0x0000000084100000, 0x0000000084100000|100%| O|  |TAMS 0x0000000084000000| PB 0x0000000084000000| Untracked 
|  65|0x0000000084100000, 0x0000000084200000, 0x0000000084200000|100%| O|  |TAMS 0x0000000084100000| PB 0x0000000084100000| Untracked 
|  66|0x0000000084200000, 0x0000000084200000, 0x0000000084300000|  0%| F|  |TAMS 0x0000000084200000| PB 0x0000000084200000| Untracked 
|  67|0x0000000084300000, 0x0000000084400000, 0x0000000084400000|100%| O|  |TAMS 0x0000000084300000| PB 0x0000000084300000| Untracked 
|  68|0x0000000084400000, 0x0000000084500000, 0x0000000084500000|100%|HS|  |TAMS 0x0000000084400000| PB 0x0000000084400000| Complete 
|  69|0x0000000084500000, 0x0000000084600000, 0x0000000084600000|100%| O|  |TAMS 0x0000000084500000| PB 0x0000000084500000| Untracked 
|  70|0x0000000084600000, 0x0000000084600000, 0x0000000084700000|  0%| F|  |TAMS 0x0000000084600000| PB 0x0000000084600000| Untracked 
|  71|0x0000000084700000, 0x0000000084800000, 0x0000000084800000|100%| O|  |TAMS 0x0000000084700000| PB 0x0000000084700000| Untracked 
|  72|0x0000000084800000, 0x0000000084900000, 0x0000000084900000|100%| O|  |TAMS 0x0000000084800000| PB 0x0000000084800000| Untracked 
|  73|0x0000000084900000, 0x0000000084922c80, 0x0000000084a00000| 13%| O|  |TAMS 0x0000000084900000| PB 0x0000000084900000| Untracked 
|  74|0x0000000084a00000, 0x0000000084a00000, 0x0000000084b00000|  0%| F|  |TAMS 0x0000000084a00000| PB 0x0000000084a00000| Untracked 
|  75|0x0000000084b00000, 0x0000000084b00000, 0x0000000084c00000|  0%| F|  |TAMS 0x0000000084b00000| PB 0x0000000084b00000| Untracked 
|  76|0x0000000084c00000, 0x0000000084c62740, 0x0000000084d00000| 38%| S|CS|TAMS 0x0000000084c00000| PB 0x0000000084c00000| Complete 
|  77|0x0000000084d00000, 0x0000000084e00000, 0x0000000084e00000|100%| S|CS|TAMS 0x0000000084d00000| PB 0x0000000084d00000| Complete 
|  78|0x0000000084e00000, 0x0000000084f00000, 0x0000000084f00000|100%| S|CS|TAMS 0x0000000084e00000| PB 0x0000000084e00000| Complete 
|  79|0x0000000084f00000, 0x0000000084f00000, 0x0000000085000000|  0%| F|  |TAMS 0x0000000084f00000| PB 0x0000000084f00000| Untracked 
|  80|0x0000000085000000, 0x0000000085000000, 0x0000000085100000|  0%| F|  |TAMS 0x0000000085000000| PB 0x0000000085000000| Untracked 
|  81|0x0000000085100000, 0x0000000085100000, 0x0000000085200000|  0%| F|  |TAMS 0x0000000085100000| PB 0x0000000085100000| Untracked 
|  82|0x0000000085200000, 0x0000000085200000, 0x0000000085300000|  0%| F|  |TAMS 0x0000000085200000| PB 0x0000000085200000| Untracked 
|  83|0x0000000085300000, 0x0000000085400000, 0x0000000085400000|100%| S|CS|TAMS 0x0000000085300000| PB 0x0000000085300000| Complete 
|  84|0x0000000085400000, 0x0000000085500000, 0x0000000085500000|100%| S|CS|TAMS 0x0000000085400000| PB 0x0000000085400000| Complete 
|  85|0x0000000085500000, 0x0000000085600000, 0x0000000085600000|100%| S|CS|TAMS 0x0000000085500000| PB 0x0000000085500000| Complete 
|  86|0x0000000085600000, 0x0000000085600000, 0x0000000085700000|  0%| F|  |TAMS 0x0000000085600000| PB 0x0000000085600000| Untracked 
|  87|0x0000000085700000, 0x0000000085700000, 0x0000000085800000|  0%| F|  |TAMS 0x0000000085700000| PB 0x0000000085700000| Untracked 
|  88|0x0000000085800000, 0x0000000085800000, 0x0000000085900000|  0%| F|  |TAMS 0x0000000085800000| PB 0x0000000085800000| Untracked 
|  89|0x0000000085900000, 0x0000000085900000, 0x0000000085a00000|  0%| F|  |TAMS 0x0000000085900000| PB 0x0000000085900000| Untracked 
|  90|0x0000000085a00000, 0x0000000085a00000, 0x0000000085b00000|  0%| F|  |TAMS 0x0000000085a00000| PB 0x0000000085a00000| Untracked 
|  91|0x0000000085b00000, 0x0000000085b00000, 0x0000000085c00000|  0%| F|  |TAMS 0x0000000085b00000| PB 0x0000000085b00000| Untracked 
|  92|0x0000000085c00000, 0x0000000085c00000, 0x0000000085d00000|  0%| F|  |TAMS 0x0000000085c00000| PB 0x0000000085c00000| Untracked 
|  93|0x0000000085d00000, 0x0000000085d00000, 0x0000000085e00000|  0%| F|  |TAMS 0x0000000085d00000| PB 0x0000000085d00000| Untracked 
|  94|0x0000000085e00000, 0x0000000085e00000, 0x0000000085f00000|  0%| F|  |TAMS 0x0000000085e00000| PB 0x0000000085e00000| Untracked 
|  95|0x0000000085f00000, 0x0000000085f00000, 0x0000000086000000|  0%| F|  |TAMS 0x0000000085f00000| PB 0x0000000085f00000| Untracked 
|  96|0x0000000086000000, 0x0000000086000000, 0x0000000086100000|  0%| F|  |TAMS 0x0000000086000000| PB 0x0000000086000000| Untracked 
|  97|0x0000000086100000, 0x0000000086200000, 0x0000000086200000|100%| E|  |TAMS 0x0000000086100000| PB 0x0000000086100000| Complete 
|  98|0x0000000086200000, 0x0000000086300000, 0x0000000086300000|100%| E|CS|TAMS 0x0000000086200000| PB 0x0000000086200000| Complete 
|  99|0x0000000086300000, 0x0000000086400000, 0x0000000086400000|100%| E|CS|TAMS 0x0000000086300000| PB 0x0000000086300000| Complete 
| 100|0x0000000086400000, 0x0000000086500000, 0x0000000086500000|100%| E|CS|TAMS 0x0000000086400000| PB 0x0000000086400000| Complete 
| 101|0x0000000086500000, 0x0000000086600000, 0x0000000086600000|100%| E|CS|TAMS 0x0000000086500000| PB 0x0000000086500000| Complete 
| 102|0x0000000086600000, 0x0000000086700000, 0x0000000086700000|100%| E|CS|TAMS 0x0000000086600000| PB 0x0000000086600000| Complete 
| 103|0x0000000086700000, 0x0000000086800000, 0x0000000086800000|100%| E|CS|TAMS 0x0000000086700000| PB 0x0000000086700000| Complete 
| 104|0x0000000086800000, 0x0000000086900000, 0x0000000086900000|100%| E|CS|TAMS 0x0000000086800000| PB 0x0000000086800000| Complete 
| 105|0x0000000086900000, 0x0000000086a00000, 0x0000000086a00000|100%| E|CS|TAMS 0x0000000086900000| PB 0x0000000086900000| Complete 
| 106|0x0000000086a00000, 0x0000000086b00000, 0x0000000086b00000|100%| E|CS|TAMS 0x0000000086a00000| PB 0x0000000086a00000| Complete 
| 107|0x0000000086b00000, 0x0000000086c00000, 0x0000000086c00000|100%| E|CS|TAMS 0x0000000086b00000| PB 0x0000000086b00000| Complete 
| 108|0x0000000086c00000, 0x0000000086d00000, 0x0000000086d00000|100%| E|CS|TAMS 0x0000000086c00000| PB 0x0000000086c00000| Complete 
| 109|0x0000000086d00000, 0x0000000086e00000, 0x0000000086e00000|100%| E|CS|TAMS 0x0000000086d00000| PB 0x0000000086d00000| Complete 
| 110|0x0000000086e00000, 0x0000000086f00000, 0x0000000086f00000|100%| E|CS|TAMS 0x0000000086e00000| PB 0x0000000086e00000| Complete 
| 111|0x0000000086f00000, 0x0000000087000000, 0x0000000087000000|100%| E|CS|TAMS 0x0000000086f00000| PB 0x0000000086f00000| Complete 
| 112|0x0000000087000000, 0x0000000087100000, 0x0000000087100000|100%| E|CS|TAMS 0x0000000087000000| PB 0x0000000087000000| Complete 
| 113|0x0000000087100000, 0x0000000087200000, 0x0000000087200000|100%| E|CS|TAMS 0x0000000087100000| PB 0x0000000087100000| Complete 
| 114|0x0000000087200000, 0x0000000087300000, 0x0000000087300000|100%| E|CS|TAMS 0x0000000087200000| PB 0x0000000087200000| Complete 
| 115|0x0000000087300000, 0x0000000087400000, 0x0000000087400000|100%| E|CS|TAMS 0x0000000087300000| PB 0x0000000087300000| Complete 
| 116|0x0000000087400000, 0x0000000087500000, 0x0000000087500000|100%| E|CS|TAMS 0x0000000087400000| PB 0x0000000087400000| Complete 
| 117|0x0000000087500000, 0x0000000087600000, 0x0000000087600000|100%| E|CS|TAMS 0x0000000087500000| PB 0x0000000087500000| Complete 
| 118|0x0000000087600000, 0x0000000087700000, 0x0000000087700000|100%| E|CS|TAMS 0x0000000087600000| PB 0x0000000087600000| Complete 
| 119|0x0000000087700000, 0x0000000087800000, 0x0000000087800000|100%| E|CS|TAMS 0x0000000087700000| PB 0x0000000087700000| Complete 
| 120|0x0000000087800000, 0x0000000087900000, 0x0000000087900000|100%| E|CS|TAMS 0x0000000087800000| PB 0x0000000087800000| Complete 
| 121|0x0000000087900000, 0x0000000087a00000, 0x0000000087a00000|100%| E|CS|TAMS 0x0000000087900000| PB 0x0000000087900000| Complete 
| 122|0x0000000087a00000, 0x0000000087b00000, 0x0000000087b00000|100%| E|CS|TAMS 0x0000000087a00000| PB 0x0000000087a00000| Complete 
| 123|0x0000000087b00000, 0x0000000087c00000, 0x0000000087c00000|100%| E|CS|TAMS 0x0000000087b00000| PB 0x0000000087b00000| Complete 
| 124|0x0000000087c00000, 0x0000000087d00000, 0x0000000087d00000|100%| E|CS|TAMS 0x0000000087c00000| PB 0x0000000087c00000| Complete 
| 125|0x0000000087d00000, 0x0000000087e00000, 0x0000000087e00000|100%| E|CS|TAMS 0x0000000087d00000| PB 0x0000000087d00000| Complete 
| 126|0x0000000087e00000, 0x0000000087f00000, 0x0000000087f00000|100%| E|CS|TAMS 0x0000000087e00000| PB 0x0000000087e00000| Complete 
| 127|0x0000000087f00000, 0x0000000088000000, 0x0000000088000000|100%| E|CS|TAMS 0x0000000087f00000| PB 0x0000000087f00000| Complete 
| 128|0x0000000088000000, 0x0000000088100000, 0x0000000088100000|100%| E|CS|TAMS 0x0000000088000000| PB 0x0000000088000000| Complete 
| 129|0x0000000088100000, 0x0000000088200000, 0x0000000088200000|100%| E|CS|TAMS 0x0000000088100000| PB 0x0000000088100000| Complete 
| 130|0x0000000088200000, 0x0000000088300000, 0x0000000088300000|100%| E|CS|TAMS 0x0000000088200000| PB 0x0000000088200000| Complete 
| 131|0x0000000088300000, 0x0000000088400000, 0x0000000088400000|100%| E|CS|TAMS 0x0000000088300000| PB 0x0000000088300000| Complete 
| 132|0x0000000088400000, 0x0000000088500000, 0x0000000088500000|100%| E|CS|TAMS 0x0000000088400000| PB 0x0000000088400000| Complete 
| 133|0x0000000088500000, 0x0000000088600000, 0x0000000088600000|100%| E|CS|TAMS 0x0000000088500000| PB 0x0000000088500000| Complete 
| 134|0x0000000088600000, 0x0000000088700000, 0x0000000088700000|100%| E|CS|TAMS 0x0000000088600000| PB 0x0000000088600000| Complete 
| 135|0x0000000088700000, 0x0000000088800000, 0x0000000088800000|100%| E|CS|TAMS 0x0000000088700000| PB 0x0000000088700000| Complete 
| 136|0x0000000088800000, 0x0000000088900000, 0x0000000088900000|100%| E|CS|TAMS 0x0000000088800000| PB 0x0000000088800000| Complete 
| 137|0x0000000088900000, 0x0000000088a00000, 0x0000000088a00000|100%| E|CS|TAMS 0x0000000088900000| PB 0x0000000088900000| Complete 
| 138|0x0000000088a00000, 0x0000000088b00000, 0x0000000088b00000|100%| E|CS|TAMS 0x0000000088a00000| PB 0x0000000088a00000| Complete 
| 139|0x0000000088b00000, 0x0000000088c00000, 0x0000000088c00000|100%| E|CS|TAMS 0x0000000088b00000| PB 0x0000000088b00000| Complete 
| 140|0x0000000088c00000, 0x0000000088d00000, 0x0000000088d00000|100%| E|CS|TAMS 0x0000000088c00000| PB 0x0000000088c00000| Complete 
| 141|0x0000000088d00000, 0x0000000088e00000, 0x0000000088e00000|100%| E|CS|TAMS 0x0000000088d00000| PB 0x0000000088d00000| Complete 
| 142|0x0000000088e00000, 0x0000000088f00000, 0x0000000088f00000|100%| E|CS|TAMS 0x0000000088e00000| PB 0x0000000088e00000| Complete 
| 143|0x0000000088f00000, 0x0000000089000000, 0x0000000089000000|100%| E|CS|TAMS 0x0000000088f00000| PB 0x0000000088f00000| Complete 
| 144|0x0000000089000000, 0x0000000089100000, 0x0000000089100000|100%| E|CS|TAMS 0x0000000089000000| PB 0x0000000089000000| Complete 
| 145|0x0000000089100000, 0x0000000089200000, 0x0000000089200000|100%| E|CS|TAMS 0x0000000089100000| PB 0x0000000089100000| Complete 
| 146|0x0000000089200000, 0x0000000089300000, 0x0000000089300000|100%| E|CS|TAMS 0x0000000089200000| PB 0x0000000089200000| Complete 
| 147|0x0000000089300000, 0x0000000089400000, 0x0000000089400000|100%| E|CS|TAMS 0x0000000089300000| PB 0x0000000089300000| Complete 
| 148|0x0000000089400000, 0x0000000089500000, 0x0000000089500000|100%| E|CS|TAMS 0x0000000089400000| PB 0x0000000089400000| Complete 
| 149|0x0000000089500000, 0x0000000089600000, 0x0000000089600000|100%| E|CS|TAMS 0x0000000089500000| PB 0x0000000089500000| Complete 
| 150|0x0000000089600000, 0x0000000089700000, 0x0000000089700000|100%| E|CS|TAMS 0x0000000089600000| PB 0x0000000089600000| Complete 
| 151|0x0000000089700000, 0x0000000089800000, 0x0000000089800000|100%| E|CS|TAMS 0x0000000089700000| PB 0x0000000089700000| Complete 
| 152|0x0000000089800000, 0x0000000089900000, 0x0000000089900000|100%| E|CS|TAMS 0x0000000089800000| PB 0x0000000089800000| Complete 
| 153|0x0000000089900000, 0x0000000089a00000, 0x0000000089a00000|100%| E|CS|TAMS 0x0000000089900000| PB 0x0000000089900000| Complete 
| 154|0x0000000089a00000, 0x0000000089b00000, 0x0000000089b00000|100%| E|CS|TAMS 0x0000000089a00000| PB 0x0000000089a00000| Complete 
| 155|0x0000000089b00000, 0x0000000089c00000, 0x0000000089c00000|100%| E|CS|TAMS 0x0000000089b00000| PB 0x0000000089b00000| Complete 
| 156|0x0000000089c00000, 0x0000000089d00000, 0x0000000089d00000|100%| E|CS|TAMS 0x0000000089c00000| PB 0x0000000089c00000| Complete 
| 157|0x0000000089d00000, 0x0000000089e00000, 0x0000000089e00000|100%| E|  |TAMS 0x0000000089d00000| PB 0x0000000089d00000| Complete 
|2038|0x00000000ff600000, 0x00000000ff700000, 0x00000000ff700000|100%| E|CS|TAMS 0x00000000ff600000| PB 0x00000000ff600000| Complete 
|2039|0x00000000ff700000, 0x00000000ff800000, 0x00000000ff800000|100%| O|  |TAMS 0x00000000ff700000| PB 0x00000000ff700000| Untracked 
|2040|0x00000000ff800000, 0x00000000ff900000, 0x00000000ff900000|100%| O|  |TAMS 0x00000000ff800000| PB 0x00000000ff800000| Untracked 
|2041|0x00000000ff900000, 0x00000000ffa00000, 0x00000000ffa00000|100%| O|  |TAMS 0x00000000ff900000| PB 0x00000000ff900000| Untracked 
|2042|0x00000000ffa00000, 0x00000000ffb00000, 0x00000000ffb00000|100%| E|CS|TAMS 0x00000000ffa00000| PB 0x00000000ffa00000| Complete 
|2043|0x00000000ffb00000, 0x00000000ffc00000, 0x00000000ffc00000|100%| O|  |TAMS 0x00000000ffb00000| PB 0x00000000ffb00000| Untracked 
|2044|0x00000000ffc00000, 0x00000000ffd00000, 0x00000000ffd00000|100%| O|  |TAMS 0x00000000ffc00000| PB 0x00000000ffc00000| Untracked 
|2045|0x00000000ffd00000, 0x00000000ffe00000, 0x00000000ffe00000|100%| O|  |TAMS 0x00000000ffd00000| PB 0x00000000ffd00000| Untracked 
|2046|0x00000000ffe00000, 0x00000000fff00000, 0x00000000fff00000|100%| O|  |TAMS 0x00000000ffe00000| PB 0x00000000ffe00000| Untracked 
|2047|0x00000000fff00000, 0x0000000100000000, 0x0000000100000000|100%| O|  |TAMS 0x00000000fff00000| PB 0x00000000fff00000| Untracked 

Card table byte_map: [0x00000000151c0000,0x00000000155c0000] _byte_map_base: 0x0000000014dc0000

Marking Bits: (CMBitMap*) 0x0000000002cb5520
 Bits: [0x00000000155c0000, 0x00000000175c0000)

Polling page: 0x00000000009c0000

Metaspace:

Usage:
  Non-class:     70.61 MB used.
      Class:     12.00 MB used.
       Both:     82.61 MB used.

Virtual space:
  Non-class space:      128.00 MB reserved,      71.56 MB ( 56%) committed,  2 nodes.
      Class space:        1.00 GB reserved,      12.88 MB (  1%) committed,  1 nodes.
             Both:        1.12 GB reserved,      84.44 MB (  7%) committed. 

Chunk freelists:
   Non-Class:  7.86 MB
       Class:  3.08 MB
        Both:  10.94 MB

MaxMetaspaceSize: unlimited
CompressedClassSpaceSize: 1.00 GB
Initial GC threshold: 21.00 MB
Current GC threshold: 123.44 MB
CDS: off
 - commit_granule_bytes: 65536.
 - commit_granule_words: 8192.
 - virtual_space_node_default_size: 8388608.
 - enlarge_chunks_in_place: 1.
 - use_allocation_guard: 0.


Internal statistics:

num_allocs_failed_limit: 9.
num_arena_births: 3710.
num_arena_deaths: 0.
num_vsnodes_births: 3.
num_vsnodes_deaths: 0.
num_space_committed: 1351.
num_space_uncommitted: 0.
num_chunks_returned_to_freelist: 9.
num_chunks_taken_from_freelist: 7294.
num_chunk_merges: 3.
num_chunk_splits: 4789.
num_chunks_enlarged: 3000.
num_inconsistent_stats: 0.

CodeHeap 'non-profiled nmethods': size=120000Kb used=4655Kb max_used=4655Kb free=115344Kb
 bounds [0x000000000d890000, 0x000000000dd20000, 0x0000000014dc0000]
CodeHeap 'profiled nmethods': size=120000Kb used=14795Kb max_used=15026Kb free=105204Kb
 bounds [0x0000000005dc0000, 0x0000000006c80000, 0x000000000d2f0000]
CodeHeap 'non-nmethods': size=5760Kb used=1932Kb max_used=1969Kb free=3828Kb
 bounds [0x000000000d2f0000, 0x000000000d560000, 0x000000000d890000]
CodeCache: size=245760Kb, used=21382Kb, max_used=21650Kb, free=224376Kb
 total_blobs=8804, nmethods=7981, adapters=726, full_count=0
Compilation: enabled, stopped_count=0, restarted_count=0

Compilation events (20 events):
Event: 140.566 Thread 0x000000001a29fce0 9523       1       java.lang.StackTraceElement::getClassName (5 bytes)
Event: 140.566 Thread 0x000000001a29fce0 nmethod 9523 0x000000000dd1b510 code [0x000000000dd1b6a0, 0x000000000dd1b768]
Event: 140.567 Thread 0x000000001a29fce0 9524       3       java.lang.StackTraceElement::<init> (10 bytes)
Event: 140.567 Thread 0x000000001a29fce0 nmethod 9524 0x000000000658fc90 code [0x000000000658fe40, 0x000000000658ffa8]
Event: 140.568 Thread 0x000000001a29fce0 9525  s!   3       java.lang.StackTraceElement::computeFormat (71 bytes)
Event: 140.569 Thread 0x000000001a29fce0 nmethod 9525 0x00000000060c3790 code [0x00000000060c39a0, 0x00000000060c41a8]
Event: 140.569 Thread 0x000000001a29fce0 9526       3       java.lang.StackTraceElement::isHashedInJavaBase (31 bytes)
Event: 140.570 Thread 0x000000001a29fce0 nmethod 9526 0x000000000613f090 code [0x000000000613f280, 0x000000000613f710]
Event: 140.570 Thread 0x000000001a29fce0 9528       3       org.gradle.internal.problems.failure.CompositeStackTraceClassifier::classify (51 bytes)
Event: 140.570 Thread 0x000000001a29fce0 nmethod 9528 0x00000000066b3110 code [0x00000000066b3320, 0x00000000066b3938]
Event: 140.570 Thread 0x000000001a29fce0 9527       3       java.lang.Module::getLayer (43 bytes)
Event: 140.571 Thread 0x000000001a29fce0 nmethod 9527 0x000000000626da10 code [0x000000000626dbe0, 0x000000000626df78]
Event: 140.571 Thread 0x000000001a29fce0 9529       3       org.gradle.internal.problems.failure.InternalStackTraceClassifier::classify (18 bytes)
Event: 140.571 Thread 0x000000001a29b910 9532       4       com.google.common.collect.ImmutableList::construct (8 bytes)
Event: 140.571 Thread 0x000000001a29fce0 nmethod 9529 0x0000000006696210 code [0x00000000066963c0, 0x0000000006696598]
Event: 140.571 Thread 0x000000001a29fce0 9530       3       org.gradle.internal.problems.failure.InternalStackTraceClassifier::isInternal (67 bytes)
Event: 140.571 Thread 0x000000001a29fce0 nmethod 9530 0x0000000006766690 code [0x0000000006766900, 0x0000000006767160]
Event: 140.571 Thread 0x000000001a29fce0 9531       3       org.gradle.internal.problems.failure.InternalStackTraceClassifier::isGradleCall (24 bytes)
Event: 140.572 Thread 0x000000001a29fce0 nmethod 9531 0x00000000066de610 code [0x00000000066de7e0, 0x00000000066deaa8]
Event: 140.576 Thread 0x000000001a29b910 nmethod 9532 0x000000000dd1b810 code [0x000000000dd1b9c0, 0x000000000dd1bc28]

GC Heap History (20 events):
Event: 129.783 GC heap before
{Heap before GC invocations=30 (full 0):
 garbage-first heap   total 138240K, used 115920K [0x0000000080000000, 0x0000000100000000)
  region size 1024K, 37 young (37888K), 3 survivors (3072K)
 Metaspace       used 73817K, committed 75712K, reserved 1114112K
  class space    used 10475K, committed 11392K, reserved 1048576K
}
Event: 129.790 GC heap after
{Heap after GC invocations=31 (full 0):
 garbage-first heap   total 138240K, used 83070K [0x0000000080000000, 0x0000000100000000)
  region size 1024K, 4 young (4096K), 4 survivors (4096K)
 Metaspace       used 73817K, committed 75712K, reserved 1114112K
  class space    used 10475K, committed 11392K, reserved 1048576K
}
Event: 131.504 GC heap before
{Heap before GC invocations=31 (full 0):
 garbage-first heap   total 138240K, used 127102K [0x0000000080000000, 0x0000000100000000)
  region size 1024K, 47 young (48128K), 4 survivors (4096K)
 Metaspace       used 73848K, committed 75776K, reserved 1114112K
  class space    used 10475K, committed 11392K, reserved 1048576K
}
Event: 131.518 GC heap after
{Heap after GC invocations=32 (full 0):
 garbage-first heap   total 138240K, used 84001K [0x0000000080000000, 0x0000000100000000)
  region size 1024K, 5 young (5120K), 5 survivors (5120K)
 Metaspace       used 73848K, committed 75776K, reserved 1114112K
  class space    used 10475K, committed 11392K, reserved 1048576K
}
Event: 132.190 GC heap before
{Heap before GC invocations=32 (full 0):
 garbage-first heap   total 138240K, used 125985K [0x0000000080000000, 0x0000000100000000)
  region size 1024K, 47 young (48128K), 5 survivors (5120K)
 Metaspace       used 73886K, committed 75776K, reserved 1114112K
  class space    used 10475K, committed 11392K, reserved 1048576K
}
Event: 132.205 GC heap after
{Heap after GC invocations=33 (full 0):
 garbage-first heap   total 138240K, used 84973K [0x0000000080000000, 0x0000000100000000)
  region size 1024K, 2 young (2048K), 2 survivors (2048K)
 Metaspace       used 73886K, committed 75776K, reserved 1114112K
  class space    used 10475K, committed 11392K, reserved 1048576K
}
Event: 133.320 GC heap before
{Heap before GC invocations=34 (full 0):
 garbage-first heap   total 140288K, used 127981K [0x0000000080000000, 0x0000000100000000)
  region size 1024K, 45 young (46080K), 2 survivors (2048K)
 Metaspace       used 73904K, committed 75776K, reserved 1114112K
  class space    used 10475K, committed 11392K, reserved 1048576K
}
Event: 133.326 GC heap after
{Heap after GC invocations=35 (full 0):
 garbage-first heap   total 140288K, used 84888K [0x0000000080000000, 0x0000000100000000)
  region size 1024K, 3 young (3072K), 3 survivors (3072K)
 Metaspace       used 73904K, committed 75776K, reserved 1114112K
  class space    used 10475K, committed 11392K, reserved 1048576K
}
Event: 133.822 GC heap before
{Heap before GC invocations=35 (full 0):
 garbage-first heap   total 140288K, used 129944K [0x0000000080000000, 0x0000000100000000)
  region size 1024K, 48 young (49152K), 3 survivors (3072K)
 Metaspace       used 73911K, committed 75840K, reserved 1114112K
  class space    used 10476K, committed 11392K, reserved 1048576K
}
Event: 133.831 GC heap after
{Heap after GC invocations=36 (full 0):
 garbage-first heap   total 140288K, used 84719K [0x0000000080000000, 0x0000000100000000)
  region size 1024K, 4 young (4096K), 4 survivors (4096K)
 Metaspace       used 73911K, committed 75840K, reserved 1114112K
  class space    used 10476K, committed 11392K, reserved 1048576K
}
Event: 134.269 GC heap before
{Heap before GC invocations=36 (full 0):
 garbage-first heap   total 140288K, used 131823K [0x0000000080000000, 0x0000000100000000)
  region size 1024K, 50 young (51200K), 4 survivors (4096K)
 Metaspace       used 73914K, committed 75840K, reserved 1114112K
  class space    used 10476K, committed 11392K, reserved 1048576K
}
Event: 134.277 GC heap after
{Heap after GC invocations=37 (full 0):
 garbage-first heap   total 140288K, used 85149K [0x0000000080000000, 0x0000000100000000)
  region size 1024K, 4 young (4096K), 4 survivors (4096K)
 Metaspace       used 73914K, committed 75840K, reserved 1114112K
  class space    used 10476K, committed 11392K, reserved 1048576K
}
Event: 134.907 GC heap before
{Heap before GC invocations=38 (full 0):
 garbage-first heap   total 143360K, used 131229K [0x0000000080000000, 0x0000000100000000)
  region size 1024K, 50 young (51200K), 4 survivors (4096K)
 Metaspace       used 73914K, committed 75840K, reserved 1114112K
  class space    used 10476K, committed 11392K, reserved 1048576K
}
Event: 134.916 GC heap after
{Heap after GC invocations=39 (full 0):
 garbage-first heap   total 143360K, used 85836K [0x0000000080000000, 0x0000000100000000)
  region size 1024K, 4 young (4096K), 4 survivors (4096K)
 Metaspace       used 73914K, committed 75840K, reserved 1114112K
  class space    used 10476K, committed 11392K, reserved 1048576K
}
Event: 135.489 GC heap before
{Heap before GC invocations=39 (full 0):
 garbage-first heap   total 143360K, used 134988K [0x0000000080000000, 0x0000000100000000)
  region size 1024K, 53 young (54272K), 4 survivors (4096K)
 Metaspace       used 73921K, committed 75840K, reserved 1114112K
  class space    used 10476K, committed 11392K, reserved 1048576K
}
Event: 135.503 GC heap after
{Heap after GC invocations=40 (full 0):
 garbage-first heap   total 143360K, used 85131K [0x0000000080000000, 0x0000000100000000)
  region size 1024K, 4 young (4096K), 4 survivors (4096K)
 Metaspace       used 73921K, committed 75840K, reserved 1114112K
  class space    used 10476K, committed 11392K, reserved 1048576K
}
Event: 135.964 GC heap before
{Heap before GC invocations=40 (full 0):
 garbage-first heap   total 143360K, used 134283K [0x0000000080000000, 0x0000000100000000)
  region size 1024K, 53 young (54272K), 4 survivors (4096K)
 Metaspace       used 73924K, committed 75840K, reserved 1114112K
  class space    used 10476K, committed 11392K, reserved 1048576K
}
Event: 135.975 GC heap after
{Heap after GC invocations=41 (full 0):
 garbage-first heap   total 172032K, used 85659K [0x0000000080000000, 0x0000000100000000)
  region size 1024K, 5 young (5120K), 5 survivors (5120K)
 Metaspace       used 73924K, committed 75840K, reserved 1114112K
  class space    used 10476K, committed 11392K, reserved 1048576K
}
Event: 136.920 GC heap before
{Heap before GC invocations=42 (full 0):
 garbage-first heap   total 172032K, used 161435K [0x0000000080000000, 0x0000000100000000)
  region size 1024K, 79 young (80896K), 5 survivors (5120K)
 Metaspace       used 74174K, committed 76032K, reserved 1114112K
  class space    used 10532K, committed 11456K, reserved 1048576K
}
Event: 136.931 GC heap after
{Heap after GC invocations=43 (full 0):
 garbage-first heap   total 172032K, used 86548K [0x0000000080000000, 0x0000000100000000)
  region size 1024K, 6 young (6144K), 6 survivors (6144K)
 Metaspace       used 74174K, committed 76032K, reserved 1114112K
  class space    used 10532K, committed 11456K, reserved 1048576K
}

Dll operation events (3 events):
Event: 0.033 Loaded shared library C:\Program Files\Android\Android Studio\jbr\bin\java.dll
Event: 0.088 Loaded shared library C:\Program Files\Android\Android Studio\jbr\bin\zip.dll
Event: 25.394 Loaded shared library C:\Program Files\Android\Android Studio\jbr\bin\verify.dll

Deoptimization events (20 events):
Event: 140.537 Thread 0x0000000020cc7ae0 Uncommon trap: trap_request=0xffffffc6 fr.pc=0x000000000dcdfad4 relative=0x0000000000001274
Event: 140.537 Thread 0x0000000020cc7ae0 Uncommon trap: reason=bimorphic_or_optimized_type_check action=maybe_recompile pc=0x000000000dcdfad4 method=org.gradle.internal.snapshot.ChildMap$Entry.handleAncestorDescendantOrExactMatch(Lorg/gradle/internal/snapshot/VfsRelativePath;Lorg/gradle/internal
Event: 140.537 Thread 0x0000000020cc7ae0 DEOPT PACKING pc=0x000000000dcdfad4 sp=0x00000000228356a0
Event: 140.537 Thread 0x0000000020cc7ae0 DEOPT UNPACKING pc=0x000000000d3443a2 sp=0x0000000022835590 mode 2
Event: 140.537 Thread 0x0000000020cc7ae0 Uncommon trap: trap_request=0xffffffde fr.pc=0x000000000dc9f260 relative=0x00000000000019e0
Event: 140.537 Thread 0x0000000020cc7ae0 Uncommon trap: reason=class_check action=maybe_recompile pc=0x000000000dc9f260 method=org.gradle.internal.snapshot.ChildMap$Entry.handleAncestorDescendantOrExactMatch(Lorg/gradle/internal/snapshot/VfsRelativePath;Lorg/gradle/internal/snapshot/CaseSensitiv
Event: 140.537 Thread 0x0000000020cc7ae0 DEOPT PACKING pc=0x000000000dc9f260 sp=0x00000000228353a0
Event: 140.537 Thread 0x0000000020cc7ae0 DEOPT UNPACKING pc=0x000000000d3443a2 sp=0x0000000022835318 mode 2
Event: 140.538 Thread 0x0000000020cc7ae0 Uncommon trap: trap_request=0xffffffde fr.pc=0x000000000dc9f260 relative=0x00000000000019e0
Event: 140.538 Thread 0x0000000020cc7ae0 Uncommon trap: reason=class_check action=maybe_recompile pc=0x000000000dc9f260 method=org.gradle.internal.snapshot.ChildMap$Entry.handleAncestorDescendantOrExactMatch(Lorg/gradle/internal/snapshot/VfsRelativePath;Lorg/gradle/internal/snapshot/CaseSensitiv
Event: 140.538 Thread 0x0000000020cc7ae0 DEOPT PACKING pc=0x000000000dc9f260 sp=0x0000000022834df0
Event: 140.538 Thread 0x0000000020cc7ae0 DEOPT UNPACKING pc=0x000000000d3443a2 sp=0x0000000022834d68 mode 2
Event: 140.539 Thread 0x0000000020cc7ae0 Uncommon trap: trap_request=0xffffffde fr.pc=0x000000000dc9f260 relative=0x00000000000019e0
Event: 140.539 Thread 0x0000000020cc7ae0 Uncommon trap: reason=class_check action=maybe_recompile pc=0x000000000dc9f260 method=org.gradle.internal.snapshot.ChildMap$Entry.handleAncestorDescendantOrExactMatch(Lorg/gradle/internal/snapshot/VfsRelativePath;Lorg/gradle/internal/snapshot/CaseSensitiv
Event: 140.539 Thread 0x0000000020cc7ae0 DEOPT PACKING pc=0x000000000dc9f260 sp=0x0000000022834b30
Event: 140.539 Thread 0x0000000020cc7ae0 DEOPT UNPACKING pc=0x000000000d3443a2 sp=0x0000000022834aa8 mode 2
Event: 140.539 Thread 0x0000000020cc7ae0 Uncommon trap: trap_request=0xffffffde fr.pc=0x000000000dc9f260 relative=0x00000000000019e0
Event: 140.539 Thread 0x0000000020cc7ae0 Uncommon trap: reason=class_check action=maybe_recompile pc=0x000000000dc9f260 method=org.gradle.internal.snapshot.ChildMap$Entry.handleAncestorDescendantOrExactMatch(Lorg/gradle/internal/snapshot/VfsRelativePath;Lorg/gradle/internal/snapshot/CaseSensitiv
Event: 140.539 Thread 0x0000000020cc7ae0 DEOPT PACKING pc=0x000000000dc9f260 sp=0x0000000022835330
Event: 140.539 Thread 0x0000000020cc7ae0 DEOPT UNPACKING pc=0x000000000d3443a2 sp=0x00000000228352a8 mode 2

Classes loaded (20 events):
Event: 139.951 Loading class java/util/concurrent/atomic/AtomicIntegerFieldUpdater$AtomicIntegerFieldUpdaterImpl$1
Event: 139.951 Loading class java/util/concurrent/atomic/AtomicIntegerFieldUpdater$AtomicIntegerFieldUpdaterImpl$1 done
Event: 139.972 Loading class java/util/concurrent/RejectedExecutionException
Event: 139.972 Loading class java/util/concurrent/RejectedExecutionException done
Event: 140.029 Loading class javax/xml/stream/XMLStreamException
Event: 140.030 Loading class javax/xml/stream/XMLStreamException done
Event: 140.059 Loading class javax/xml/stream/Location
Event: 140.060 Loading class javax/xml/stream/Location done
Event: 140.064 Loading class javax/xml/namespace/NamespaceContext
Event: 140.064 Loading class javax/xml/namespace/NamespaceContext done
Event: 140.064 Loading class javax/xml/stream/XMLStreamConstants
Event: 140.064 Loading class javax/xml/stream/XMLStreamConstants done
Event: 140.073 Loading class java/io/CharConversionException
Event: 140.073 Loading class java/io/CharConversionException done
Event: 140.079 Loading class javax/xml/stream/XMLStreamReader
Event: 140.079 Loading class javax/xml/stream/XMLStreamReader done
Event: 140.521 Loading class java/util/zip/DataFormatException
Event: 140.521 Loading class java/util/zip/DataFormatException done
Event: 140.565 Loading class java/lang/StackTraceElement$HashedModules
Event: 140.565 Loading class java/lang/StackTraceElement$HashedModules done

Classes unloaded (0 events):
No events

Classes redefined (0 events):
No events

Internal exceptions (20 events):
Event: 138.717 Thread 0x0000000020cc7ae0 Exception <a 'sun/nio/fs/WindowsException'{0x0000000088762ab0}> (0x0000000088762ab0) 
thrown [s\src\hotspot\share\prims\jni.cpp, line 537]
Event: 138.729 Thread 0x0000000020cc7ae0 Exception <a 'sun/nio/fs/WindowsException'{0x000000008878bd10}> (0x000000008878bd10) 
thrown [s\src\hotspot\share\prims\jni.cpp, line 537]
Event: 138.823 Thread 0x0000000020cc7ae0 Exception <a 'sun/nio/fs/WindowsException'{0x0000000088412a38}> (0x0000000088412a38) 
thrown [s\src\hotspot\share\prims\jni.cpp, line 537]
Event: 138.823 Thread 0x0000000020cc7ae0 Exception <a 'sun/nio/fs/WindowsException'{0x0000000088414b70}> (0x0000000088414b70) 
thrown [s\src\hotspot\share\prims\jni.cpp, line 537]
Event: 139.035 Thread 0x0000000020cc7ae0 Exception <a 'sun/nio/fs/WindowsException'{0x0000000087e2d208}> (0x0000000087e2d208) 
thrown [s\src\hotspot\share\prims\jni.cpp, line 537]
Event: 139.196 Thread 0x0000000020cc7ae0 Exception <a 'java/lang/NoSuchMethodError'{0x0000000087a16bc8}: 'long java.lang.invoke.DirectMethodHandle$Holder.invokeStatic(java.lang.Object)'> (0x0000000087a16bc8) 
thrown [s\src\hotspot\share\interpreter\linkResolver.cpp, line 784]
Event: 139.196 Thread 0x0000000020cc7ae0 Exception <a 'java/lang/NoSuchMethodError'{0x0000000087a1ba08}: 'long java.lang.invoke.DirectMethodHandle$Holder.invokeStaticInit(java.lang.Object)'> (0x0000000087a1ba08) 
thrown [s\src\hotspot\share\interpreter\linkResolver.cpp, line 784]
Event: 139.356 Thread 0x0000000020cc7ae0 Exception <a 'java/lang/NoSuchMethodError'{0x0000000087643118}: 'void java.lang.invoke.DirectMethodHandle$Holder.invokeStaticInit(java.lang.Object)'> (0x0000000087643118) 
thrown [s\src\hotspot\share\interpreter\linkResolver.cpp, line 784]
Event: 139.390 Thread 0x0000000020cc7ae0 Exception <a 'java/lang/NoSuchMethodError'{0x0000000087529ac0}: 'void java.lang.invoke.DelegatingMethodHandle$Holder.reinvoke_L(java.lang.Object, java.lang.Object, java.lang.Object, long, java.lang.Object)'> (0x0000000087529ac0) 
thrown [s\src\hotspot\share\interpreter\linkResolver.cpp, line 784]
Event: 139.390 Thread 0x0000000020cc7ae0 Exception <a 'java/lang/NoSuchMethodError'{0x0000000087532220}: 'java.lang.Object java.lang.invoke.DirectMethodHandle$Holder.invokeSpecial(java.lang.Object, java.lang.Object, java.lang.Object, java.lang.Object, long)'> (0x0000000087532220) 
thrown [s\src\hotspot\share\interpreter\linkResolver.cpp, line 784]
Event: 139.392 Thread 0x0000000020cc7ae0 Exception <a 'java/lang/NoSuchMethodError'{0x00000000875423e0}: 'int java.lang.invoke.DelegatingMethodHandle$Holder.reinvoke_L(java.lang.Object, java.lang.Object, java.lang.Object, long, java.lang.Object, java.lang.Object)'> (0x00000000875423e0) 
thrown [s\src\hotspot\share\interpreter\linkResolver.cpp, line 784]
Event: 139.393 Thread 0x0000000020cc7ae0 Exception <a 'java/lang/NoSuchMethodError'{0x0000000087551eb0}: 'int java.lang.invoke.DelegatingMethodHandle$Holder.reinvoke_L(java.lang.Object, java.lang.Object, java.lang.Object, long, int, int)'> (0x0000000087551eb0) 
thrown [s\src\hotspot\share\interpreter\linkResolver.cpp, line 784]
Event: 139.396 Thread 0x0000000020cc7ae0 Exception <a 'java/lang/NoSuchMethodError'{0x0000000087561730}: 'int java.lang.invoke.DelegatingMethodHandle$Holder.reinvoke_L(java.lang.Object, java.lang.Object, java.lang.Object, long, long, long)'> (0x0000000087561730) 
thrown [s\src\hotspot\share\interpreter\linkResolver.cpp, line 784]
Event: 139.399 Thread 0x0000000020cc7ae0 Exception <a 'java/lang/NoSuchMethodError'{0x0000000087570e98}: 'int java.lang.invoke.DelegatingMethodHandle$Holder.reinvoke_L(java.lang.Object, java.lang.Object, java.lang.Object, long, int)'> (0x0000000087570e98) 
thrown [s\src\hotspot\share\interpreter\linkResolver.cpp, line 784]
Event: 139.401 Thread 0x0000000020cc7ae0 Exception <a 'java/lang/NoSuchMethodError'{0x0000000087584430}: 'void java.lang.invoke.DelegatingMethodHandle$Holder.reinvoke_L(java.lang.Object, java.lang.Object, java.lang.Object, long, java.lang.Object, long, long)'> (0x0000000087584430) 
thrown [s\src\hotspot\share\interpreter\linkResolver.cpp, line 784]
Event: 140.521 Thread 0x0000000020cc7ae0 Exception <a 'java/io/IOException'{0x000000008612aa68}> (0x000000008612aa68) 
thrown [s\src\hotspot\share\prims\jni.cpp, line 537]
Event: 140.522 Thread 0x0000000020cc7ae0 Exception <a 'java/lang/NoClassDefFoundError'{0x0000000086130960}: org/jetbrains/kotlin/com/intellij/psi/util/ParameterizedCachedValue> (0x0000000086130960) 
thrown [s\src\hotspot\share\classfile\systemDictionary.cpp, line 301]
Event: 140.524 Thread 0x0000000020cc7ae0 Exception <a 'java/io/IOException'{0x00000000861406d8}> (0x00000000861406d8) 
thrown [s\src\hotspot\share\prims\jni.cpp, line 537]
Event: 140.524 Thread 0x0000000020cc7ae0 Exception <a 'java/lang/NoClassDefFoundError'{0x0000000086146320}: org/jetbrains/kotlin/com/intellij/util/containers/WeakHashMap$WeakKey> (0x0000000086146320) 
thrown [s\src\hotspot\share\classfile\systemDictionary.cpp, line 301]
Event: 140.539 Thread 0x0000000020cc7ae0 Exception <a 'sun/nio/fs/WindowsException'{0x0000000086173088}> (0x0000000086173088) 
thrown [s\src\hotspot\share\prims\jni.cpp, line 537]

ZGC Phase Switch (0 events):
No events

VM Operations (20 events):
Event: 136.876 Executing VM operation: HandshakeAllThreads (Deoptimize)
Event: 136.877 Executing VM operation: HandshakeAllThreads (Deoptimize) done
Event: 136.919 Executing VM operation: G1CollectForAllocation (G1 Evacuation Pause)
Event: 136.931 Executing VM operation: G1CollectForAllocation (G1 Evacuation Pause) done
Event: 137.005 Executing VM operation: HandshakeAllThreads (Deoptimize)
Event: 137.005 Executing VM operation: HandshakeAllThreads (Deoptimize) done
Event: 137.028 Executing VM operation: HandshakeAllThreads (Deoptimize)
Event: 137.028 Executing VM operation: HandshakeAllThreads (Deoptimize) done
Event: 137.273 Executing VM operation: HandshakeAllThreads (Deoptimize)
Event: 137.273 Executing VM operation: HandshakeAllThreads (Deoptimize) done
Event: 137.343 Executing VM operation: HandshakeAllThreads (Deoptimize)
Event: 137.343 Executing VM operation: HandshakeAllThreads (Deoptimize) done
Event: 138.358 Executing VM operation: Cleanup
Event: 138.358 Executing VM operation: Cleanup done
Event: 139.220 Executing VM operation: HandshakeAllThreads (Deoptimize)
Event: 139.220 Executing VM operation: HandshakeAllThreads (Deoptimize) done
Event: 140.230 Executing VM operation: Cleanup
Event: 140.230 Executing VM operation: Cleanup done
Event: 140.550 Executing VM operation: HandshakeAllThreads (Deoptimize)
Event: 140.550 Executing VM operation: HandshakeAllThreads (Deoptimize) done

Memory protections (0 events):
No events

Nmethod flushes (20 events):
Event: 136.173 Thread 0x0000000019dfe7e0 flushing  nmethod 0x0000000006022090
Event: 136.173 Thread 0x0000000019dfe7e0 flushing  nmethod 0x0000000006022490
Event: 136.173 Thread 0x0000000019dfe7e0 flushing  nmethod 0x000000000613c190
Event: 136.173 Thread 0x0000000019dfe7e0 flushing  nmethod 0x000000000613f090
Event: 136.173 Thread 0x0000000019dfe7e0 flushing  nmethod 0x00000000062efd90
Event: 136.173 Thread 0x0000000019dfe7e0 flushing  nmethod 0x0000000006686d10
Event: 136.173 Thread 0x0000000019dfe7e0 flushing  nmethod 0x00000000066c7d10
Event: 136.173 Thread 0x0000000019dfe7e0 flushing  nmethod 0x00000000066c9090
Event: 136.173 Thread 0x0000000019dfe7e0 flushing  nmethod 0x00000000066ed110
Event: 136.173 Thread 0x0000000019dfe7e0 flushing  nmethod 0x0000000005eb7e10
Event: 136.173 Thread 0x0000000019dfe7e0 flushing  nmethod 0x0000000005ecbd10
Event: 136.173 Thread 0x0000000019dfe7e0 flushing  nmethod 0x0000000006055b90
Event: 136.173 Thread 0x0000000019dfe7e0 flushing  nmethod 0x00000000060c3790
Event: 136.173 Thread 0x0000000019dfe7e0 flushing  nmethod 0x0000000006109690
Event: 136.173 Thread 0x0000000019dfe7e0 flushing  nmethod 0x0000000006358d10
Event: 136.173 Thread 0x0000000019dfe7e0 flushing  nmethod 0x000000000658c610
Event: 136.173 Thread 0x0000000019dfe7e0 flushing  nmethod 0x000000000658ce10
Event: 136.173 Thread 0x0000000019dfe7e0 flushing  nmethod 0x00000000069a2b10
Event: 136.173 Thread 0x0000000019dfe7e0 flushing  nmethod 0x0000000006abb110
Event: 136.173 Thread 0x0000000019dfe7e0 flushing  nmethod 0x0000000006ac4e10

Events (20 events):
Event: 94.633 Thread 0x0000000020cc7ae0 Thread added: 0x0000000020b6ec70
Event: 94.674 Thread 0x0000000020cc7ae0 Thread added: 0x0000000020b6d230
Event: 96.310 Thread 0x0000000020cc7ae0 Thread added: 0x0000000020b6d8c0
Event: 96.311 Thread 0x0000000020cc7ae0 Thread added: 0x0000000020b6f990
Event: 96.313 Thread 0x0000000020cc7ae0 Thread added: 0x0000000020b6cba0
Event: 96.644 Thread 0x0000000020cc7ae0 Thread added: 0x0000000020b6c510
Event: 96.645 Thread 0x0000000020cc7ae0 Thread added: 0x0000000020b70020
Event: 96.646 Thread 0x0000000020cc7ae0 Thread added: 0x0000000020b6df50
Event: 106.723 Thread 0x0000000020cc7ae0 Thread added: 0x0000000020b713d0
Event: 107.405 Thread 0x0000000020cc7ae0 Thread added: 0x0000000020b72780
Event: 107.594 Thread 0x0000000020cc7ae0 Thread added: 0x0000000020b720f0
Event: 123.601 Thread 0x0000000020cc7ae0 Thread added: 0x00000000208443c0
Event: 123.601 Thread 0x0000000020cc7ae0 Thread added: 0x0000000020844a50
Event: 123.602 Thread 0x0000000020cc7ae0 Thread added: 0x0000000020842980
Event: 124.844 Thread 0x0000000020cc7ae0 Thread added: 0x00000000208436a0
Event: 124.846 Thread 0x0000000020cc7ae0 Thread added: 0x0000000020843d30
Event: 124.848 Thread 0x0000000020cc7ae0 Thread added: 0x00000000208450e0
Event: 127.551 Thread 0x0000000020cc7ae0 Thread added: 0x00000000208422f0
Event: 127.553 Thread 0x0000000020cc7ae0 Thread added: 0x0000000020846b20
Event: 127.554 Thread 0x0000000020cc7ae0 Thread added: 0x00000000208471b0


Dynamic libraries:
0x00007ff6b3270000 - 0x00007ff6b327a000 	C:\Program Files\Android\Android Studio\jbr\bin\java.exe
0x00007ffc423c0000 - 0x00007ffc42627000 	C:\WINDOWS\SYSTEM32\ntdll.dll
0x00007ffc41530000 - 0x00007ffc415f9000 	C:\WINDOWS\System32\KERNEL32.DLL
0x00007ffc3fa60000 - 0x00007ffc3fe54000 	C:\WINDOWS\System32\KERNELBASE.dll
0x00007ffc3f670000 - 0x00007ffc3f7bb000 	C:\WINDOWS\System32\ucrtbase.dll
0x00007ffc3b820000 - 0x00007ffc3b838000 	C:\Program Files\Android\Android Studio\jbr\bin\jli.dll
0x00007ffc41de0000 - 0x00007ffc41fa5000 	C:\WINDOWS\System32\USER32.dll
0x00007ffc3edd0000 - 0x00007ffc3edf7000 	C:\WINDOWS\System32\win32u.dll
0x00007ffc41fb0000 - 0x00007ffc41fdb000 	C:\WINDOWS\System32\GDI32.dll
0x00007ffc1a7f0000 - 0x00007ffc1a80b000 	C:\Program Files\Android\Android Studio\jbr\bin\VCRUNTIME140.dll
0x00007ffc3f7c0000 - 0x00007ffc3f8eb000 	C:\WINDOWS\System32\gdi32full.dll
0x00007ffc2c730000 - 0x00007ffc2c9c3000 	C:\WINDOWS\WinSxS\amd64_microsoft.windows.common-controls_6595b64144ccf1df_6.0.26100.8115_none_3e075c82e3354f9c\COMCTL32.dll
0x00007ffc3ec90000 - 0x00007ffc3ed33000 	C:\WINDOWS\System32\msvcp_win.dll
0x00007ffc420e0000 - 0x00007ffc42189000 	C:\WINDOWS\System32\msvcrt.dll
0x00007ffc41900000 - 0x00007ffc41932000 	C:\WINDOWS\System32\IMM32.DLL
0x00007ffc32cd0000 - 0x00007ffc32cdc000 	C:\Program Files\Android\Android Studio\jbr\bin\vcruntime140_1.dll
0x00007ffc18540000 - 0x00007ffc185cd000 	C:\Program Files\Android\Android Studio\jbr\bin\msvcp140.dll
0x00007ffbd76c0000 - 0x00007ffbd8356000 	C:\Program Files\Android\Android Studio\jbr\bin\server\jvm.dll
0x00007ffc41a70000 - 0x00007ffc41b26000 	C:\WINDOWS\System32\ADVAPI32.dll
0x00007ffc41040000 - 0x00007ffc410e7000 	C:\WINDOWS\System32\sechost.dll
0x00007ffc41950000 - 0x00007ffc41a68000 	C:\WINDOWS\System32\RPCRT4.dll
0x00007ffc40830000 - 0x00007ffc408b0000 	C:\WINDOWS\System32\WS2_32.dll
0x00007ffc3eaf0000 - 0x00007ffc3eb4e000 	C:\WINDOWS\SYSTEM32\POWRPROF.dll
0x00007ffc2af70000 - 0x00007ffc2afa6000 	C:\WINDOWS\SYSTEM32\WINMM.dll
0x00007ffc2cf70000 - 0x00007ffc2cf7b000 	C:\WINDOWS\SYSTEM32\VERSION.dll
0x00007ffc3ead0000 - 0x00007ffc3eae4000 	C:\WINDOWS\SYSTEM32\UMPDC.dll
0x00007ffc3d9e0000 - 0x00007ffc3d9fb000 	C:\WINDOWS\SYSTEM32\kernel.appcore.dll
0x00007ffc322f0000 - 0x00007ffc322fa000 	C:\Program Files\Android\Android Studio\jbr\bin\jimage.dll
0x00007ffc3cb60000 - 0x00007ffc3cda2000 	C:\WINDOWS\SYSTEM32\DBGHELP.DLL
0x00007ffc411a0000 - 0x00007ffc41522000 	C:\WINDOWS\System32\combase.dll
0x00007ffc41b40000 - 0x00007ffc41c18000 	C:\WINDOWS\System32\OLEAUT32.dll
0x00007ffc269e0000 - 0x00007ffc26a1b000 	C:\WINDOWS\SYSTEM32\dbgcore.DLL
0x00007ffc3ff20000 - 0x00007ffc3ffc5000 	C:\WINDOWS\System32\bcryptPrimitives.dll
0x00007ffc3b810000 - 0x00007ffc3b81e000 	C:\Program Files\Android\Android Studio\jbr\bin\instrument.dll
0x00007ffc198a0000 - 0x00007ffc198c0000 	C:\Program Files\Android\Android Studio\jbr\bin\java.dll
0x00007ffc19880000 - 0x00007ffc19898000 	C:\Program Files\Android\Android Studio\jbr\bin\zip.dll
0x00007ffc408d0000 - 0x00007ffc41037000 	C:\WINDOWS\System32\SHELL32.dll
0x00007ffc3f8f0000 - 0x00007ffc3fa5a000 	C:\WINDOWS\System32\wintypes.dll
0x00007ffc3ee00000 - 0x00007ffc3f668000 	C:\WINDOWS\System32\windows.storage.dll
0x00007ffc41ce0000 - 0x00007ffc41dd8000 	C:\WINDOWS\System32\SHCORE.dll
0x00007ffc40740000 - 0x00007ffc407a6000 	C:\WINDOWS\System32\shlwapi.dll
0x00007ffc3ebb0000 - 0x00007ffc3ebd9000 	C:\WINDOWS\SYSTEM32\profapi.dll
0x00007ffc2c230000 - 0x00007ffc2c240000 	C:\Program Files\Android\Android Studio\jbr\bin\net.dll
0x00007ffc32a50000 - 0x00007ffc32b7d000 	C:\WINDOWS\SYSTEM32\WINHTTP.dll
0x00007ffc3df30000 - 0x00007ffc3df9c000 	C:\WINDOWS\system32\mswsock.dll
0x00007ffc18f00000 - 0x00007ffc18f16000 	C:\Program Files\Android\Android Studio\jbr\bin\nio.dll
0x00007ffc2cc70000 - 0x00007ffc2cc80000 	C:\Program Files\Android\Android Studio\jbr\bin\verify.dll
0x00007ffc17b00000 - 0x00007ffc17b27000 	C:\Users\Administrator\.gradle\native\660c5614fbf4a5f2a75b1949f50a0caf5cd603558e7d8a26e50b933a0cfb79d1\windows-amd64\native-platform.dll
0x00007ffc184c0000 - 0x00007ffc18537000 	C:\Users\Administrator\.gradle\native\0.2.8\x86_64-windows-gnu\gradle-fileevents.dll
0x00007ffc2aff0000 - 0x00007ffc2aff9000 	C:\Program Files\Android\Android Studio\jbr\bin\management.dll
0x00007ffc29980000 - 0x00007ffc2998b000 	C:\Program Files\Android\Android Studio\jbr\bin\management_ext.dll
0x00007ffc408c0000 - 0x00007ffc408c8000 	C:\WINDOWS\System32\PSAPI.DLL
0x00007ffc3d3c0000 - 0x00007ffc3d3f2000 	C:\WINDOWS\SYSTEM32\IPHLPAPI.DLL
0x00007ffc41940000 - 0x00007ffc4194a000 	C:\WINDOWS\System32\NSI.dll
0x00007ffc2b530000 - 0x00007ffc2b539000 	C:\Program Files\Android\Android Studio\jbr\bin\extnet.dll
0x00007ffc3e330000 - 0x00007ffc3e34b000 	C:\WINDOWS\SYSTEM32\CRYPTSP.dll
0x00007ffc3d940000 - 0x00007ffc3d979000 	C:\WINDOWS\system32\rsaenh.dll
0x00007ffc3dfe0000 - 0x00007ffc3e013000 	C:\WINDOWS\SYSTEM32\USERENV.dll
0x00007ffc3eb80000 - 0x00007ffc3ebaa000 	C:\WINDOWS\SYSTEM32\bcrypt.dll
0x00007ffc3e190000 - 0x00007ffc3e19c000 	C:\WINDOWS\SYSTEM32\CRYPTBASE.dll
0x00007ffc30ac0000 - 0x00007ffc30ac8000 	C:\WINDOWS\system32\wshunix.dll

JVMTI agents:
C:\Users\Administrator\.gradle\wrapper\dists\gradle-9.3.1-bin\23ovyewtku6u96viwx3xl3oks\gradle-9.3.1\lib\agents\gradle-instrumentation-agent-9.3.1.jar path:C:\Program Files\Android\Android Studio\jbr\bin\instrument.dll, loaded, initialized, instrumentlib options:none

dbghelp: loaded successfully - version: 4.0.5 - missing functions: none
symbol engine: initialized successfully - sym options: 0x614 - pdb path: .;C:\Program Files\Android\Android Studio\jbr\bin;C:\WINDOWS\SYSTEM32;C:\WINDOWS\WinSxS\amd64_microsoft.windows.common-controls_6595b64144ccf1df_6.0.26100.8115_none_3e075c82e3354f9c;C:\Program Files\Android\Android Studio\jbr\bin\server;C:\Users\Administrator\.gradle\native\660c5614fbf4a5f2a75b1949f50a0caf5cd603558e7d8a26e50b933a0cfb79d1\windows-amd64;C:\Users\Administrator\.gradle\native\0.2.8\x86_64-windows-gnu

VM Arguments:
jvm_args: --add-opens=java.base/java.lang=ALL-UNNAMED --add-opens=java.base/java.lang.invoke=ALL-UNNAMED --add-opens=java.base/java.util=ALL-UNNAMED --add-opens=java.prefs/java.util.prefs=ALL-UNNAMED --add-exports=jdk.compiler/com.sun.tools.javac.api=ALL-UNNAMED --add-exports=jdk.compiler/com.sun.tools.javac.util=ALL-UNNAMED --add-opens=java.base/java.util=ALL-UNNAMED --add-opens=java.prefs/java.util.prefs=ALL-UNNAMED --add-opens=java.base/java.nio.charset=ALL-UNNAMED --add-opens=java.base/java.net=ALL-UNNAMED --add-opens=java.base/java.util.concurrent=ALL-UNNAMED --add-opens=java.base/java.util.concurrent.atomic=ALL-UNNAMED --add-opens=java.xml/javax.xml.namespace=ALL-UNNAMED --add-opens=java.base/java.time=ALL-UNNAMED -Xmx2048m -Dfile.encoding=UTF-8 -Duser.country=US -Duser.language=en -Duser.variant -javaagent:C:\Users\Administrator\.gradle\wrapper\dists\gradle-9.3.1-bin\23ovyewtku6u96viwx3xl3oks\gradle-9.3.1\lib\agents\gradle-instrumentation-agent-9.3.1.jar 
java_command: org.gradle.launcher.daemon.bootstrap.GradleDaemon 9.3.1
java_class_path (initial): C:\Users\Administrator\.gradle\wrapper\dists\gradle-9.3.1-bin\23ovyewtku6u96viwx3xl3oks\gradle-9.3.1\lib\gradle-daemon-main-9.3.1.jar
Launcher Type: SUN_STANDARD

[Global flags]
     intx CICompilerCount                          = 3                                         {product} {ergonomic}
     uint ConcGCThreads                            = 1                                         {product} {ergonomic}
     uint G1ConcRefinementThreads                  = 4                                         {product} {ergonomic}
   size_t G1HeapRegionSize                         = 1048576                                   {product} {ergonomic}
    uintx GCDrainStackTargetSize                   = 64                                        {product} {ergonomic}
   size_t InitialHeapSize                          = 134217728                                 {product} {ergonomic}
   size_t MarkStackSize                            = 4194304                                   {product} {ergonomic}
   size_t MaxHeapSize                              = 2147483648                                {product} {command line}
   size_t MaxNewSize                               = 1287651328                                {product} {ergonomic}
   size_t MinHeapDeltaBytes                        = 1048576                                   {product} {ergonomic}
   size_t MinHeapSize                              = 8388608                                   {product} {ergonomic}
    uintx NonNMethodCodeHeapSize                   = 5832780                                {pd product} {ergonomic}
    uintx NonProfiledCodeHeapSize                  = 122912730                              {pd product} {ergonomic}
    uintx ProfiledCodeHeapSize                     = 122912730                              {pd product} {ergonomic}
    uintx ReservedCodeCacheSize                    = 251658240                              {pd product} {ergonomic}
     bool SegmentedCodeCache                       = true                                      {product} {ergonomic}
   size_t SoftMaxHeapSize                          = 2147483648                             {manageable} {ergonomic}
     bool UseCompressedOops                        = true                           {product lp64_product} {ergonomic}
     bool UseG1GC                                  = true                                      {product} {ergonomic}
     bool UseLargePagesIndividualAllocation        = false                                  {pd product} {ergonomic}

Logging:
Log output configuration:
 #0: stdout all=warning uptime,level,tags foldmultilines=false
 #1: stderr all=off uptime,level,tags foldmultilines=false

Release file:
JAVA_VERSION="21.0.9" 
MODULES="java.base java.compiler java.datatransfer java.xml java.prefs java.desktop java.instrument java.logging java.management java.security.sasl java.naming java.rmi java.management.rmi java.net.http java.scripting java.security.jgss java.transaction.xa java.sql java.sql.rowset java.xml.crypto java.se java.smartcardio jdk.accessibility jdk.internal.jvmstat jdk.attach jdk.charsets jdk.internal.opt jdk.zipfs jdk.compiler jdk.crypto.ec jdk.crypto.cryptoki jdk.dynalink jdk.hotspot.agent jdk.httpserver jdk.internal.ed jdk.internal.le jdk.internal.vm.ci jdk.jartool jdk.javadoc jdk.jcmd jdk.jdeps jdk.jdwp.agent jdk.jdi jdk.jfr jdk.jlink jdk.jsobject jdk.localedata jdk.management jdk.management.agent jdk.management.jfr jdk.naming.dns jdk.naming.rmi jdk.net jdk.sctp jdk.security.auth jdk.security.jgss jdk.unsupported jdk.unsupported.desktop jdk.xml.dom" 
IMPLEMENTOR="JetBrains s.r.o." 
JAVA_RUNTIME_VERSION="21.0.9+-14787801-b1163.94" 
LIBC="default" 
OS_ARCH="x86_64" 
OS_NAME="Windows" 
SOURCE=".:git:0c757ddc9f2f" 

Environment Variables:
PATH=C:\Python313\Scripts\;C:\Python313\;C:\Program Files (x86)\NVIDIA Corporation\PhysX\Common;C:\WINDOWS\system32;C:\WINDOWS;C:\WINDOWS\System32\Wbem;C:\WINDOWS\System32\WindowsPowerShell\v1.0\;C:\WINDOWS\System32\OpenSSH\;C:\Program Files\dotnet\;C:\Program Files\Go\bin;C:\Users\Administrator\AppData\Local\Programs\Microsoft VS Code\bin;C:\Program Files\nodejs\;C:\ProgramData\chocolatey\bin;C:\Program Files\Git\cmd;C:\Program Files\Docker\Docker\resources\bin;C:\Users\Administrator\anaconda3;C:\Users\Administrator\anaconda3\Library\mingw-w64\bin;C:\Users\Administrator\anaconda3\Library\usr\bin;C:\Users\Administrator\anaconda3\Library\bin;C:\Users\Administrator\anaconda3\Scripts;C:\Users\Administrator\anaconda3\bin;C:\Users\Administrator\anaconda3\condabin;C:\Python313\Scripts;C:\Python313;C:\Program Files (x86)\NVIDIA Corporation\PhysX\Common;C:\WINDOWS\system32;C:\WINDOWS;C:\WINDOWS\System32\Wbem;C:\WINDOWS\System32\WindowsPowerShell\v1.0;C:\WINDOWS\System32\OpenSSH;C:\Program Files\dotnet;C:\Program Files\Go\bin;C:\Users\Administrator\AppData\Local\Programs\Microsoft VS Code\bin;C:\Program Files\nodejs;C:\ProgramData\chocolatey\bin;C:\Program Files\Git\cmd;C:\Program Files\Docker\Docker\resources\bin;C:\Users\Administrator\anaconda3;C:\Users\Administrator\anaconda3\Library\mingw-w64\bin;C:\Users\Administrator\anaconda3\Library\usr\bin;C:\Users\Administrator\anaconda3\Library\bin;C:\Users\Administrator\anaconda3\Scripts;C:\Users\Administrator\AppData\Local\Microsoft\WindowsApps;C:\Users\Administrator\AppData\Local\Programs\Microsoft VS Code\bin;C:\Users\Administrator\go\bin;C:\Users\Administrator\AppData\Roaming\npm;C:\Program Files (x86)\Nmap;C:\Users\Administrator\AppData\Local\Microsoft\WinGet\Links;.;C:\Users\Administrator\.deno\bin;C:\Users\Administrator\.deno\bin;C:\Users\Administrator\AppData\Local\Programs\Antigravity\bin
USERNAME=Ian Waiguru
OS=Windows_NT
PROCESSOR_IDENTIFIER=Intel64 Family 6 Model 142 Stepping 9, GenuineIntel
TMP=C:\Users\ADMINI~1\AppData\Local\Temp
TEMP=C:\Users\ADMINI~1\AppData\Local\Temp




Periodic native trim disabled

JNI global refs:
JNI global refs: 26, weak refs: 0

JNI global refs memory usage: 835, weak refs: 833

Process memory usage:
Resident Set Size: 341612K (4% of 8276692K total physical memory with 546724K free physical memory)

OOME stack traces (most recent first):
Classloader memory used:
Loader org.gradle.internal.classloader.VisitableURLClassLoader                         : 47790K
Loader bootstrap                                                                       : 23031K
Loader org.gradle.initialization.MixInLegacyTypesClassLoader                           : 11188K
Loader org.gradle.internal.classloader.VisitableURLClassLoader                         : 1101K
Loader org.gradle.internal.classloader.VisitableURLClassLoader$InstrumentingVisitableURLClassLoader: 738K
Loader jdk.internal.reflect.DelegatingClassLoader                                      : 290K
Loader jdk.internal.loader.ClassLoaders$AppClassLoader                                 : 229K
Loader jdk.internal.loader.ClassLoaders$PlatformClassLoader                            : 130K
Loader org.gradle.groovy.scripts.internal.DefaultScriptCompilationHandler$ScriptClassLoader: 93336B

Classes loaded by more than one classloader:
Class org.gradle.internal.IoActions                                                   : loaded 3 times (x 71B)
Class org.gradle.api.Action                                                           : loaded 3 times (x 70B)
Class org.gradle.internal.Cast                                                        : loaded 3 times (x 71B)
Class org.gradle.api.GradleException                                                  : loaded 3 times (x 82B)
Class Program                                                                         : loaded 3 times (x 72B)
Class org.gradle.internal.operations.MultipleBuildOperationFailures                   : loaded 2 times (x 95B)
Class org.gradle.internal.classloader.DefaultClassLoaderFactory                       : loaded 2 times (x 82B)
Class kotlin.collections.AbstractList$Companion                                       : loaded 2 times (x 71B)
Class org.gradle.internal.classloader.ClassLoaderVisitor                              : loaded 2 times (x 76B)
Class org.gradle.api.internal.classpath.EffectiveClassPath                            : loaded 2 times (x 90B)
Class org.gradle.tooling.internal.gradle.DefaultProjectIdentifier                     : loaded 2 times (x 86B)
Class org.gradle.api.internal.DefaultClassPathProvider                                : loaded 2 times (x 76B)
Class [Lorg.gradle.api.internal.ClassPathProvider;                                    : loaded 2 times (x 69B)
Class org.gradle.api.internal.ClassPathProvider                                       : loaded 2 times (x 70B)
Class org.gradle.internal.service.UnknownServiceException                             : loaded 2 times (x 83B)
Class org.gradle.internal.classpath.TransformedClassPath                              : loaded 2 times (x 96B)
Class org.gradle.internal.classloader.InstrumentingClassLoader                        : loaded 2 times (x 70B)
Class com.google.common.collect.Iterators$ArrayItr                                    : loaded 2 times (x 97B)
Class kotlin.enums.EnumEntriesList                                                    : loaded 2 times (x 223B)
Class com.google.common.collect.UnmodifiableIterator                                  : loaded 2 times (x 80B)
Class org.gradle.internal.service.ServiceLocator                                      : loaded 2 times (x 70B)
Class com.intellij.gradle.toolingExtension.util.GradleVersionUtil                     : loaded 2 times (x 71B)
Class com.google.common.collect.Iterators$SingletonIterator                           : loaded 2 times (x 81B)
Class org.gradle.tooling.model.UnsupportedMethodException                             : loaded 2 times (x 82B)
Class com.google.common.collect.Iterators                                             : loaded 2 times (x 71B)
Class com.google.common.collect.Lists$StringAsImmutableList                           : loaded 2 times (x 207B)
Class sync_studio_tooling248_bwp2a6qbdec5cmog8paiudk9z                                : loaded 2 times (x 171B)
Class org.gradle.internal.time.DefaultTimer                                           : loaded 2 times (x 80B)
Class org.gradle.internal.classloader.ClasspathUtil$1                                 : loaded 2 times (x 76B)
Class org.gradle.api.internal.classpath.DefaultModuleRegistry$DefaultModule           : loaded 2 times (x 86B)
Class com.google.common.collect.AbstractIterator                                      : loaded 2 times (x 82B)
Class com.google.common.collect.AbstractIndexedListIterator                           : loaded 2 times (x 96B)
Class org.gradle.internal.time.DefaultCountdownTimer                                  : loaded 2 times (x 88B)
Class org.gradle.tooling.internal.gradle.DefaultBuildIdentifier                       : loaded 2 times (x 79B)
Class org.gradle.api.internal.classpath.Module                                        : loaded 2 times (x 70B)
Class org.gradle.api.internal.classpath.UnknownModuleException                        : loaded 2 times (x 82B)
Class org.gradle.tooling.internal.gradle.GradleProjectIdentity                        : loaded 2 times (x 70B)
Class org.gradle.api.internal.DefaultClassPathRegistry                                : loaded 2 times (x 76B)
Class sync_studio_tooling248_bwp2a6qbdec5cmog8paiudk9z$_run_closure1                  : loaded 2 times (x 139B)
Class org.gradle.api.internal.ClassPathRegistry                                       : loaded 2 times (x 70B)
Class org.gradle.internal.classpath.DefaultClassPath$ImmutableUniqueList              : loaded 2 times (x 199B)
Class com.google.common.collect.UnmodifiableListIterator                              : loaded 2 times (x 95B)
Class org.gradle.api.internal.classpath.ManifestUtil                                  : loaded 2 times (x 71B)
Class org.gradle.internal.classpath.ClassPath                                         : loaded 2 times (x 70B)
Class com.google.common.collect.Iterators$1                                           : loaded 2 times (x 81B)
Class org.gradle.tooling.model.Model                                                  : loaded 2 times (x 70B)
Class kotlin.UninitializedPropertyAccessException                                     : loaded 2 times (x 82B)
Class com.google.common.collect.Iterators$4                                           : loaded 2 times (x 82B)
Class org.gradle.api.internal.classpath.ModuleRegistry                                : loaded 2 times (x 70B)
Class org.gradle.internal.installation.GradleInstallation$1                           : loaded 2 times (x 75B)
Class com.google.common.collect.Iterators$5                                           : loaded 2 times (x 82B)
Class com.google.common.collect.ImmutableCollection                                   : loaded 2 times (x 125B)
Class org.gradle.api.internal.classpath.DefaultModuleRegistry                         : loaded 2 times (x 86B)
Class com.google.common.collect.Lists                                                 : loaded 2 times (x 71B)
Class com.google.common.collect.Iterators$9                                           : loaded 2 times (x 81B)
Class org.gradle.internal.time.MonotonicClock                                         : loaded 2 times (x 77B)
Class org.gradle.internal.service.ServiceLookupException                              : loaded 2 times (x 82B)
Class org.gradle.internal.classloader.ClassLoaderFactory                              : loaded 2 times (x 70B)
Class org.gradle.internal.service.CachingServiceLocator                               : loaded 2 times (x 82B)
Class org.gradle.internal.time.TimeSource                                             : loaded 2 times (x 70B)
Class org.gradle.tooling.internal.gradle.GradleBuildIdentity                          : loaded 2 times (x 70B)
Class kotlin.enums.EnumEntries                                                        : loaded 2 times (x 70B)
Class org.gradle.internal.exceptions.ResolutionProvider                               : loaded 2 times (x 70B)
Class org.gradle.tooling.model.ProjectIdentifier                                      : loaded 2 times (x 70B)
Class org.gradle.internal.classloader.ClasspathUtil                                   : loaded 2 times (x 71B)
Class org.gradle.internal.time.TimeSource$1                                           : loaded 2 times (x 77B)
Class kotlin.jvm.internal.DefaultConstructorMarker                                    : loaded 2 times (x 71B)
Class org.gradle.api.specs.Spec                                                       : loaded 2 times (x 70B)
Class com.intellij.gradle.toolingExtension.impl.model.utilDummyModel.DummyModel       : loaded 2 times (x 70B)
Class org.gradle.internal.time.Clock                                                  : loaded 2 times (x 70B)
Class kotlin.collections.AbstractList                                                 : loaded 2 times (x 197B)
Class kotlin.collections.AbstractCollection                                           : loaded 2 times (x 117B)
Class org.gradle.internal.classloader.VisitableURLClassLoader$InstrumentingVisitableURLClassLoader: loaded 2 times (x 123B)
Class org.gradle.internal.classloader.VisitableURLClassLoader$Spec                    : loaded 2 times (x 74B)
Class org.gradle.internal.classpath.DefaultClassPath                                  : loaded 2 times (x 90B)
Class org.gradle.util.internal.DefaultGradleVersion                                   : loaded 2 times (x 82B)
Class org.gradle.internal.classloader.ClassLoaderSpec                                 : loaded 2 times (x 71B)
Class Settings_gradle$1$1                                                             : loaded 2 times (x 74B)
Class org.gradle.internal.classloader.VisitableURLClassLoader                         : loaded 2 times (x 117B)
Class Settings_gradle                                                                 : loaded 2 times (x 124B)
Class org.gradle.internal.classloader.ClassLoaderHierarchy                            : loaded 2 times (x 70B)
Class org.gradle.internal.classloader.FilteringClassLoader                            : loaded 2 times (x 105B)
Class org.gradle.internal.classpath.DefaultClassPath$ImmutableUniqueList$Builder      : loaded 2 times (x 75B)
Class Settings_gradle$1                                                               : loaded 2 times (x 74B)
Class org.gradle.internal.exceptions.NonGradleCauseExceptionsHolder                   : loaded 2 times (x 70B)
Class kotlin.NotImplementedError                                                      : loaded 2 times (x 82B)
Class kotlin.enums.EnumEntriesKt                                                      : loaded 2 times (x 71B)
Class org.gradle.internal.classloader.SystemClassLoaderSpec                           : loaded 2 times (x 71B)
Class org.gradle.internal.exceptions.MultiCauseException                              : loaded 2 times (x 70B)
Class org.gradle.internal.time.CountdownTimer                                         : loaded 2 times (x 70B)
Class kotlin.jvm.internal.Intrinsics                                                  : loaded 2 times (x 71B)
Class org.gradle.tooling.model.ProjectModel                                           : loaded 2 times (x 70B)
Class kotlin.KotlinNullPointerException                                               : loaded 2 times (x 83B)
Class ijInit2_eya4u2wudt2ha6rho2v0vspgf                                               : loaded 2 times (x 171B)
Class org.gradle.internal.exceptions.DefaultMultiCauseException                       : loaded 2 times (x 95B)
Class com.google.common.base.Preconditions                                            : loaded 2 times (x 71B)
Class ijInit2_eya4u2wudt2ha6rho2v0vspgf$_run_closure1                                 : loaded 2 times (x 140B)
Class com.google.common.collect.PeekingIterator                                       : loaded 2 times (x 70B)
Class org.gradle.internal.time.Time                                                   : loaded 2 times (x 71B)
Class org.gradle.api.internal.classpath.GlobalCacheRootsProvider                      : loaded 2 times (x 70B)
Class org.gradle.tooling.model.BuildIdentifier                                        : loaded 2 times (x 70B)
Class kotlin.NoWhenBranchMatchedException                                             : loaded 2 times (x 82B)
Class org.gradle.internal.time.Timer                                                  : loaded 2 times (x 70B)
Class kotlin.jvm.internal.markers.KMappedMarker                                       : loaded 2 times (x 70B)
Class org.gradle.internal.installation.CurrentGradleInstallationLocator               : loaded 2 times (x 71B)
Class com.google.common.collect.ImmutableList                                         : loaded 2 times (x 206B)
Class org.gradle.internal.service.DefaultServiceLocator                               : loaded 2 times (x 83B)
Class org.gradle.util.GradleVersion                                                   : loaded 2 times (x 81B)
Class org.gradle.internal.installation.CurrentGradleInstallation                      : loaded 2 times (x 73B)
Class org.gradle.util.internal.GUtil                                                  : loaded 2 times (x 71B)
Class com.google.common.collect.Iterators$MergingIterator                             : loaded 2 times (x 81B)
Class org.gradle.internal.installation.GradleInstallation                             : loaded 2 times (x 75B)

---------------  S Y S T E M  ---------------

OS:
 Windows 11 , 64 bit Build 26100 (10.0.26100.8246)
OS uptime: 1 days 5:18 hours
Hyper-V role detected

CPU: total 4 (initial active 4) (2 cores per cpu, 2 threads per core) family 6 model 142 stepping 9 microcode 0xde, cx8, cmov, fxsr, ht, mmx, 3dnowpref, sse, sse2, sse3, ssse3, sse4.1, sse4.2, popcnt, lzcnt, tsc, tscinvbit, avx, avx2, aes, erms, clmul, bmi1, bmi2, adx, fma, vzeroupper, clflush, clflushopt, hv, rdtscp, f16c
Processor Information for the first 4 processors :
  Max Mhz: 1608, Current Mhz: 1206, Mhz Limit: 1206

Memory: 4k page, system-wide physical 8082M (525M free)
TotalPageFile size 16082M (AvailPageFile size 0M)
current process WorkingSet (physical memory assigned to process): 334M, peak: 334M
current process commit charge ("private bytes"): 399M, peak: 399M

vm_info: OpenJDK 64-Bit Server VM (21.0.9+-14787801-b1163.94) for windows-amd64 JRE (21.0.9+-14787801-b1163.94), built on 2026-01-27T21:15:44Z by "builder" with MS VC++ 16.10 / 16.11 (VS2019)

END.
