#
# There is insufficient memory for the Java Runtime Environment to continue.
# Native memory allocation (malloc) failed to allocate 577136 bytes. Error detail: Chunk::new
# Possible reasons:
#   The system is out of physical RAM or swap space
#   This process is running with CompressedOops enabled, and the Java Heap may be blocking the growth of the native heap
# Possible solutions:
#   Reduce memory load on the system
#   Increase physical memory or swap space
#   Check if swap backing store is full
#   Decrease Java heap size (-Xmx/-Xms)
#   Decrease number of Java threads
#   Decrease Java thread stack sizes (-Xss)
#   Set larger code cache with -XX:ReservedCodeCacheSize=
#   JVM is running with Unscaled Compressed Oops mode in which the Java heap is
#     placed in the first 4GB address space. The Java Heap base address is the
#     maximum limit for the native heap growth. Please use -XX:HeapBaseMinAddress
#     to set the Java Heap base and to place the Java Heap above 4GB virtual address.
# This output file may be truncated or incomplete.
#
#  Out of Memory Error (arena.cpp:168), pid=2616, tid=16332
#
# JRE version: OpenJDK Runtime Environment (21.0.9) (build 21.0.9+-14787801-b1163.94)
# Java VM: OpenJDK 64-Bit Server VM (21.0.9+-14787801-b1163.94, mixed mode, tiered, compressed oops, compressed class ptrs, g1 gc, windows-amd64)
# No core dump will be written. Minidumps are not enabled by default on client versions of Windows
#

---------------  S U M M A R Y ------------

Command Line: --add-opens=java.base/java.lang=ALL-UNNAMED --add-opens=java.base/java.lang.invoke=ALL-UNNAMED --add-opens=java.base/java.util=ALL-UNNAMED --add-opens=java.prefs/java.util.prefs=ALL-UNNAMED --add-exports=jdk.compiler/com.sun.tools.javac.api=ALL-UNNAMED --add-exports=jdk.compiler/com.sun.tools.javac.util=ALL-UNNAMED --add-opens=java.base/java.util=ALL-UNNAMED --add-opens=java.prefs/java.util.prefs=ALL-UNNAMED --add-opens=java.base/java.nio.charset=ALL-UNNAMED --add-opens=java.base/java.net=ALL-UNNAMED --add-opens=java.base/java.util.concurrent=ALL-UNNAMED --add-opens=java.base/java.util.concurrent.atomic=ALL-UNNAMED --add-opens=java.xml/javax.xml.namespace=ALL-UNNAMED --add-opens=java.base/java.time=ALL-UNNAMED -Xmx2048m -Dfile.encoding=UTF-8 -Duser.country=US -Duser.language=en -Duser.variant -javaagent:C:\Users\Administrator\.gradle\wrapper\dists\gradle-9.3.1-bin\23ovyewtku6u96viwx3xl3oks\gradle-9.3.1\lib\agents\gradle-instrumentation-agent-9.3.1.jar org.gradle.launcher.daemon.bootstrap.GradleDaemon 9.3.1

Host: Intel(R) Core(TM) i5-7Y54 CPU @ 1.20GHz, 4 cores, 7G,  Windows 11 , 64 bit Build 26100 (10.0.26100.8246)
Time: Wed Apr 22 17:41:31 2026 E. Africa Standard Time elapsed time: 111.721837 seconds (0d 0h 1m 51s)

---------------  T H R E A D  ---------------

Current thread (0x000000001a1f1db0):  JavaThread "C2 CompilerThread0" daemon [_thread_in_native, id=16332, stack(0x000000001ad70000,0x000000001ae70000) (1024K)]


Current CompileTask:
C2:111723 10060       4       java.lang.PublicMethods::merge (81 bytes)

Stack: [0x000000001ad70000,0x000000001ae70000]
Native frames: (J=compiled Java code, j=interpreted, Vv=VM code, C=native code)
V  [jvm.dll+0x6d6c99]
V  [jvm.dll+0x866b83]
V  [jvm.dll+0x8691ae]
V  [jvm.dll+0x869893]
V  [jvm.dll+0x280776]
V  [jvm.dll+0xc07cd]
V  [jvm.dll+0xc0d03]
V  [jvm.dll+0x3b9831]
V  [jvm.dll+0x3856a7]
V  [jvm.dll+0x384b1a]
V  [jvm.dll+0x249462]
V  [jvm.dll+0x248a31]
V  [jvm.dll+0x1c7344]
V  [jvm.dll+0x2581ae]
V  [jvm.dll+0x2566f6]
V  [jvm.dll+0x3f48a6]
V  [jvm.dll+0x80f118]
V  [jvm.dll+0x6d54ed]
C  [ucrtbase.dll+0x37b0]
C  [KERNEL32.DLL+0x2e8d7]
C  [ntdll.dll+0x8c3fc]


---------------  P R O C E S S  ---------------

Threads class SMR info:
_java_thread_list=0x000000001f706730, length=59, elements={
0x0000000000446970, 0x000000001a1cb560, 0x000000001a1d8d40, 0x000000001a1da310,
0x000000001a1de010, 0x000000001a1dea70, 0x000000001a1df4d0, 0x000000001a1f0010,
0x000000001a1f1db0, 0x000000001a2027c0, 0x000000001a50ebc0, 0x0000000020933b30,
0x000000001fddd810, 0x00000000207d8420, 0x000000001a4d0ec0, 0x0000000020aca130,
0x000000001f203e30, 0x0000000020ac90d0, 0x0000000020da83f0, 0x0000000020da5600,
0x0000000020da8a80, 0x0000000020da69b0, 0x0000000020da5c90, 0x0000000020da6320,
0x00000000233d5870, 0x00000000233d5f00, 0x00000000233d51e0, 0x00000000233d6590,
0x00000000233d6c20, 0x00000000233d72b0, 0x00000000233d7940, 0x00000000233d44c0,
0x00000000233d7fd0, 0x00000000233d4b50, 0x00000000233da730, 0x00000000233d8cf0,
0x0000000021023c20, 0x0000000021024fd0, 0x0000000021024940, 0x0000000021025660,
0x00000000210221e0, 0x0000000021025cf0, 0x0000000021022870, 0x0000000021022f00,
0x00000000210242b0, 0x0000000021026380, 0x0000000021023590, 0x0000000021027dc0,
0x0000000021026a10, 0x00000000210270a0, 0x0000000023b9c0d0, 0x0000000023b9c760,
0x0000000023b9f550, 0x0000000023ba0270, 0x0000000023b9e830, 0x0000000023b9cdf0,
0x0000000023ba0900, 0x0000000023b9d480, 0x0000000023ba0f90
}

Java Threads: ( => current thread )
  0x0000000000446970 JavaThread "main"                              [_thread_blocked, id=1972, stack(0x0000000002050000,0x0000000002150000) (1024K)]
  0x000000001a1cb560 JavaThread "Common-Cleaner"             daemon [_thread_blocked, id=14580, stack(0x000000001a670000,0x000000001a770000) (1024K)]
  0x000000001a1d8d40 JavaThread "Reference Handler"          daemon [_thread_blocked, id=13660, stack(0x000000001a770000,0x000000001a870000) (1024K)]
  0x000000001a1da310 JavaThread "Finalizer"                  daemon [_thread_blocked, id=3324, stack(0x000000001a870000,0x000000001a970000) (1024K)]
  0x000000001a1de010 JavaThread "Signal Dispatcher"          daemon [_thread_blocked, id=2936, stack(0x000000001a970000,0x000000001aa70000) (1024K)]
  0x000000001a1dea70 JavaThread "Attach Listener"            daemon [_thread_blocked, id=3596, stack(0x000000001aa70000,0x000000001ab70000) (1024K)]
  0x000000001a1df4d0 JavaThread "Service Thread"             daemon [_thread_blocked, id=15376, stack(0x000000001ab70000,0x000000001ac70000) (1024K)]
  0x000000001a1f0010 JavaThread "Monitor Deflation Thread"   daemon [_thread_blocked, id=20140, stack(0x000000001ac70000,0x000000001ad70000) (1024K)]
=>0x000000001a1f1db0 JavaThread "C2 CompilerThread0"         daemon [_thread_in_native, id=16332, stack(0x000000001ad70000,0x000000001ae70000) (1024K)]
  0x000000001a2027c0 JavaThread "C1 CompilerThread0"         daemon [_thread_blocked, id=13276, stack(0x000000001ae70000,0x000000001af70000) (1024K)]
  0x000000001a50ebc0 JavaThread "Notification Thread"        daemon [_thread_blocked, id=15992, stack(0x000000001f800000,0x000000001f900000) (1024K)]
  0x0000000020933b30 JavaThread "Daemon health stats"               [_thread_blocked, id=19276, stack(0x0000000021d00000,0x0000000021e00000) (1024K)]
  0x000000001fddd810 JavaThread "Incoming local TCP Connector on port 32741"        [_thread_in_native, id=12760, stack(0x0000000022140000,0x0000000022240000) (1024K)]
  0x00000000207d8420 JavaThread "Daemon periodic checks"            [_thread_blocked, id=18368, stack(0x0000000022240000,0x0000000022340000) (1024K)]
  0x000000001a4d0ec0 JavaThread "Daemon"                            [_thread_blocked, id=13936, stack(0x0000000022340000,0x0000000022440000) (1024K)]
  0x0000000020aca130 JavaThread "Handler for socket connection from /127.0.0.1:32741 to /127.0.0.1:32742"        [_thread_in_native, id=19240, stack(0x0000000022440000,0x0000000022540000) (1024K)]
  0x000000001f203e30 JavaThread "Cancel handler"                    [_thread_blocked, id=20440, stack(0x0000000022540000,0x0000000022640000) (1024K)]
  0x0000000020ac90d0 JavaThread "Daemon worker"                     [_thread_in_vm, id=16412, stack(0x0000000022640000,0x0000000022740000) (1024K)]
  0x0000000020da83f0 JavaThread "Asynchronous log dispatcher for DefaultDaemonConnection: socket connection from /127.0.0.1:32741 to /127.0.0.1:32742"        [_thread_blocked, id=13132, stack(0x0000000022840000,0x0000000022940000) (1024K)]
  0x0000000020da5600 JavaThread "Stdin handler"                     [_thread_blocked, id=14804, stack(0x0000000022940000,0x0000000022a40000) (1024K)]
  0x0000000020da8a80 JavaThread "Daemon client event forwarder"        [_thread_blocked, id=20396, stack(0x0000000022a40000,0x0000000022b40000) (1024K)]
  0x0000000020da69b0 JavaThread "Cache worker for journal cache (C:\Users\Administrator\.gradle\caches\journal-1)"        [_thread_blocked, id=9252, stack(0x0000000022b40000,0x0000000022c40000) (1024K)]
  0x0000000020da5c90 JavaThread "File lock request listener"        [_thread_in_native, id=20172, stack(0x0000000022c40000,0x0000000022d40000) (1024K)]
  0x0000000020da6320 JavaThread "Cache worker for file hash cache (C:\Users\Administrator\.gradle\caches\9.3.1\fileHashes)"        [_thread_blocked, id=10516, stack(0x0000000022d40000,0x0000000022e40000) (1024K)]
  0x00000000233d5870 JavaThread "Cache worker for file hash cache (C:\Users\Administrator\AndroidStudioProjects\SmartNotify\.gradle\9.3.1\fileHashes)"        [_thread_blocked, id=20080, stack(0x0000000022e40000,0x0000000022f40000) (1024K)]
  0x00000000233d5f00 JavaThread "Cache worker for Build Output Cleanup Cache (C:\Users\Administrator\AndroidStudioProjects\SmartNotify\.gradle\buildOutputCleanup)"        [_thread_blocked, id=6196, stack(0x0000000023f50000,0x0000000024050000) (1024K)]
  0x00000000233d51e0 JavaThread "File watcher server"        daemon [_thread_in_native, id=15888, stack(0x0000000024050000,0x0000000024150000) (1024K)]
  0x00000000233d6590 JavaThread "File watcher consumer"      daemon [_thread_blocked, id=15236, stack(0x0000000024150000,0x0000000024250000) (1024K)]
  0x00000000233d6c20 JavaThread "jar transforms"                    [_thread_blocked, id=18908, stack(0x0000000024250000,0x0000000024350000) (1024K)]
  0x00000000233d72b0 JavaThread "jar transforms Thread 2"           [_thread_blocked, id=9092, stack(0x0000000024350000,0x0000000024450000) (1024K)]
  0x00000000233d7940 JavaThread "jar transforms Thread 3"           [_thread_blocked, id=16872, stack(0x0000000024450000,0x0000000024550000) (1024K)]
  0x00000000233d44c0 JavaThread "jar transforms Thread 4"           [_thread_blocked, id=10752, stack(0x0000000024550000,0x0000000024650000) (1024K)]
  0x00000000233d7fd0 JavaThread "Cache worker for checksums cache (C:\Users\Administrator\AndroidStudioProjects\SmartNotify\.gradle\9.3.1\checksums)"        [_thread_blocked, id=15304, stack(0x0000000024650000,0x0000000024750000) (1024K)]
  0x00000000233d4b50 JavaThread "Cache worker for file content cache (C:\Users\Administrator\.gradle\caches\9.3.1\fileContent)"        [_thread_blocked, id=8672, stack(0x0000000024750000,0x0000000024850000) (1024K)]
  0x00000000233da730 JavaThread "Cache worker for cache directory md-supplier (C:\Users\Administrator\.gradle\caches\9.3.1\md-supplier)"        [_thread_blocked, id=14032, stack(0x0000000024850000,0x0000000024950000) (1024K)]
  0x00000000233d8cf0 JavaThread "Cache worker for cache directory md-rule (C:\Users\Administrator\.gradle\caches\9.3.1\md-rule)"        [_thread_blocked, id=5876, stack(0x0000000025a00000,0x0000000025b00000) (1024K)]
  0x0000000021023c20 JavaThread "Unconstrained build operations"        [_thread_blocked, id=19708, stack(0x0000000000670000,0x0000000000770000) (1024K)]
  0x0000000021024fd0 JavaThread "Unconstrained build operations Thread 2"        [_thread_blocked, id=17980, stack(0x0000000002150000,0x0000000002250000) (1024K)]
  0x0000000021024940 JavaThread "Unconstrained build operations Thread 3"        [_thread_blocked, id=15548, stack(0x0000000026ad0000,0x0000000026bd0000) (1024K)]
  0x0000000021025660 JavaThread "Unconstrained build operations Thread 4"        [_thread_blocked, id=9128, stack(0x0000000026bd0000,0x0000000026cd0000) (1024K)]
  0x00000000210221e0 JavaThread "Unconstrained build operations Thread 5"        [_thread_blocked, id=19732, stack(0x0000000026cd0000,0x0000000026dd0000) (1024K)]
  0x0000000021025cf0 JavaThread "Unconstrained build operations Thread 6"        [_thread_blocked, id=308, stack(0x0000000026dd0000,0x0000000026ed0000) (1024K)]
  0x0000000021022870 JavaThread "Unconstrained build operations Thread 7"        [_thread_blocked, id=10504, stack(0x0000000026ed0000,0x0000000026fd0000) (1024K)]
  0x0000000021022f00 JavaThread "Unconstrained build operations Thread 8"        [_thread_blocked, id=17372, stack(0x0000000026fd0000,0x00000000270d0000) (1024K)]
  0x00000000210242b0 JavaThread "Unconstrained build operations Thread 9"        [_thread_blocked, id=20212, stack(0x00000000270d0000,0x00000000271d0000) (1024K)]
  0x0000000021026380 JavaThread "Unconstrained build operations Thread 10"        [_thread_blocked, id=13080, stack(0x00000000271d0000,0x00000000272d0000) (1024K)]
  0x0000000021023590 JavaThread "File lock release action executor"        [_thread_blocked, id=18900, stack(0x00000000272d0000,0x00000000273d0000) (1024K)]
  0x0000000021027dc0 JavaThread "Unconstrained build operations Thread 11"        [_thread_blocked, id=16956, stack(0x0000000027720000,0x0000000027820000) (1024K)]
  0x0000000021026a10 JavaThread "Unconstrained build operations Thread 12"        [_thread_blocked, id=9476, stack(0x00000000273d0000,0x00000000274d0000) (1024K)]
  0x00000000210270a0 JavaThread "Unconstrained build operations Thread 13"        [_thread_blocked, id=12792, stack(0x00000000274d0000,0x00000000275d0000) (1024K)]
  0x0000000023b9c0d0 JavaThread "Unconstrained build operations Thread 14"        [_thread_blocked, id=10532, stack(0x00000000275d0000,0x00000000276d0000) (1024K)]
  0x0000000023b9c760 JavaThread "Unconstrained build operations Thread 15"        [_thread_blocked, id=11712, stack(0x0000000027820000,0x0000000027920000) (1024K)]
  0x0000000023b9f550 JavaThread "Unconstrained build operations Thread 16"        [_thread_blocked, id=15084, stack(0x0000000027920000,0x0000000027a20000) (1024K)]
  0x0000000023ba0270 JavaThread "Unconstrained build operations Thread 17"        [_thread_blocked, id=19628, stack(0x0000000027a20000,0x0000000027b20000) (1024K)]
  0x0000000023b9e830 JavaThread "Unconstrained build operations Thread 18"        [_thread_blocked, id=1548, stack(0x0000000027b20000,0x0000000027c20000) (1024K)]
  0x0000000023b9cdf0 JavaThread "Unconstrained build operations Thread 19"        [_thread_blocked, id=13112, stack(0x0000000027c20000,0x0000000027d20000) (1024K)]
  0x0000000023ba0900 JavaThread "Unconstrained build operations Thread 20"        [_thread_blocked, id=17220, stack(0x0000000027d20000,0x0000000027e20000) (1024K)]
  0x0000000023b9d480 JavaThread "Unconstrained build operations Thread 21"        [_thread_blocked, id=7196, stack(0x0000000027e20000,0x0000000027f20000) (1024K)]
  0x0000000023ba0f90 JavaThread "Unconstrained build operations Thread 22"        [_thread_blocked, id=19160, stack(0x0000000027f20000,0x0000000028020000) (1024K)]
Total: 59

Other Threads:
  0x0000000019cf9cb0 VMThread "VM Thread"                           [id=18956, stack(0x000000001a570000,0x000000001a670000) (1024K)]
  0x0000000019cadc70 WatcherThread "VM Periodic Task Thread"        [id=8076, stack(0x000000001a070000,0x000000001a170000) (1024K)]
  0x0000000002bf4500 WorkerThread "GC Thread#0"                     [id=19196, stack(0x0000000002980000,0x0000000002a80000) (1024K)]
  0x000000001f15b3f0 WorkerThread "GC Thread#1"                     [id=9652, stack(0x000000001f900000,0x000000001fa00000) (1024K)]
  0x000000001f17be20 WorkerThread "GC Thread#2"                     [id=16136, stack(0x000000001fa00000,0x000000001fb00000) (1024K)]
  0x000000001f14a3d0 WorkerThread "GC Thread#3"                     [id=14340, stack(0x000000001fb00000,0x000000001fc00000) (1024K)]
  0x0000000002c053f0 ConcurrentGCThread "G1 Main Marker"            [id=18512, stack(0x0000000017500000,0x0000000017600000) (1024K)]
  0x0000000002c06c40 WorkerThread "G1 Conc#0"                       [id=4436, stack(0x0000000017600000,0x0000000017700000) (1024K)]
  0x0000000002c5e980 ConcurrentGCThread "G1 Refine#0"               [id=11300, stack(0x0000000019d40000,0x0000000019e40000) (1024K)]
  0x0000000019b724d0 ConcurrentGCThread "G1 Service"                [id=16424, stack(0x0000000019e40000,0x0000000019f40000) (1024K)]
Total: 10

Threads with active compile tasks:
C2 CompilerThread0  111782 10060       4       java.lang.PublicMethods::merge (81 bytes)
Total: 1

VM state: not at safepoint (normal execution)

VM Mutex/Monitor currently owned by a thread: None

Heap address: 0x0000000080000000, size: 2048 MB, Compressed Oops mode: 32-bit

CDS archive(s) not mapped
Compressed class space mapped at: 0x0000000100000000-0x0000000140000000, reserved size: 1073741824
Narrow klass base: 0x0000000000000000, Narrow klass shift: 3, Narrow klass range: 0x140000000

GC Precious Log:
 CardTable entry size: 512
 Card Set container configuration: InlinePtr #cards 5 size 8 Array Of Cards #cards 12 size 40 Howl #buckets 4 coarsen threshold 1843 Howl Bitmap #cards 512 size 80 coarsen threshold 460 Card regions per heap region 1 cards per card region 2048
 CPUs: 4 total, 4 available
 Memory: 8082M
 Large Page Support: Disabled
 NUMA Support: Disabled
 Compressed Oops: Enabled (32-bit)
 Heap Region Size: 1M
 Heap Min Capacity: 8M
 Heap Initial Capacity: 128M
 Heap Max Capacity: 2G
 Pre-touch: Disabled
 Parallel Workers: 4
 Concurrent Workers: 1
 Concurrent Refinement Workers: 4
 Periodic GC: Disabled

Heap:
 garbage-first heap   total 234496K, used 195876K [0x0000000080000000, 0x0000000100000000)
  region size 1024K, 96 young (98304K), 15 survivors (15360K)
 Metaspace       used 96820K, committed 98880K, reserved 1179648K
  class space    used 13694K, committed 14656K, reserved 1048576K

Heap Regions: E=young(eden), S=young(survivor), O=old, HS=humongous(starts), HC=humongous(continues), CS=collection set, F=free, TAMS=top-at-mark-start, PB=parsable bottom
|   0|0x0000000080000000, 0x0000000080100000, 0x0000000080100000|100%|HS|  |TAMS 0x0000000080000000| PB 0x0000000080000000| Complete 
|   1|0x0000000080100000, 0x0000000080200000, 0x0000000080200000|100%|HC|  |TAMS 0x0000000080100000| PB 0x0000000080100000| Complete 
|   2|0x0000000080200000, 0x0000000080300000, 0x0000000080300000|100%|HC|  |TAMS 0x0000000080200000| PB 0x0000000080200000| Complete 
|   3|0x0000000080300000, 0x0000000080400000, 0x0000000080400000|100%|HC|  |TAMS 0x0000000080300000| PB 0x0000000080300000| Complete 
|   4|0x0000000080400000, 0x0000000080500000, 0x0000000080500000|100%|HS|  |TAMS 0x0000000080400000| PB 0x0000000080400000| Complete 
|   5|0x0000000080500000, 0x0000000080600000, 0x0000000080600000|100%| O|  |TAMS 0x0000000080500000| PB 0x0000000080500000| Untracked 
|   6|0x0000000080600000, 0x0000000080700000, 0x0000000080700000|100%| O|  |TAMS 0x0000000080600000| PB 0x0000000080600000| Untracked 
|   7|0x0000000080700000, 0x0000000080800000, 0x0000000080800000|100%| O|  |TAMS 0x0000000080700000| PB 0x0000000080700000| Untracked 
|   8|0x0000000080800000, 0x0000000080900000, 0x0000000080900000|100%| O|  |TAMS 0x0000000080800000| PB 0x0000000080800000| Untracked 
|   9|0x0000000080900000, 0x0000000080a00000, 0x0000000080a00000|100%| O|  |TAMS 0x0000000080900000| PB 0x0000000080900000| Untracked 
|  10|0x0000000080a00000, 0x0000000080b00000, 0x0000000080b00000|100%| O|  |TAMS 0x0000000080a00000| PB 0x0000000080a00000| Untracked 
|  11|0x0000000080b00000, 0x0000000080c00000, 0x0000000080c00000|100%| O|  |TAMS 0x0000000080b00000| PB 0x0000000080b00000| Untracked 
|  12|0x0000000080c00000, 0x0000000080d00000, 0x0000000080d00000|100%| O|  |TAMS 0x0000000080c00000| PB 0x0000000080c00000| Untracked 
|  13|0x0000000080d00000, 0x0000000080e00000, 0x0000000080e00000|100%| O|  |TAMS 0x0000000080d00000| PB 0x0000000080d00000| Untracked 
|  14|0x0000000080e00000, 0x0000000080f00000, 0x0000000080f00000|100%| O|  |TAMS 0x0000000080e00000| PB 0x0000000080e00000| Untracked 
|  15|0x0000000080f00000, 0x0000000081000000, 0x0000000081000000|100%| O|  |TAMS 0x0000000080f00000| PB 0x0000000080f00000| Untracked 
|  16|0x0000000081000000, 0x0000000081100000, 0x0000000081100000|100%| O|  |TAMS 0x0000000081000000| PB 0x0000000081000000| Untracked 
|  17|0x0000000081100000, 0x0000000081200000, 0x0000000081200000|100%| O|  |TAMS 0x0000000081100000| PB 0x0000000081100000| Untracked 
|  18|0x0000000081200000, 0x0000000081300000, 0x0000000081300000|100%| O|  |TAMS 0x0000000081200000| PB 0x0000000081200000| Untracked 
|  19|0x0000000081300000, 0x0000000081400000, 0x0000000081400000|100%| O|  |TAMS 0x0000000081300000| PB 0x0000000081300000| Untracked 
|  20|0x0000000081400000, 0x0000000081500000, 0x0000000081500000|100%| O|  |TAMS 0x0000000081400000| PB 0x0000000081400000| Untracked 
|  21|0x0000000081500000, 0x0000000081600000, 0x0000000081600000|100%| O|  |TAMS 0x0000000081500000| PB 0x0000000081500000| Untracked 
|  22|0x0000000081600000, 0x0000000081700000, 0x0000000081700000|100%|HS|  |TAMS 0x0000000081600000| PB 0x0000000081600000| Complete 
|  23|0x0000000081700000, 0x0000000081800000, 0x0000000081800000|100%|HC|  |TAMS 0x0000000081700000| PB 0x0000000081700000| Complete 
|  24|0x0000000081800000, 0x0000000081900000, 0x0000000081900000|100%|HC|  |TAMS 0x0000000081800000| PB 0x0000000081800000| Complete 
|  25|0x0000000081900000, 0x0000000081a00000, 0x0000000081a00000|100%|HC|  |TAMS 0x0000000081900000| PB 0x0000000081900000| Complete 
|  26|0x0000000081a00000, 0x0000000081b00000, 0x0000000081b00000|100%|HC|  |TAMS 0x0000000081a00000| PB 0x0000000081a00000| Complete 
|  27|0x0000000081b00000, 0x0000000081c00000, 0x0000000081c00000|100%|HC|  |TAMS 0x0000000081b00000| PB 0x0000000081b00000| Complete 
|  28|0x0000000081c00000, 0x0000000081d00000, 0x0000000081d00000|100%|HS|  |TAMS 0x0000000081c00000| PB 0x0000000081c00000| Complete 
|  29|0x0000000081d00000, 0x0000000081e00000, 0x0000000081e00000|100%|HC|  |TAMS 0x0000000081d00000| PB 0x0000000081d00000| Complete 
|  30|0x0000000081e00000, 0x0000000081f00000, 0x0000000081f00000|100%|HS|  |TAMS 0x0000000081e00000| PB 0x0000000081e00000| Complete 
|  31|0x0000000081f00000, 0x0000000082000000, 0x0000000082000000|100%|HS|  |TAMS 0x0000000081f00000| PB 0x0000000081f00000| Complete 
|  32|0x0000000082000000, 0x0000000082100000, 0x0000000082100000|100%|HC|  |TAMS 0x0000000082000000| PB 0x0000000082000000| Complete 
|  33|0x0000000082100000, 0x0000000082200000, 0x0000000082200000|100%|HC|  |TAMS 0x0000000082100000| PB 0x0000000082100000| Complete 
|  34|0x0000000082200000, 0x0000000082300000, 0x0000000082300000|100%|HC|  |TAMS 0x0000000082200000| PB 0x0000000082200000| Complete 
|  35|0x0000000082300000, 0x0000000082400000, 0x0000000082400000|100%|HC|  |TAMS 0x0000000082300000| PB 0x0000000082300000| Complete 
|  36|0x0000000082400000, 0x0000000082500000, 0x0000000082500000|100%|HC|  |TAMS 0x0000000082400000| PB 0x0000000082400000| Complete 
|  37|0x0000000082500000, 0x0000000082600000, 0x0000000082600000|100%|HS|  |TAMS 0x0000000082500000| PB 0x0000000082500000| Complete 
|  38|0x0000000082600000, 0x0000000082700000, 0x0000000082700000|100%|HC|  |TAMS 0x0000000082600000| PB 0x0000000082600000| Complete 
|  39|0x0000000082700000, 0x0000000082800000, 0x0000000082800000|100%|HS|  |TAMS 0x0000000082700000| PB 0x0000000082700000| Complete 
|  40|0x0000000082800000, 0x0000000082900000, 0x0000000082900000|100%| O|  |TAMS 0x0000000082800000| PB 0x0000000082800000| Untracked 
|  41|0x0000000082900000, 0x0000000082a00000, 0x0000000082a00000|100%| O|  |TAMS 0x0000000082900000| PB 0x0000000082900000| Untracked 
|  42|0x0000000082a00000, 0x0000000082b00000, 0x0000000082b00000|100%| O|  |TAMS 0x0000000082a00000| PB 0x0000000082a00000| Untracked 
|  43|0x0000000082b00000, 0x0000000082c00000, 0x0000000082c00000|100%| O|  |TAMS 0x0000000082b00000| PB 0x0000000082b00000| Untracked 
|  44|0x0000000082c00000, 0x0000000082d00000, 0x0000000082d00000|100%| O|  |TAMS 0x0000000082c00000| PB 0x0000000082c00000| Untracked 
|  45|0x0000000082d00000, 0x0000000082e00000, 0x0000000082e00000|100%| O|  |TAMS 0x0000000082d00000| PB 0x0000000082d00000| Untracked 
|  46|0x0000000082e00000, 0x0000000082f00000, 0x0000000082f00000|100%| O|  |TAMS 0x0000000082e00000| PB 0x0000000082e00000| Untracked 
|  47|0x0000000082f00000, 0x0000000083000000, 0x0000000083000000|100%| O|  |TAMS 0x0000000082f00000| PB 0x0000000082f00000| Untracked 
|  48|0x0000000083000000, 0x0000000083100000, 0x0000000083100000|100%| O|  |TAMS 0x0000000083000000| PB 0x0000000083000000| Untracked 
|  49|0x0000000083100000, 0x0000000083200000, 0x0000000083200000|100%| O|  |TAMS 0x0000000083100000| PB 0x0000000083100000| Untracked 
|  50|0x0000000083200000, 0x0000000083300000, 0x0000000083300000|100%|HS|  |TAMS 0x0000000083200000| PB 0x0000000083200000| Complete 
|  51|0x0000000083300000, 0x0000000083400000, 0x0000000083400000|100%|HC|  |TAMS 0x0000000083300000| PB 0x0000000083300000| Complete 
|  52|0x0000000083400000, 0x0000000083500000, 0x0000000083500000|100%| O|  |TAMS 0x0000000083400000| PB 0x0000000083400000| Untracked 
|  53|0x0000000083500000, 0x0000000083600000, 0x0000000083600000|100%| S|CS|TAMS 0x0000000083500000| PB 0x0000000083500000| Complete 
|  54|0x0000000083600000, 0x0000000083700000, 0x0000000083700000|100%| O|  |TAMS 0x0000000083600000| PB 0x0000000083600000| Untracked 
|  55|0x0000000083700000, 0x0000000083800000, 0x0000000083800000|100%| O|  |TAMS 0x0000000083700000| PB 0x0000000083700000| Untracked 
|  56|0x0000000083800000, 0x0000000083900000, 0x0000000083900000|100%| O|  |TAMS 0x0000000083800000| PB 0x0000000083800000| Untracked 
|  57|0x0000000083900000, 0x0000000083a00000, 0x0000000083a00000|100%| O|  |TAMS 0x0000000083900000| PB 0x0000000083900000| Untracked 
|  58|0x0000000083a00000, 0x0000000083b00000, 0x0000000083b00000|100%| O|  |TAMS 0x0000000083a00000| PB 0x0000000083a00000| Untracked 
|  59|0x0000000083b00000, 0x0000000083c00000, 0x0000000083c00000|100%| O|  |TAMS 0x0000000083b00000| PB 0x0000000083b00000| Untracked 
|  60|0x0000000083c00000, 0x0000000083d00000, 0x0000000083d00000|100%| O|  |TAMS 0x0000000083c00000| PB 0x0000000083c00000| Untracked 
|  61|0x0000000083d00000, 0x0000000083e00000, 0x0000000083e00000|100%| O|  |TAMS 0x0000000083d00000| PB 0x0000000083d00000| Untracked 
|  62|0x0000000083e00000, 0x0000000083f00000, 0x0000000083f00000|100%| O|  |TAMS 0x0000000083e00000| PB 0x0000000083e00000| Untracked 
|  63|0x0000000083f00000, 0x0000000084000000, 0x0000000084000000|100%| O|  |TAMS 0x0000000083f00000| PB 0x0000000083f00000| Untracked 
|  64|0x0000000084000000, 0x0000000084100000, 0x0000000084100000|100%| O|  |TAMS 0x0000000084000000| PB 0x0000000084000000| Untracked 
|  65|0x0000000084100000, 0x0000000084200000, 0x0000000084200000|100%| O|  |TAMS 0x0000000084100000| PB 0x0000000084100000| Untracked 
|  66|0x0000000084200000, 0x0000000084300000, 0x0000000084300000|100%| O|  |TAMS 0x0000000084200000| PB 0x0000000084200000| Untracked 
|  67|0x0000000084300000, 0x0000000084400000, 0x0000000084400000|100%| O|  |TAMS 0x0000000084300000| PB 0x0000000084300000| Untracked 
|  68|0x0000000084400000, 0x0000000084500000, 0x0000000084500000|100%| O|  |TAMS 0x0000000084400000| PB 0x0000000084400000| Untracked 
|  69|0x0000000084500000, 0x0000000084600000, 0x0000000084600000|100%| O|  |TAMS 0x0000000084500000| PB 0x0000000084500000| Untracked 
|  70|0x0000000084600000, 0x0000000084700000, 0x0000000084700000|100%| O|  |TAMS 0x0000000084600000| PB 0x0000000084600000| Untracked 
|  71|0x0000000084700000, 0x0000000084800000, 0x0000000084800000|100%| O|  |TAMS 0x0000000084700000| PB 0x0000000084700000| Untracked 
|  72|0x0000000084800000, 0x0000000084900000, 0x0000000084900000|100%| O|  |TAMS 0x0000000084800000| PB 0x0000000084800000| Untracked 
|  73|0x0000000084900000, 0x0000000084a00000, 0x0000000084a00000|100%| O|  |TAMS 0x0000000084900000| PB 0x0000000084900000| Untracked 
|  74|0x0000000084a00000, 0x0000000084b00000, 0x0000000084b00000|100%| S|CS|TAMS 0x0000000084a00000| PB 0x0000000084a00000| Complete 
|  75|0x0000000084b00000, 0x0000000084c00000, 0x0000000084c00000|100%| S|CS|TAMS 0x0000000084b00000| PB 0x0000000084b00000| Complete 
|  76|0x0000000084c00000, 0x0000000084d00000, 0x0000000084d00000|100%| S|CS|TAMS 0x0000000084c00000| PB 0x0000000084c00000| Complete 
|  77|0x0000000084d00000, 0x0000000084e00000, 0x0000000084e00000|100%| S|CS|TAMS 0x0000000084d00000| PB 0x0000000084d00000| Complete 
|  78|0x0000000084e00000, 0x0000000084f00000, 0x0000000084f00000|100%| S|CS|TAMS 0x0000000084e00000| PB 0x0000000084e00000| Complete 
|  79|0x0000000084f00000, 0x0000000085000000, 0x0000000085000000|100%| S|CS|TAMS 0x0000000084f00000| PB 0x0000000084f00000| Complete 
|  80|0x0000000085000000, 0x0000000085100000, 0x0000000085100000|100%| S|CS|TAMS 0x0000000085000000| PB 0x0000000085000000| Complete 
|  81|0x0000000085100000, 0x0000000085200000, 0x0000000085200000|100%| S|CS|TAMS 0x0000000085100000| PB 0x0000000085100000| Complete 
|  82|0x0000000085200000, 0x0000000085300000, 0x0000000085300000|100%| S|CS|TAMS 0x0000000085200000| PB 0x0000000085200000| Complete 
|  83|0x0000000085300000, 0x0000000085400000, 0x0000000085400000|100%| S|CS|TAMS 0x0000000085300000| PB 0x0000000085300000| Complete 
|  84|0x0000000085400000, 0x0000000085500000, 0x0000000085500000|100%|HS|  |TAMS 0x0000000085400000| PB 0x0000000085400000| Complete 
|  85|0x0000000085500000, 0x0000000085500000, 0x0000000085600000|  0%| F|  |TAMS 0x0000000085500000| PB 0x0000000085500000| Untracked 
|  86|0x0000000085600000, 0x0000000085600000, 0x0000000085700000|  0%| F|  |TAMS 0x0000000085600000| PB 0x0000000085600000| Untracked 
|  87|0x0000000085700000, 0x0000000085700000, 0x0000000085800000|  0%| F|  |TAMS 0x0000000085700000| PB 0x0000000085700000| Untracked 
|  88|0x0000000085800000, 0x0000000085800000, 0x0000000085900000|  0%| F|  |TAMS 0x0000000085800000| PB 0x0000000085800000| Untracked 
|  89|0x0000000085900000, 0x0000000085900000, 0x0000000085a00000|  0%| F|  |TAMS 0x0000000085900000| PB 0x0000000085900000| Untracked 
|  90|0x0000000085a00000, 0x0000000085a00000, 0x0000000085b00000|  0%| F|  |TAMS 0x0000000085a00000| PB 0x0000000085a00000| Untracked 
|  91|0x0000000085b00000, 0x0000000085b00000, 0x0000000085c00000|  0%| F|  |TAMS 0x0000000085b00000| PB 0x0000000085b00000| Untracked 
|  92|0x0000000085c00000, 0x0000000085c00000, 0x0000000085d00000|  0%| F|  |TAMS 0x0000000085c00000| PB 0x0000000085c00000| Untracked 
|  93|0x0000000085d00000, 0x0000000085d00000, 0x0000000085e00000|  0%| F|  |TAMS 0x0000000085d00000| PB 0x0000000085d00000| Untracked 
|  94|0x0000000085e00000, 0x0000000085e00000, 0x0000000085f00000|  0%| F|  |TAMS 0x0000000085e00000| PB 0x0000000085e00000| Untracked 
|  95|0x0000000085f00000, 0x0000000085f00000, 0x0000000086000000|  0%| F|  |TAMS 0x0000000085f00000| PB 0x0000000085f00000| Untracked 
|  96|0x0000000086000000, 0x0000000086000000, 0x0000000086100000|  0%| F|  |TAMS 0x0000000086000000| PB 0x0000000086000000| Untracked 
|  97|0x0000000086100000, 0x0000000086100000, 0x0000000086200000|  0%| F|  |TAMS 0x0000000086100000| PB 0x0000000086100000| Untracked 
|  98|0x0000000086200000, 0x0000000086200000, 0x0000000086300000|  0%| F|  |TAMS 0x0000000086200000| PB 0x0000000086200000| Untracked 
|  99|0x0000000086300000, 0x0000000086300000, 0x0000000086400000|  0%| F|  |TAMS 0x0000000086300000| PB 0x0000000086300000| Untracked 
| 100|0x0000000086400000, 0x0000000086400000, 0x0000000086500000|  0%| F|  |TAMS 0x0000000086400000| PB 0x0000000086400000| Untracked 
| 101|0x0000000086500000, 0x0000000086500000, 0x0000000086600000|  0%| F|  |TAMS 0x0000000086500000| PB 0x0000000086500000| Untracked 
| 102|0x0000000086600000, 0x0000000086600000, 0x0000000086700000|  0%| F|  |TAMS 0x0000000086600000| PB 0x0000000086600000| Untracked 
| 103|0x0000000086700000, 0x0000000086700000, 0x0000000086800000|  0%| F|  |TAMS 0x0000000086700000| PB 0x0000000086700000| Untracked 
| 104|0x0000000086800000, 0x0000000086800000, 0x0000000086900000|  0%| F|  |TAMS 0x0000000086800000| PB 0x0000000086800000| Untracked 
| 105|0x0000000086900000, 0x0000000086900000, 0x0000000086a00000|  0%| F|  |TAMS 0x0000000086900000| PB 0x0000000086900000| Untracked 
| 106|0x0000000086a00000, 0x0000000086a00000, 0x0000000086b00000|  0%| F|  |TAMS 0x0000000086a00000| PB 0x0000000086a00000| Untracked 
| 107|0x0000000086b00000, 0x0000000086b00000, 0x0000000086c00000|  0%| F|  |TAMS 0x0000000086b00000| PB 0x0000000086b00000| Untracked 
| 108|0x0000000086c00000, 0x0000000086c00000, 0x0000000086d00000|  0%| F|  |TAMS 0x0000000086c00000| PB 0x0000000086c00000| Untracked 
| 109|0x0000000086d00000, 0x0000000086d00000, 0x0000000086e00000|  0%| F|  |TAMS 0x0000000086d00000| PB 0x0000000086d00000| Untracked 
| 110|0x0000000086e00000, 0x0000000086e00000, 0x0000000086f00000|  0%| F|  |TAMS 0x0000000086e00000| PB 0x0000000086e00000| Untracked 
| 111|0x0000000086f00000, 0x0000000086f00000, 0x0000000087000000|  0%| F|  |TAMS 0x0000000086f00000| PB 0x0000000086f00000| Untracked 
| 112|0x0000000087000000, 0x0000000087000000, 0x0000000087100000|  0%| F|  |TAMS 0x0000000087000000| PB 0x0000000087000000| Untracked 
| 113|0x0000000087100000, 0x0000000087100000, 0x0000000087200000|  0%| F|  |TAMS 0x0000000087100000| PB 0x0000000087100000| Untracked 
| 114|0x0000000087200000, 0x0000000087200000, 0x0000000087300000|  0%| F|  |TAMS 0x0000000087200000| PB 0x0000000087200000| Untracked 
| 115|0x0000000087300000, 0x0000000087300000, 0x0000000087400000|  0%| F|  |TAMS 0x0000000087300000| PB 0x0000000087300000| Untracked 
| 116|0x0000000087400000, 0x0000000087400000, 0x0000000087500000|  0%| F|  |TAMS 0x0000000087400000| PB 0x0000000087400000| Untracked 
| 117|0x0000000087500000, 0x0000000087500000, 0x0000000087600000|  0%| F|  |TAMS 0x0000000087500000| PB 0x0000000087500000| Untracked 
| 118|0x0000000087600000, 0x0000000087600000, 0x0000000087700000|  0%| F|  |TAMS 0x0000000087600000| PB 0x0000000087600000| Untracked 
| 119|0x0000000087700000, 0x0000000087700000, 0x0000000087800000|  0%| F|  |TAMS 0x0000000087700000| PB 0x0000000087700000| Untracked 
| 120|0x0000000087800000, 0x0000000087800000, 0x0000000087900000|  0%| F|  |TAMS 0x0000000087800000| PB 0x0000000087800000| Untracked 
| 121|0x0000000087900000, 0x0000000087980000, 0x0000000087a00000| 50%| E|  |TAMS 0x0000000087900000| PB 0x0000000087900000| Complete 
| 122|0x0000000087a00000, 0x0000000087b00000, 0x0000000087b00000|100%| E|CS|TAMS 0x0000000087a00000| PB 0x0000000087a00000| Complete 
| 123|0x0000000087b00000, 0x0000000087c00000, 0x0000000087c00000|100%| E|CS|TAMS 0x0000000087b00000| PB 0x0000000087b00000| Complete 
| 124|0x0000000087c00000, 0x0000000087d00000, 0x0000000087d00000|100%| E|CS|TAMS 0x0000000087c00000| PB 0x0000000087c00000| Complete 
| 125|0x0000000087d00000, 0x0000000087e00000, 0x0000000087e00000|100%| E|CS|TAMS 0x0000000087d00000| PB 0x0000000087d00000| Complete 
| 126|0x0000000087e00000, 0x0000000087f00000, 0x0000000087f00000|100%| E|CS|TAMS 0x0000000087e00000| PB 0x0000000087e00000| Complete 
| 127|0x0000000087f00000, 0x0000000088000000, 0x0000000088000000|100%| E|CS|TAMS 0x0000000087f00000| PB 0x0000000087f00000| Complete 
| 128|0x0000000088000000, 0x0000000088100000, 0x0000000088100000|100%| E|CS|TAMS 0x0000000088000000| PB 0x0000000088000000| Complete 
| 129|0x0000000088100000, 0x0000000088200000, 0x0000000088200000|100%| E|CS|TAMS 0x0000000088100000| PB 0x0000000088100000| Complete 
| 130|0x0000000088200000, 0x0000000088300000, 0x0000000088300000|100%| E|CS|TAMS 0x0000000088200000| PB 0x0000000088200000| Complete 
| 131|0x0000000088300000, 0x0000000088400000, 0x0000000088400000|100%| E|CS|TAMS 0x0000000088300000| PB 0x0000000088300000| Complete 
| 132|0x0000000088400000, 0x0000000088500000, 0x0000000088500000|100%| E|CS|TAMS 0x0000000088400000| PB 0x0000000088400000| Complete 
| 133|0x0000000088500000, 0x0000000088600000, 0x0000000088600000|100%| E|CS|TAMS 0x0000000088500000| PB 0x0000000088500000| Complete 
| 134|0x0000000088600000, 0x0000000088700000, 0x0000000088700000|100%| E|CS|TAMS 0x0000000088600000| PB 0x0000000088600000| Complete 
| 135|0x0000000088700000, 0x0000000088800000, 0x0000000088800000|100%| E|CS|TAMS 0x0000000088700000| PB 0x0000000088700000| Complete 
| 136|0x0000000088800000, 0x0000000088900000, 0x0000000088900000|100%| E|CS|TAMS 0x0000000088800000| PB 0x0000000088800000| Complete 
| 137|0x0000000088900000, 0x0000000088a00000, 0x0000000088a00000|100%| E|CS|TAMS 0x0000000088900000| PB 0x0000000088900000| Complete 
| 138|0x0000000088a00000, 0x0000000088b00000, 0x0000000088b00000|100%| E|CS|TAMS 0x0000000088a00000| PB 0x0000000088a00000| Complete 
| 139|0x0000000088b00000, 0x0000000088c00000, 0x0000000088c00000|100%| E|CS|TAMS 0x0000000088b00000| PB 0x0000000088b00000| Complete 
| 140|0x0000000088c00000, 0x0000000088d00000, 0x0000000088d00000|100%| E|CS|TAMS 0x0000000088c00000| PB 0x0000000088c00000| Complete 
| 141|0x0000000088d00000, 0x0000000088e00000, 0x0000000088e00000|100%| E|CS|TAMS 0x0000000088d00000| PB 0x0000000088d00000| Complete 
| 142|0x0000000088e00000, 0x0000000088f00000, 0x0000000088f00000|100%| E|CS|TAMS 0x0000000088e00000| PB 0x0000000088e00000| Complete 
| 143|0x0000000088f00000, 0x0000000089000000, 0x0000000089000000|100%| E|CS|TAMS 0x0000000088f00000| PB 0x0000000088f00000| Complete 
| 144|0x0000000089000000, 0x0000000089100000, 0x0000000089100000|100%| E|CS|TAMS 0x0000000089000000| PB 0x0000000089000000| Complete 
| 145|0x0000000089100000, 0x0000000089200000, 0x0000000089200000|100%| E|CS|TAMS 0x0000000089100000| PB 0x0000000089100000| Complete 
| 146|0x0000000089200000, 0x0000000089300000, 0x0000000089300000|100%| E|CS|TAMS 0x0000000089200000| PB 0x0000000089200000| Complete 
| 147|0x0000000089300000, 0x0000000089400000, 0x0000000089400000|100%| E|CS|TAMS 0x0000000089300000| PB 0x0000000089300000| Complete 
| 148|0x0000000089400000, 0x0000000089500000, 0x0000000089500000|100%| E|CS|TAMS 0x0000000089400000| PB 0x0000000089400000| Complete 
| 149|0x0000000089500000, 0x0000000089600000, 0x0000000089600000|100%| E|CS|TAMS 0x0000000089500000| PB 0x0000000089500000| Complete 
| 150|0x0000000089600000, 0x0000000089700000, 0x0000000089700000|100%| E|CS|TAMS 0x0000000089600000| PB 0x0000000089600000| Complete 
| 151|0x0000000089700000, 0x0000000089800000, 0x0000000089800000|100%| E|CS|TAMS 0x0000000089700000| PB 0x0000000089700000| Complete 
| 152|0x0000000089800000, 0x0000000089900000, 0x0000000089900000|100%| E|CS|TAMS 0x0000000089800000| PB 0x0000000089800000| Complete 
| 153|0x0000000089900000, 0x0000000089a00000, 0x0000000089a00000|100%| E|CS|TAMS 0x0000000089900000| PB 0x0000000089900000| Complete 
| 154|0x0000000089a00000, 0x0000000089b00000, 0x0000000089b00000|100%| E|CS|TAMS 0x0000000089a00000| PB 0x0000000089a00000| Complete 
| 155|0x0000000089b00000, 0x0000000089c00000, 0x0000000089c00000|100%| E|CS|TAMS 0x0000000089b00000| PB 0x0000000089b00000| Complete 
| 156|0x0000000089c00000, 0x0000000089d00000, 0x0000000089d00000|100%| E|CS|TAMS 0x0000000089c00000| PB 0x0000000089c00000| Complete 
| 157|0x0000000089d00000, 0x0000000089e00000, 0x0000000089e00000|100%| E|CS|TAMS 0x0000000089d00000| PB 0x0000000089d00000| Complete 
| 158|0x0000000089e00000, 0x0000000089f00000, 0x0000000089f00000|100%| E|CS|TAMS 0x0000000089e00000| PB 0x0000000089e00000| Complete 
| 159|0x0000000089f00000, 0x000000008a000000, 0x000000008a000000|100%| E|CS|TAMS 0x0000000089f00000| PB 0x0000000089f00000| Complete 
| 160|0x000000008a000000, 0x000000008a100000, 0x000000008a100000|100%| E|CS|TAMS 0x000000008a000000| PB 0x000000008a000000| Complete 
| 161|0x000000008a100000, 0x000000008a200000, 0x000000008a200000|100%| E|CS|TAMS 0x000000008a100000| PB 0x000000008a100000| Complete 
| 162|0x000000008a200000, 0x000000008a300000, 0x000000008a300000|100%| E|CS|TAMS 0x000000008a200000| PB 0x000000008a200000| Complete 
| 163|0x000000008a300000, 0x000000008a400000, 0x000000008a400000|100%| E|CS|TAMS 0x000000008a300000| PB 0x000000008a300000| Complete 
| 164|0x000000008a400000, 0x000000008a500000, 0x000000008a500000|100%| E|CS|TAMS 0x000000008a400000| PB 0x000000008a400000| Complete 
| 165|0x000000008a500000, 0x000000008a600000, 0x000000008a600000|100%| E|CS|TAMS 0x000000008a500000| PB 0x000000008a500000| Complete 
| 166|0x000000008a600000, 0x000000008a700000, 0x000000008a700000|100%| E|CS|TAMS 0x000000008a600000| PB 0x000000008a600000| Complete 
| 167|0x000000008a700000, 0x000000008a800000, 0x000000008a800000|100%| E|CS|TAMS 0x000000008a700000| PB 0x000000008a700000| Complete 
| 168|0x000000008a800000, 0x000000008a900000, 0x000000008a900000|100%| E|CS|TAMS 0x000000008a800000| PB 0x000000008a800000| Complete 
| 169|0x000000008a900000, 0x000000008aa00000, 0x000000008aa00000|100%| E|CS|TAMS 0x000000008a900000| PB 0x000000008a900000| Complete 
| 170|0x000000008aa00000, 0x000000008ab00000, 0x000000008ab00000|100%| E|CS|TAMS 0x000000008aa00000| PB 0x000000008aa00000| Complete 
| 171|0x000000008ab00000, 0x000000008ac00000, 0x000000008ac00000|100%| E|CS|TAMS 0x000000008ab00000| PB 0x000000008ab00000| Complete 
| 172|0x000000008ac00000, 0x000000008ad00000, 0x000000008ad00000|100%| E|CS|TAMS 0x000000008ac00000| PB 0x000000008ac00000| Complete 
| 173|0x000000008ad00000, 0x000000008ae00000, 0x000000008ae00000|100%| E|CS|TAMS 0x000000008ad00000| PB 0x000000008ad00000| Complete 
| 174|0x000000008ae00000, 0x000000008af00000, 0x000000008af00000|100%| E|CS|TAMS 0x000000008ae00000| PB 0x000000008ae00000| Complete 
| 175|0x000000008af00000, 0x000000008b000000, 0x000000008b000000|100%| E|CS|TAMS 0x000000008af00000| PB 0x000000008af00000| Complete 
| 176|0x000000008b000000, 0x000000008b100000, 0x000000008b100000|100%| E|CS|TAMS 0x000000008b000000| PB 0x000000008b000000| Complete 
| 177|0x000000008b100000, 0x000000008b200000, 0x000000008b200000|100%| E|CS|TAMS 0x000000008b100000| PB 0x000000008b100000| Complete 
| 178|0x000000008b200000, 0x000000008b300000, 0x000000008b300000|100%| E|CS|TAMS 0x000000008b200000| PB 0x000000008b200000| Complete 
| 179|0x000000008b300000, 0x000000008b400000, 0x000000008b400000|100%| E|CS|TAMS 0x000000008b300000| PB 0x000000008b300000| Complete 
| 180|0x000000008b400000, 0x000000008b500000, 0x000000008b500000|100%| E|CS|TAMS 0x000000008b400000| PB 0x000000008b400000| Complete 
| 181|0x000000008b500000, 0x000000008b600000, 0x000000008b600000|100%| E|CS|TAMS 0x000000008b500000| PB 0x000000008b500000| Complete 
| 182|0x000000008b600000, 0x000000008b700000, 0x000000008b700000|100%| E|CS|TAMS 0x000000008b600000| PB 0x000000008b600000| Complete 
| 183|0x000000008b700000, 0x000000008b800000, 0x000000008b800000|100%| E|CS|TAMS 0x000000008b700000| PB 0x000000008b700000| Complete 
| 184|0x000000008b800000, 0x000000008b900000, 0x000000008b900000|100%| E|CS|TAMS 0x000000008b800000| PB 0x000000008b800000| Complete 
| 185|0x000000008b900000, 0x000000008ba00000, 0x000000008ba00000|100%| E|CS|TAMS 0x000000008b900000| PB 0x000000008b900000| Complete 
| 186|0x000000008ba00000, 0x000000008bb00000, 0x000000008bb00000|100%| E|CS|TAMS 0x000000008ba00000| PB 0x000000008ba00000| Complete 
| 187|0x000000008bb00000, 0x000000008bc00000, 0x000000008bc00000|100%| E|CS|TAMS 0x000000008bb00000| PB 0x000000008bb00000| Complete 
| 188|0x000000008bc00000, 0x000000008bd00000, 0x000000008bd00000|100%| E|CS|TAMS 0x000000008bc00000| PB 0x000000008bc00000| Complete 
| 189|0x000000008bd00000, 0x000000008be00000, 0x000000008be00000|100%| E|CS|TAMS 0x000000008bd00000| PB 0x000000008bd00000| Complete 
| 190|0x000000008be00000, 0x000000008bf00000, 0x000000008bf00000|100%| E|CS|TAMS 0x000000008be00000| PB 0x000000008be00000| Complete 
| 191|0x000000008bf00000, 0x000000008c000000, 0x000000008c000000|100%| E|CS|TAMS 0x000000008bf00000| PB 0x000000008bf00000| Complete 
| 192|0x000000008c000000, 0x000000008c100000, 0x000000008c100000|100%| E|CS|TAMS 0x000000008c000000| PB 0x000000008c000000| Complete 
| 193|0x000000008c100000, 0x000000008c200000, 0x000000008c200000|100%| E|CS|TAMS 0x000000008c100000| PB 0x000000008c100000| Complete 
| 194|0x000000008c200000, 0x000000008c300000, 0x000000008c300000|100%| E|CS|TAMS 0x000000008c200000| PB 0x000000008c200000| Complete 
| 195|0x000000008c300000, 0x000000008c400000, 0x000000008c400000|100%| E|CS|TAMS 0x000000008c300000| PB 0x000000008c300000| Complete 
| 196|0x000000008c400000, 0x000000008c500000, 0x000000008c500000|100%| E|CS|TAMS 0x000000008c400000| PB 0x000000008c400000| Complete 
| 197|0x000000008c500000, 0x000000008c600000, 0x000000008c600000|100%| E|CS|TAMS 0x000000008c500000| PB 0x000000008c500000| Complete 
| 198|0x000000008c600000, 0x000000008c700000, 0x000000008c700000|100%| E|CS|TAMS 0x000000008c600000| PB 0x000000008c600000| Complete 
| 199|0x000000008c700000, 0x000000008c800000, 0x000000008c800000|100%| E|CS|TAMS 0x000000008c700000| PB 0x000000008c700000| Complete 
| 200|0x000000008c800000, 0x000000008c900000, 0x000000008c900000|100%| S|CS|TAMS 0x000000008c800000| PB 0x000000008c800000| Complete 
| 201|0x000000008c900000, 0x000000008ca00000, 0x000000008ca00000|100%| S|CS|TAMS 0x000000008c900000| PB 0x000000008c900000| Complete 
| 202|0x000000008ca00000, 0x000000008cb00000, 0x000000008cb00000|100%| S|CS|TAMS 0x000000008ca00000| PB 0x000000008ca00000| Complete 
| 203|0x000000008cb00000, 0x000000008cc00000, 0x000000008cc00000|100%| S|CS|TAMS 0x000000008cb00000| PB 0x000000008cb00000| Complete 
|2023|0x00000000fe700000, 0x00000000fe749080, 0x00000000fe800000| 28%| O|  |TAMS 0x00000000fe700000| PB 0x00000000fe700000| Untracked 
|2024|0x00000000fe800000, 0x00000000fe900000, 0x00000000fe900000|100%| O|  |TAMS 0x00000000fe800000| PB 0x00000000fe800000| Untracked 
|2025|0x00000000fe900000, 0x00000000fea00000, 0x00000000fea00000|100%| O|  |TAMS 0x00000000fe900000| PB 0x00000000fe900000| Untracked 
|2026|0x00000000fea00000, 0x00000000feb00000, 0x00000000feb00000|100%| O|  |TAMS 0x00000000fea00000| PB 0x00000000fea00000| Untracked 
|2027|0x00000000feb00000, 0x00000000fec00000, 0x00000000fec00000|100%| O|  |TAMS 0x00000000feb00000| PB 0x00000000feb00000| Untracked 
|2028|0x00000000fec00000, 0x00000000fed00000, 0x00000000fed00000|100%| O|  |TAMS 0x00000000fec00000| PB 0x00000000fec00000| Untracked 
|2029|0x00000000fed00000, 0x00000000fee00000, 0x00000000fee00000|100%| O|  |TAMS 0x00000000fed00000| PB 0x00000000fed00000| Untracked 
|2030|0x00000000fee00000, 0x00000000fef00000, 0x00000000fef00000|100%| O|  |TAMS 0x00000000fee00000| PB 0x00000000fee00000| Untracked 
|2031|0x00000000fef00000, 0x00000000ff000000, 0x00000000ff000000|100%| O|  |TAMS 0x00000000fef00000| PB 0x00000000fef00000| Untracked 
|2032|0x00000000ff000000, 0x00000000ff100000, 0x00000000ff100000|100%| O|  |TAMS 0x00000000ff000000| PB 0x00000000ff000000| Untracked 
|2033|0x00000000ff100000, 0x00000000ff200000, 0x00000000ff200000|100%| O|  |TAMS 0x00000000ff100000| PB 0x00000000ff100000| Untracked 
|2034|0x00000000ff200000, 0x00000000ff300000, 0x00000000ff300000|100%| O|  |TAMS 0x00000000ff200000| PB 0x00000000ff200000| Untracked 
|2035|0x00000000ff300000, 0x00000000ff400000, 0x00000000ff400000|100%| O|  |TAMS 0x00000000ff300000| PB 0x00000000ff300000| Untracked 
|2036|0x00000000ff400000, 0x00000000ff500000, 0x00000000ff500000|100%| O|  |TAMS 0x00000000ff400000| PB 0x00000000ff400000| Untracked 
|2037|0x00000000ff500000, 0x00000000ff600000, 0x00000000ff600000|100%| O|  |TAMS 0x00000000ff500000| PB 0x00000000ff500000| Untracked 
|2038|0x00000000ff600000, 0x00000000ff700000, 0x00000000ff700000|100%| E|CS|TAMS 0x00000000ff600000| PB 0x00000000ff600000| Complete 
|2039|0x00000000ff700000, 0x00000000ff800000, 0x00000000ff800000|100%| O|  |TAMS 0x00000000ff700000| PB 0x00000000ff700000| Untracked 
|2040|0x00000000ff800000, 0x00000000ff900000, 0x00000000ff900000|100%| O|  |TAMS 0x00000000ff800000| PB 0x00000000ff800000| Untracked 
|2041|0x00000000ff900000, 0x00000000ffa00000, 0x00000000ffa00000|100%| O|  |TAMS 0x00000000ff900000| PB 0x00000000ff900000| Untracked 
|2042|0x00000000ffa00000, 0x00000000ffb00000, 0x00000000ffb00000|100%| O|  |TAMS 0x00000000ffa00000| PB 0x00000000ffa00000| Untracked 
|2043|0x00000000ffb00000, 0x00000000ffc00000, 0x00000000ffc00000|100%| O|  |TAMS 0x00000000ffb00000| PB 0x00000000ffb00000| Untracked 
|2044|0x00000000ffc00000, 0x00000000ffd00000, 0x00000000ffd00000|100%| O|  |TAMS 0x00000000ffc00000| PB 0x00000000ffc00000| Untracked 
|2045|0x00000000ffd00000, 0x00000000ffe00000, 0x00000000ffe00000|100%| O|  |TAMS 0x00000000ffd00000| PB 0x00000000ffd00000| Untracked 
|2046|0x00000000ffe00000, 0x00000000fff00000, 0x00000000fff00000|100%| E|CS|TAMS 0x00000000ffe00000| PB 0x00000000ffe00000| Complete 
|2047|0x00000000fff00000, 0x0000000100000000, 0x0000000100000000|100%| O|  |TAMS 0x00000000fff00000| PB 0x00000000fff00000| Untracked 

Card table byte_map: [0x0000000015100000,0x0000000015500000] _byte_map_base: 0x0000000014d00000

Marking Bits: (CMBitMap*) 0x0000000002bf4b10
 Bits: [0x0000000015500000, 0x0000000017500000)

Polling page: 0x00000000007c0000

Metaspace:

Usage:
  Non-class:     81.18 MB used.
      Class:     13.37 MB used.
       Both:     94.56 MB used.

Virtual space:
  Non-class space:      128.00 MB reserved,      82.25 MB ( 64%) committed,  2 nodes.
      Class space:        1.00 GB reserved,      14.31 MB (  1%) committed,  1 nodes.
             Both:        1.12 GB reserved,      96.56 MB (  8%) committed. 

Chunk freelists:
   Non-Class:  13.42 MB
       Class:  1.72 MB
        Both:  15.14 MB

MaxMetaspaceSize: unlimited
CompressedClassSpaceSize: 1.00 GB
Initial GC threshold: 21.00 MB
Current GC threshold: 123.38 MB
CDS: off
 - commit_granule_bytes: 65536.
 - commit_granule_words: 8192.
 - virtual_space_node_default_size: 8388608.
 - enlarge_chunks_in_place: 1.
 - use_allocation_guard: 0.


Internal statistics:

num_allocs_failed_limit: 6.
num_arena_births: 3784.
num_arena_deaths: 0.
num_vsnodes_births: 3.
num_vsnodes_deaths: 0.
num_space_committed: 1545.
num_space_uncommitted: 0.
num_chunks_returned_to_freelist: 6.
num_chunks_taken_from_freelist: 7761.
num_chunk_merges: 3.
num_chunk_splits: 5214.
num_chunks_enlarged: 3427.
num_inconsistent_stats: 0.

CodeHeap 'non-profiled nmethods': size=120000Kb used=4983Kb max_used=4983Kb free=115016Kb
 bounds [0x000000000d7d0000, 0x000000000dcb0000, 0x0000000014d00000]
CodeHeap 'profiled nmethods': size=120000Kb used=16299Kb max_used=16299Kb free=103700Kb
 bounds [0x0000000005d00000, 0x0000000006cf0000, 0x000000000d230000]
CodeHeap 'non-nmethods': size=5760Kb used=1960Kb max_used=1992Kb free=3799Kb
 bounds [0x000000000d230000, 0x000000000d4a0000, 0x000000000d7d0000]
CodeCache: size=245760Kb, used=23242Kb, max_used=23274Kb, free=222515Kb
 total_blobs=9393, nmethods=8544, adapters=753, full_count=0
Compilation: enabled, stopped_count=0, restarted_count=0

Compilation events (20 events):
Event: 111.595 Thread 0x000000001a2027c0 10059       3       kotlin.jvm.JvmClassMappingKt::getJavaClass (22 bytes)
Event: 111.596 Thread 0x000000001a2027c0 nmethod 10059 0x0000000006cdfb10 code [0x0000000006cdfdc0, 0x0000000006ce08f8]
Event: 111.596 Thread 0x000000001a2027c0 10058       3       org.jetbrains.kotlin.container.CacheKt::getRegistrations$lambda$0 (75 bytes)
Event: 111.598 Thread 0x000000001a2027c0 nmethod 10058 0x0000000006ce0d10 code [0x0000000006ce1120, 0x0000000006ce2e88]
Event: 111.604 Thread 0x000000001a2027c0 10061       3       java.lang.reflect.ProxyGenerator::addProxyMethod (33 bytes)
Event: 111.604 Thread 0x000000001a2027c0 nmethod 10061 0x0000000006ce3690 code [0x0000000006ce3880, 0x0000000006ce3da8]
Event: 111.604 Thread 0x000000001a2027c0 10062       3       java.lang.reflect.ProxyGenerator$$Lambda/0x00000001000e7928::apply (8 bytes)
Event: 111.604 Thread 0x000000001a2027c0 nmethod 10062 0x0000000006ce3f90 code [0x0000000006ce4160, 0x0000000006ce4440]
Event: 111.605 Thread 0x000000001a2027c0 10063       3       org.jetbrains.kotlin.container.CacheKt::collectInterfacesRecursive (139 bytes)
Event: 111.606 Thread 0x000000001a1f1db0 nmethod 10053 0x000000000dcad190 code [0x000000000dcad340, 0x000000000dcad920]
Event: 111.606 Thread 0x000000001a1f1db0 10060       4       java.lang.PublicMethods::merge (81 bytes)
Event: 111.607 Thread 0x000000001a2027c0 nmethod 10063 0x0000000006ce4510 code [0x0000000006ce4840, 0x0000000006ce5be8]
Event: 111.610 Thread 0x000000001a2027c0 10064       3       kotlin.jvm.JvmClassMappingKt::getKotlinClass (11 bytes)
Event: 111.611 Thread 0x000000001a2027c0 nmethod 10064 0x0000000006ce6190 code [0x0000000006ce64a0, 0x0000000006ce7310]
Event: 111.611 Thread 0x000000001a2027c0 10065       3       kotlin.jvm.JvmClassMappingKt::getAnnotationClass (28 bytes)
Event: 111.613 Thread 0x000000001a2027c0 nmethod 10065 0x0000000006ce7890 code [0x0000000006ce7ca0, 0x0000000006ce94c8]
Event: 111.613 Thread 0x000000001a2027c0 10067       1       kotlin.collections.EmptyIterator::hasNext (2 bytes)
Event: 111.613 Thread 0x000000001a2027c0 nmethod 10067 0x000000000dcadb90 code [0x000000000dcadd20, 0x000000000dcadde8]
Event: 111.626 Thread 0x000000001a2027c0 10068       3       kotlin.reflect.jvm.internal.impl.name.ClassId::asSingleFqName (60 bytes)
Event: 111.627 Thread 0x000000001a2027c0 nmethod 10068 0x0000000006ce9d90 code [0x0000000006cea020, 0x0000000006cea9a8]

GC Heap History (20 events):
Event: 84.037 GC heap before
{Heap before GC invocations=30 (full 0):
 garbage-first heap   total 142336K, used 119657K [0x0000000080000000, 0x0000000100000000)
  region size 1024K, 38 young (38912K), 3 survivors (3072K)
 Metaspace       used 73866K, committed 75776K, reserved 1114112K
  class space    used 10486K, committed 11392K, reserved 1048576K
}
Event: 84.045 GC heap after
{Heap after GC invocations=31 (full 0):
 garbage-first heap   total 142336K, used 85043K [0x0000000080000000, 0x0000000100000000)
  region size 1024K, 4 young (4096K), 4 survivors (4096K)
 Metaspace       used 73866K, committed 75776K, reserved 1114112K
  class space    used 10486K, committed 11392K, reserved 1048576K
}
Event: 84.431 GC heap before
{Heap before GC invocations=31 (full 0):
 garbage-first heap   total 142336K, used 132147K [0x0000000080000000, 0x0000000100000000)
  region size 1024K, 50 young (51200K), 4 survivors (4096K)
 Metaspace       used 73908K, committed 75776K, reserved 1114112K
  class space    used 10486K, committed 11392K, reserved 1048576K
}
Event: 84.442 GC heap after
{Heap after GC invocations=32 (full 0):
 garbage-first heap   total 142336K, used 84187K [0x0000000080000000, 0x0000000100000000)
  region size 1024K, 4 young (4096K), 4 survivors (4096K)
 Metaspace       used 73908K, committed 75776K, reserved 1114112K
  class space    used 10486K, committed 11392K, reserved 1048576K
}
Event: 84.774 GC heap before
{Heap before GC invocations=32 (full 0):
 garbage-first heap   total 142336K, used 133339K [0x0000000080000000, 0x0000000100000000)
  region size 1024K, 52 young (53248K), 4 survivors (4096K)
 Metaspace       used 73911K, committed 75840K, reserved 1114112K
  class space    used 10486K, committed 11392K, reserved 1048576K
}
Event: 84.783 GC heap after
{Heap after GC invocations=33 (full 0):
 garbage-first heap   total 142336K, used 85167K [0x0000000080000000, 0x0000000100000000)
  region size 1024K, 4 young (4096K), 4 survivors (4096K)
 Metaspace       used 73911K, committed 75840K, reserved 1114112K
  class space    used 10486K, committed 11392K, reserved 1048576K
}
Event: 85.211 GC heap before
{Heap before GC invocations=34 (full 0):
 garbage-first heap   total 143360K, used 134319K [0x0000000080000000, 0x0000000100000000)
  region size 1024K, 52 young (53248K), 4 survivors (4096K)
 Metaspace       used 73920K, committed 75840K, reserved 1114112K
  class space    used 10487K, committed 11392K, reserved 1048576K
}
Event: 85.221 GC heap after
{Heap after GC invocations=35 (full 0):
 garbage-first heap   total 143360K, used 85920K [0x0000000080000000, 0x0000000100000000)
  region size 1024K, 4 young (4096K), 4 survivors (4096K)
 Metaspace       used 73920K, committed 75840K, reserved 1114112K
  class space    used 10487K, committed 11392K, reserved 1048576K
}
Event: 85.533 GC heap before
{Heap before GC invocations=35 (full 0):
 garbage-first heap   total 143360K, used 136096K [0x0000000080000000, 0x0000000100000000)
  region size 1024K, 53 young (54272K), 4 survivors (4096K)
 Metaspace       used 73922K, committed 75840K, reserved 1114112K
  class space    used 10487K, committed 11392K, reserved 1048576K
}
Event: 85.544 GC heap after
{Heap after GC invocations=36 (full 0):
 garbage-first heap   total 143360K, used 85207K [0x0000000080000000, 0x0000000100000000)
  region size 1024K, 4 young (4096K), 4 survivors (4096K)
 Metaspace       used 73922K, committed 75840K, reserved 1114112K
  class space    used 10487K, committed 11392K, reserved 1048576K
}
Event: 85.810 GC heap before
{Heap before GC invocations=36 (full 0):
 garbage-first heap   total 143360K, used 134359K [0x0000000080000000, 0x0000000100000000)
  region size 1024K, 53 young (54272K), 4 survivors (4096K)
 Metaspace       used 73922K, committed 75840K, reserved 1114112K
  class space    used 10487K, committed 11392K, reserved 1048576K
}
Event: 85.818 GC heap after
{Heap after GC invocations=37 (full 0):
 garbage-first heap   total 143360K, used 85495K [0x0000000080000000, 0x0000000100000000)
  region size 1024K, 4 young (4096K), 4 survivors (4096K)
 Metaspace       used 73922K, committed 75840K, reserved 1114112K
  class space    used 10487K, committed 11392K, reserved 1048576K
}
Event: 86.197 GC heap before
{Heap before GC invocations=38 (full 0):
 garbage-first heap   total 143360K, used 135671K [0x0000000080000000, 0x0000000100000000)
  region size 1024K, 53 young (54272K), 4 survivors (4096K)
 Metaspace       used 73923K, committed 75840K, reserved 1114112K
  class space    used 10487K, committed 11392K, reserved 1048576K
}
Event: 86.207 GC heap after
{Heap after GC invocations=39 (full 0):
 garbage-first heap   total 143360K, used 86378K [0x0000000080000000, 0x0000000100000000)
  region size 1024K, 4 young (4096K), 4 survivors (4096K)
 Metaspace       used 73923K, committed 75840K, reserved 1114112K
  class space    used 10487K, committed 11392K, reserved 1048576K
}
Event: 86.472 GC heap before
{Heap before GC invocations=39 (full 0):
 garbage-first heap   total 143360K, used 134506K [0x0000000080000000, 0x0000000100000000)
  region size 1024K, 52 young (53248K), 4 survivors (4096K)
 Metaspace       used 73926K, committed 75840K, reserved 1114112K
  class space    used 10487K, committed 11392K, reserved 1048576K
}
Event: 86.484 GC heap after
{Heap after GC invocations=40 (full 0):
 garbage-first heap   total 215040K, used 86095K [0x0000000080000000, 0x0000000100000000)
  region size 1024K, 4 young (4096K), 4 survivors (4096K)
 Metaspace       used 73926K, committed 75840K, reserved 1114112K
  class space    used 10487K, committed 11392K, reserved 1048576K
}
Event: 91.401 GC heap before
{Heap before GC invocations=40 (full 0):
 garbage-first heap   total 215040K, used 201807K [0x0000000080000000, 0x0000000100000000)
  region size 1024K, 118 young (120832K), 4 survivors (4096K)
 Metaspace       used 82542K, committed 84544K, reserved 1179648K
  class space    used 12043K, committed 12992K, reserved 1048576K
}
Event: 91.413 GC heap after
{Heap after GC invocations=41 (full 0):
 garbage-first heap   total 215040K, used 86186K [0x0000000080000000, 0x0000000100000000)
  region size 1024K, 4 young (4096K), 4 survivors (4096K)
 Metaspace       used 82542K, committed 84544K, reserved 1179648K
  class space    used 12043K, committed 12992K, reserved 1048576K
}
Event: 103.472 GC heap before
{Heap before GC invocations=41 (full 0):
 garbage-first heap   total 215040K, used 202922K [0x0000000080000000, 0x0000000100000000)
  region size 1024K, 118 young (120832K), 4 survivors (4096K)
 Metaspace       used 90641K, committed 92672K, reserved 1179648K
  class space    used 13047K, committed 14016K, reserved 1048576K
}
Event: 103.522 GC heap after
{Heap after GC invocations=42 (full 0):
 garbage-first heap   total 234496K, used 112932K [0x0000000080000000, 0x0000000100000000)
  region size 1024K, 15 young (15360K), 15 survivors (15360K)
 Metaspace       used 90641K, committed 92672K, reserved 1179648K
  class space    used 13047K, committed 14016K, reserved 1048576K
}

Dll operation events (3 events):
Event: 0.145 Loaded shared library C:\Program Files\Android\Android Studio\jbr\bin\java.dll
Event: 0.244 Loaded shared library C:\Program Files\Android\Android Studio\jbr\bin\zip.dll
Event: 8.393 Loaded shared library C:\Program Files\Android\Android Studio\jbr\bin\verify.dll

Deoptimization events (20 events):
Event: 110.238 Thread 0x0000000020ac90d0 Uncommon trap: trap_request=0xffffffc6 fr.pc=0x000000000dca53b4 relative=0x00000000000002b4
Event: 110.238 Thread 0x0000000020ac90d0 Uncommon trap: reason=bimorphic_or_optimized_type_check action=maybe_recompile pc=0x000000000dca53b4 method=org.jetbrains.kotlin.com.intellij.openapi.vfs.VfsUtilCore.isAncestor(Lorg/jetbrains/kotlin/com/intellij/openapi/vfs/VirtualFile;Lorg/jetbrains/kotl
Event: 110.242 Thread 0x0000000020ac90d0 DEOPT PACKING pc=0x000000000dca53b4 sp=0x0000000022733760
Event: 110.242 Thread 0x0000000020ac90d0 DEOPT UNPACKING pc=0x000000000d2843a2 sp=0x0000000022733700 mode 2
Event: 110.260 Thread 0x0000000020ac90d0 Uncommon trap: trap_request=0xffffffc6 fr.pc=0x000000000dca7740 relative=0x0000000000000260
Event: 110.260 Thread 0x0000000020ac90d0 Uncommon trap: reason=bimorphic_or_optimized_type_check action=maybe_recompile pc=0x000000000dca7740 method=org.jetbrains.kotlin.com.intellij.openapi.vfs.VfsUtilCore.isAncestor(Lorg/jetbrains/kotlin/com/intellij/openapi/vfs/VirtualFile;Lorg/jetbrains/kotl
Event: 110.260 Thread 0x0000000020ac90d0 DEOPT PACKING pc=0x000000000dca7740 sp=0x0000000022733760
Event: 110.260 Thread 0x0000000020ac90d0 DEOPT UNPACKING pc=0x000000000d2843a2 sp=0x00000000227336f8 mode 2
Event: 110.260 Thread 0x0000000020ac90d0 Uncommon trap: trap_request=0xffffffc6 fr.pc=0x000000000dca7740 relative=0x0000000000000260
Event: 110.260 Thread 0x0000000020ac90d0 Uncommon trap: reason=bimorphic_or_optimized_type_check action=maybe_recompile pc=0x000000000dca7740 method=org.jetbrains.kotlin.com.intellij.openapi.vfs.VfsUtilCore.isAncestor(Lorg/jetbrains/kotlin/com/intellij/openapi/vfs/VirtualFile;Lorg/jetbrains/kotl
Event: 110.260 Thread 0x0000000020ac90d0 DEOPT PACKING pc=0x000000000dca7740 sp=0x0000000022733760
Event: 110.260 Thread 0x0000000020ac90d0 DEOPT UNPACKING pc=0x000000000d2843a2 sp=0x00000000227336f8 mode 2
Event: 110.263 Thread 0x0000000020ac90d0 Uncommon trap: trap_request=0xffffffc6 fr.pc=0x000000000dc94768 relative=0x0000000000000208
Event: 110.263 Thread 0x0000000020ac90d0 Uncommon trap: reason=bimorphic_or_optimized_type_check action=maybe_recompile pc=0x000000000dc94768 method=org.jetbrains.kotlin.com.intellij.openapi.vfs.VirtualFile.getNameSequence()Ljava/lang/CharSequence; @ 1 c2
Event: 110.264 Thread 0x0000000020ac90d0 DEOPT PACKING pc=0x000000000dc94768 sp=0x0000000022733800
Event: 110.264 Thread 0x0000000020ac90d0 DEOPT UNPACKING pc=0x000000000d2843a2 sp=0x00000000227337c0 mode 2
Event: 110.265 Thread 0x0000000020ac90d0 Uncommon trap: trap_request=0xffffffc6 fr.pc=0x000000000dc94768 relative=0x0000000000000208
Event: 110.266 Thread 0x0000000020ac90d0 Uncommon trap: reason=bimorphic_or_optimized_type_check action=maybe_recompile pc=0x000000000dc94768 method=org.jetbrains.kotlin.com.intellij.openapi.vfs.VirtualFile.getNameSequence()Ljava/lang/CharSequence; @ 1 c2
Event: 110.266 Thread 0x0000000020ac90d0 DEOPT PACKING pc=0x000000000dc94768 sp=0x0000000022733800
Event: 110.266 Thread 0x0000000020ac90d0 DEOPT UNPACKING pc=0x000000000d2843a2 sp=0x00000000227337c0 mode 2

Classes loaded (20 events):
Event: 96.131 Loading class sun/nio/cs/UTF_32LE
Event: 96.131 Loading class sun/nio/cs/UTF_32LE done
Event: 96.131 Loading class sun/nio/cs/MS1251
Event: 96.136 Loading class sun/nio/cs/MS1251 done
Event: 98.742 Loading class java/beans/PropertyChangeSupport
Event: 98.744 Loading class java/beans/PropertyChangeSupport done
Event: 98.744 Loading class java/beans/PropertyChangeSupport$PropertyChangeListenerMap
Event: 98.755 Loading class java/beans/ChangeListenerMap
Event: 98.763 Loading class java/beans/ChangeListenerMap done
Event: 98.763 Loading class java/beans/PropertyChangeSupport$PropertyChangeListenerMap done
Event: 98.763 Loading class java/beans/PropertyChangeListener
Event: 98.764 Loading class java/beans/PropertyChangeListener done
Event: 105.648 Loading class java/util/regex/Pattern$Bound
Event: 105.650 Loading class java/util/regex/Pattern$Bound done
Event: 105.783 Loading class java/util/regex/Pattern$LookBehindEndNode
Event: 105.783 Loading class java/util/regex/Pattern$LookBehindEndNode done
Event: 105.783 Loading class java/util/regex/Pattern$NotBehind
Event: 105.783 Loading class java/util/regex/Pattern$NotBehind done
Event: 106.537 Loading class java/util/function/IntUnaryOperator
Event: 106.537 Loading class java/util/function/IntUnaryOperator done

Classes unloaded (0 events):
No events

Classes redefined (0 events):
No events

Internal exceptions (20 events):
Event: 89.501 Thread 0x0000000020ac90d0 Exception <a 'java/lang/NoSuchMethodError'{0x00000000860bb9a0}: 'void java.lang.invoke.DelegatingMethodHandle$Holder.reinvoke_L(java.lang.Object, java.lang.Object, java.lang.Object, long, java.lang.Object)'> (0x00000000860bb9a0) 
thrown [s\src\hotspot\share\interpreter\linkResolver.cpp, line 784]
Event: 89.503 Thread 0x0000000020ac90d0 Exception <a 'java/lang/NoSuchMethodError'{0x00000000860c4100}: 'java.lang.Object java.lang.invoke.DirectMethodHandle$Holder.invokeSpecial(java.lang.Object, java.lang.Object, java.lang.Object, java.lang.Object, long)'> (0x00000000860c4100) 
thrown [s\src\hotspot\share\interpreter\linkResolver.cpp, line 784]
Event: 89.507 Thread 0x0000000020ac90d0 Exception <a 'java/lang/NoSuchMethodError'{0x00000000860d42c0}: 'int java.lang.invoke.DelegatingMethodHandle$Holder.reinvoke_L(java.lang.Object, java.lang.Object, java.lang.Object, long, java.lang.Object, java.lang.Object)'> (0x00000000860d42c0) 
thrown [s\src\hotspot\share\interpreter\linkResolver.cpp, line 784]
Event: 89.517 Thread 0x0000000020ac90d0 Exception <a 'java/lang/NoSuchMethodError'{0x00000000860e3fd0}: 'int java.lang.invoke.DelegatingMethodHandle$Holder.reinvoke_L(java.lang.Object, java.lang.Object, java.lang.Object, long, int, int)'> (0x00000000860e3fd0) 
thrown [s\src\hotspot\share\interpreter\linkResolver.cpp, line 784]
Event: 89.531 Thread 0x0000000020ac90d0 Exception <a 'java/lang/NoSuchMethodError'{0x00000000860f3850}: 'int java.lang.invoke.DelegatingMethodHandle$Holder.reinvoke_L(java.lang.Object, java.lang.Object, java.lang.Object, long, long, long)'> (0x00000000860f3850) 
thrown [s\src\hotspot\share\interpreter\linkResolver.cpp, line 784]
Event: 89.548 Thread 0x0000000020ac90d0 Exception <a 'java/lang/NoSuchMethodError'{0x0000000085f03170}: 'int java.lang.invoke.DelegatingMethodHandle$Holder.reinvoke_L(java.lang.Object, java.lang.Object, java.lang.Object, long, int)'> (0x0000000085f03170) 
thrown [s\src\hotspot\share\interpreter\linkResolver.cpp, line 784]
Event: 89.590 Thread 0x0000000020ac90d0 Exception <a 'java/lang/NoSuchMethodError'{0x0000000085f16708}: 'void java.lang.invoke.DelegatingMethodHandle$Holder.reinvoke_L(java.lang.Object, java.lang.Object, java.lang.Object, long, java.lang.Object, long, long)'> (0x0000000085f16708) 
thrown [s\src\hotspot\share\interpreter\linkResolver.cpp, line 784]
Event: 91.084 Thread 0x00000000207d8420 Exception <a 'sun/nio/fs/WindowsException'{0x000000008595b6f0}> (0x000000008595b6f0) 
thrown [s\src\hotspot\share\prims\jni.cpp, line 537]
Event: 93.559 Thread 0x0000000020ac90d0 Exception <a 'java/lang/NoSuchMethodError'{0x000000008abb9788}: 'java.lang.Object java.lang.invoke.DirectMethodHandle$Holder.invokeStatic(java.lang.Object, java.lang.Object, java.lang.Object, java.lang.Object, int, java.lang.Object)'> (0x000000008abb9788) 
thrown [s\src\hotspot\share\interpreter\linkResolver.cpp, line 784]
Event: 93.762 Thread 0x0000000020ac90d0 Exception <a 'java/lang/NoSuchMethodError'{0x000000008a92df50}: 'long java.lang.invoke.DirectMethodHandle$Holder.invokeStatic(java.lang.Object, java.lang.Object, int)'> (0x000000008a92df50) 
thrown [s\src\hotspot\share\interpreter\linkResolver.cpp, line 784]
Event: 93.772 Thread 0x0000000020ac90d0 Exception <a 'java/lang/NoSuchMethodError'{0x000000008a93a6c8}: 'java.lang.Object java.lang.invoke.DelegatingMethodHandle$Holder.reinvoke_L(java.lang.Object, int, long, java.lang.Object, java.lang.Object, int, java.lang.Object)'> (0x000000008a93a6c8) 
thrown [s\src\hotspot\share\interpreter\linkResolver.cpp, line 784]
Event: 97.617 Thread 0x0000000020ac90d0 Exception <a 'java/lang/NoSuchMethodError'{0x00000000897c2760}: 'java.lang.Object java.lang.invoke.Invokers$Holder.invokeExact_MT(java.lang.Object, java.lang.Object, long, java.lang.Object)'> (0x00000000897c2760) 
thrown [s\src\hotspot\share\interpreter\linkResolver.cpp, line 784]
Event: 99.497 Thread 0x0000000020ac90d0 Exception <a 'java/lang/NoSuchMethodError'{0x000000008902a868}: 'java.lang.Object java.lang.invoke.DirectMethodHandle$Holder.invokeStatic(java.lang.Object, java.lang.Object, long, long)'> (0x000000008902a868) 
thrown [s\src\hotspot\share\interpreter\linkResolver.cpp, line 784]
Event: 99.612 Thread 0x0000000020ac90d0 Exception <a 'java/lang/NoSuchMethodError'{0x0000000089079eb0}: 'java.lang.Object java.lang.invoke.DirectMethodHandle$Holder.invokeStatic(java.lang.Object, java.lang.Object, java.lang.Object, long, java.lang.Object)'> (0x0000000089079eb0) 
thrown [s\src\hotspot\share\interpreter\linkResolver.cpp, line 784]
Event: 99.628 Thread 0x0000000020ac90d0 Exception <a 'java/lang/NoSuchMethodError'{0x0000000089082730}: 'java.lang.Object java.lang.invoke.DirectMethodHandle$Holder.newInvokeSpecial(java.lang.Object, java.lang.Object, java.lang.Object, long)'> (0x0000000089082730) 
thrown [s\src\hotspot\share\interpreter\linkResolver.cpp, line 784]
Event: 99.634 Thread 0x0000000020ac90d0 Exception <a 'java/lang/NoSuchMethodError'{0x0000000089087fe0}: 'java.lang.Object java.lang.invoke.Invokers$Holder.linkToTargetMethod(java.lang.Object, java.lang.Object, long, java.lang.Object)'> (0x0000000089087fe0) 
thrown [s\src\hotspot\share\interpreter\linkResolver.cpp, line 784]
Event: 101.210 Thread 0x0000000020ac90d0 Implicit null exception at 0x000000000dc58f76 to 0x000000000dc593a0
Event: 101.394 Thread 0x0000000020ac90d0 Implicit null exception at 0x000000000dc61bd2 to 0x000000000dc62374
Event: 101.577 Thread 0x00000000207d8420 Exception <a 'sun/nio/fs/WindowsException'{0x0000000086b0d270}> (0x0000000086b0d270) 
thrown [s\src\hotspot\share\prims\jni.cpp, line 537]
Event: 111.092 Thread 0x00000000207d8420 Exception <a 'sun/nio/fs/WindowsException'{0x0000000088867c70}> (0x0000000088867c70) 
thrown [s\src\hotspot\share\prims\jni.cpp, line 537]

ZGC Phase Switch (0 events):
No events

VM Operations (20 events):
Event: 100.483 Executing VM operation: HandshakeAllThreads (Deoptimize)
Event: 100.483 Executing VM operation: HandshakeAllThreads (Deoptimize) done
Event: 101.486 Executing VM operation: Cleanup
Event: 101.502 Executing VM operation: Cleanup done
Event: 102.511 Executing VM operation: Cleanup
Event: 102.540 Executing VM operation: Cleanup done
Event: 103.471 Executing VM operation: G1CollectForAllocation (G1 Evacuation Pause)
Event: 103.523 Executing VM operation: G1CollectForAllocation (G1 Evacuation Pause) done
Event: 104.537 Executing VM operation: Cleanup
Event: 104.537 Executing VM operation: Cleanup done
Event: 105.541 Executing VM operation: Cleanup
Event: 105.541 Executing VM operation: Cleanup done
Event: 106.548 Executing VM operation: Cleanup
Event: 106.549 Executing VM operation: Cleanup done
Event: 109.589 Executing VM operation: Cleanup
Event: 109.606 Executing VM operation: Cleanup done
Event: 110.618 Executing VM operation: Cleanup
Event: 110.619 Executing VM operation: Cleanup done
Event: 111.633 Executing VM operation: Cleanup
Event: 111.633 Executing VM operation: Cleanup done

Memory protections (0 events):
No events

Nmethod flushes (20 events):
Event: 86.009 Thread 0x0000000019cf9cb0 flushing  nmethod 0x0000000005dcfe10
Event: 86.009 Thread 0x0000000019cf9cb0 flushing  nmethod 0x0000000005e25790
Event: 86.009 Thread 0x0000000019cf9cb0 flushing  nmethod 0x0000000005e8d090
Event: 86.009 Thread 0x0000000019cf9cb0 flushing  nmethod 0x0000000005f24890
Event: 86.009 Thread 0x0000000019cf9cb0 flushing  nmethod 0x0000000005f60c90
Event: 86.009 Thread 0x0000000019cf9cb0 flushing  nmethod 0x0000000005f64690
Event: 86.009 Thread 0x0000000019cf9cb0 flushing  nmethod 0x0000000006077a10
Event: 86.009 Thread 0x0000000019cf9cb0 flushing  nmethod 0x0000000006111b10
Event: 86.009 Thread 0x0000000019cf9cb0 flushing  nmethod 0x0000000006139410
Event: 86.009 Thread 0x0000000019cf9cb0 flushing  nmethod 0x000000000613fb10
Event: 86.009 Thread 0x0000000019cf9cb0 flushing  nmethod 0x00000000061b5090
Event: 86.009 Thread 0x0000000019cf9cb0 flushing  nmethod 0x0000000006201690
Event: 86.009 Thread 0x0000000019cf9cb0 flushing  nmethod 0x00000000063d7f90
Event: 86.009 Thread 0x0000000019cf9cb0 flushing  nmethod 0x00000000064a1990
Event: 86.009 Thread 0x0000000019cf9cb0 flushing  nmethod 0x0000000006537a10
Event: 86.009 Thread 0x0000000019cf9cb0 flushing  nmethod 0x00000000065a7790
Event: 86.009 Thread 0x0000000019cf9cb0 flushing  nmethod 0x00000000065fb710
Event: 86.009 Thread 0x0000000019cf9cb0 flushing  nmethod 0x0000000006606810
Event: 86.009 Thread 0x0000000019cf9cb0 flushing  nmethod 0x0000000006629410
Event: 86.009 Thread 0x0000000019cf9cb0 flushing  nmethod 0x00000000069a9690

Events (20 events):
Event: 66.377 Thread 0x0000000020ac90d0 Thread added: 0x0000000021025660
Event: 67.008 Thread 0x0000000020ac90d0 Thread added: 0x00000000210221e0
Event: 67.009 Thread 0x0000000020ac90d0 Thread added: 0x0000000021025cf0
Event: 67.010 Thread 0x0000000020ac90d0 Thread added: 0x0000000021022870
Event: 67.184 Thread 0x0000000020ac90d0 Thread added: 0x0000000021022f00
Event: 67.185 Thread 0x0000000020ac90d0 Thread added: 0x00000000210242b0
Event: 67.188 Thread 0x0000000020ac90d0 Thread added: 0x0000000021026380
Event: 67.992 Thread 0x0000000020da5c90 Thread added: 0x0000000021023590
Event: 71.992 Thread 0x0000000020ac90d0 Thread added: 0x0000000021027dc0
Event: 72.038 Thread 0x0000000020ac90d0 Thread added: 0x0000000021026a10
Event: 72.072 Thread 0x0000000020ac90d0 Thread added: 0x00000000210270a0
Event: 81.005 Thread 0x0000000020ac90d0 Thread added: 0x0000000023b9c0d0
Event: 81.006 Thread 0x0000000020ac90d0 Thread added: 0x0000000023b9c760
Event: 81.006 Thread 0x0000000020ac90d0 Thread added: 0x0000000023b9f550
Event: 81.232 Thread 0x0000000020ac90d0 Thread added: 0x0000000023ba0270
Event: 81.254 Thread 0x0000000020ac90d0 Thread added: 0x0000000023b9e830
Event: 81.256 Thread 0x0000000020ac90d0 Thread added: 0x0000000023b9cdf0
Event: 82.590 Thread 0x0000000020ac90d0 Thread added: 0x0000000023ba0900
Event: 82.592 Thread 0x0000000020ac90d0 Thread added: 0x0000000023b9d480
Event: 82.593 Thread 0x0000000020ac90d0 Thread added: 0x0000000023ba0f90


Dynamic libraries:
0x00007ff6b3270000 - 0x00007ff6b327a000 	C:\Program Files\Android\Android Studio\jbr\bin\java.exe
0x00007ffc423c0000 - 0x00007ffc42627000 	C:\WINDOWS\SYSTEM32\ntdll.dll
0x00007ffc41530000 - 0x00007ffc415f9000 	C:\WINDOWS\System32\KERNEL32.DLL
0x00007ffc3fa60000 - 0x00007ffc3fe54000 	C:\WINDOWS\System32\KERNELBASE.dll
0x00007ffc3f670000 - 0x00007ffc3f7bb000 	C:\WINDOWS\System32\ucrtbase.dll
0x00007ffc3b820000 - 0x00007ffc3b838000 	C:\Program Files\Android\Android Studio\jbr\bin\jli.dll
0x00007ffc41de0000 - 0x00007ffc41fa5000 	C:\WINDOWS\System32\USER32.dll
0x00007ffc3edd0000 - 0x00007ffc3edf7000 	C:\WINDOWS\System32\win32u.dll
0x00007ffc41fb0000 - 0x00007ffc41fdb000 	C:\WINDOWS\System32\GDI32.dll
0x00007ffc3f7c0000 - 0x00007ffc3f8eb000 	C:\WINDOWS\System32\gdi32full.dll
0x00007ffc3ec90000 - 0x00007ffc3ed33000 	C:\WINDOWS\System32\msvcp_win.dll
0x00007ffc1a7f0000 - 0x00007ffc1a80b000 	C:\Program Files\Android\Android Studio\jbr\bin\VCRUNTIME140.dll
0x00007ffc2c730000 - 0x00007ffc2c9c3000 	C:\WINDOWS\WinSxS\amd64_microsoft.windows.common-controls_6595b64144ccf1df_6.0.26100.8115_none_3e075c82e3354f9c\COMCTL32.dll
0x00007ffc420e0000 - 0x00007ffc42189000 	C:\WINDOWS\System32\msvcrt.dll
0x00007ffc41900000 - 0x00007ffc41932000 	C:\WINDOWS\System32\IMM32.DLL
0x00007ffc32cd0000 - 0x00007ffc32cdc000 	C:\Program Files\Android\Android Studio\jbr\bin\vcruntime140_1.dll
0x00007ffc18540000 - 0x00007ffc185cd000 	C:\Program Files\Android\Android Studio\jbr\bin\msvcp140.dll
0x00007ffbd76c0000 - 0x00007ffbd8356000 	C:\Program Files\Android\Android Studio\jbr\bin\server\jvm.dll
0x00007ffc41a70000 - 0x00007ffc41b26000 	C:\WINDOWS\System32\ADVAPI32.dll
0x00007ffc41040000 - 0x00007ffc410e7000 	C:\WINDOWS\System32\sechost.dll
0x00007ffc41950000 - 0x00007ffc41a68000 	C:\WINDOWS\System32\RPCRT4.dll
0x00007ffc40830000 - 0x00007ffc408b0000 	C:\WINDOWS\System32\WS2_32.dll
0x00007ffc3eaf0000 - 0x00007ffc3eb4e000 	C:\WINDOWS\SYSTEM32\POWRPROF.dll
0x00007ffc2af70000 - 0x00007ffc2afa6000 	C:\WINDOWS\SYSTEM32\WINMM.dll
0x00007ffc2cf70000 - 0x00007ffc2cf7b000 	C:\WINDOWS\SYSTEM32\VERSION.dll
0x00007ffc3ead0000 - 0x00007ffc3eae4000 	C:\WINDOWS\SYSTEM32\UMPDC.dll
0x00007ffc3d9e0000 - 0x00007ffc3d9fb000 	C:\WINDOWS\SYSTEM32\kernel.appcore.dll
0x00007ffc322f0000 - 0x00007ffc322fa000 	C:\Program Files\Android\Android Studio\jbr\bin\jimage.dll
0x00007ffc3cb60000 - 0x00007ffc3cda2000 	C:\WINDOWS\SYSTEM32\DBGHELP.DLL
0x00007ffc411a0000 - 0x00007ffc41522000 	C:\WINDOWS\System32\combase.dll
0x00007ffc41b40000 - 0x00007ffc41c18000 	C:\WINDOWS\System32\OLEAUT32.dll
0x00007ffc269e0000 - 0x00007ffc26a1b000 	C:\WINDOWS\SYSTEM32\dbgcore.DLL
0x00007ffc3ff20000 - 0x00007ffc3ffc5000 	C:\WINDOWS\System32\bcryptPrimitives.dll
0x00007ffc3b810000 - 0x00007ffc3b81e000 	C:\Program Files\Android\Android Studio\jbr\bin\instrument.dll
0x00007ffc198a0000 - 0x00007ffc198c0000 	C:\Program Files\Android\Android Studio\jbr\bin\java.dll
0x00007ffc19880000 - 0x00007ffc19898000 	C:\Program Files\Android\Android Studio\jbr\bin\zip.dll
0x00007ffc408d0000 - 0x00007ffc41037000 	C:\WINDOWS\System32\SHELL32.dll
0x00007ffc3f8f0000 - 0x00007ffc3fa5a000 	C:\WINDOWS\System32\wintypes.dll
0x00007ffc3ee00000 - 0x00007ffc3f668000 	C:\WINDOWS\System32\windows.storage.dll
0x00007ffc41ce0000 - 0x00007ffc41dd8000 	C:\WINDOWS\System32\SHCORE.dll
0x00007ffc40740000 - 0x00007ffc407a6000 	C:\WINDOWS\System32\shlwapi.dll
0x00007ffc3ebb0000 - 0x00007ffc3ebd9000 	C:\WINDOWS\SYSTEM32\profapi.dll
0x00007ffc2c230000 - 0x00007ffc2c240000 	C:\Program Files\Android\Android Studio\jbr\bin\net.dll
0x00007ffc32a50000 - 0x00007ffc32b7d000 	C:\WINDOWS\SYSTEM32\WINHTTP.dll
0x00007ffc3df30000 - 0x00007ffc3df9c000 	C:\WINDOWS\system32\mswsock.dll
0x00007ffc18f00000 - 0x00007ffc18f16000 	C:\Program Files\Android\Android Studio\jbr\bin\nio.dll
0x00007ffc2cc70000 - 0x00007ffc2cc80000 	C:\Program Files\Android\Android Studio\jbr\bin\verify.dll
0x00007ffc17b00000 - 0x00007ffc17b27000 	C:\Users\Administrator\.gradle\native\660c5614fbf4a5f2a75b1949f50a0caf5cd603558e7d8a26e50b933a0cfb79d1\windows-amd64\native-platform.dll
0x00007ffc184c0000 - 0x00007ffc18537000 	C:\Users\Administrator\.gradle\native\0.2.8\x86_64-windows-gnu\gradle-fileevents.dll
0x00007ffc2aff0000 - 0x00007ffc2aff9000 	C:\Program Files\Android\Android Studio\jbr\bin\management.dll
0x00007ffc29980000 - 0x00007ffc2998b000 	C:\Program Files\Android\Android Studio\jbr\bin\management_ext.dll
0x00007ffc408c0000 - 0x00007ffc408c8000 	C:\WINDOWS\System32\PSAPI.DLL
0x00007ffc3d3c0000 - 0x00007ffc3d3f2000 	C:\WINDOWS\SYSTEM32\IPHLPAPI.DLL
0x00007ffc41940000 - 0x00007ffc4194a000 	C:\WINDOWS\System32\NSI.dll
0x00007ffc2b530000 - 0x00007ffc2b539000 	C:\Program Files\Android\Android Studio\jbr\bin\extnet.dll
0x00007ffc3e330000 - 0x00007ffc3e34b000 	C:\WINDOWS\SYSTEM32\CRYPTSP.dll
0x00007ffc3d940000 - 0x00007ffc3d979000 	C:\WINDOWS\system32\rsaenh.dll
0x00007ffc3dfe0000 - 0x00007ffc3e013000 	C:\WINDOWS\SYSTEM32\USERENV.dll
0x00007ffc3eb80000 - 0x00007ffc3ebaa000 	C:\WINDOWS\SYSTEM32\bcrypt.dll
0x00007ffc3e190000 - 0x00007ffc3e19c000 	C:\WINDOWS\SYSTEM32\CRYPTBASE.dll
0x00007ffc30ac0000 - 0x00007ffc30ac8000 	C:\WINDOWS\system32\wshunix.dll

JVMTI agents:
C:\Users\Administrator\.gradle\wrapper\dists\gradle-9.3.1-bin\23ovyewtku6u96viwx3xl3oks\gradle-9.3.1\lib\agents\gradle-instrumentation-agent-9.3.1.jar path:C:\Program Files\Android\Android Studio\jbr\bin\instrument.dll, loaded, initialized, instrumentlib options:none

dbghelp: loaded successfully - version: 4.0.5 - missing functions: none
symbol engine: initialized successfully - sym options: 0x614 - pdb path: .;C:\Program Files\Android\Android Studio\jbr\bin;C:\WINDOWS\SYSTEM32;C:\WINDOWS\WinSxS\amd64_microsoft.windows.common-controls_6595b64144ccf1df_6.0.26100.8115_none_3e075c82e3354f9c;C:\Program Files\Android\Android Studio\jbr\bin\server;C:\Users\Administrator\.gradle\native\660c5614fbf4a5f2a75b1949f50a0caf5cd603558e7d8a26e50b933a0cfb79d1\windows-amd64;C:\Users\Administrator\.gradle\native\0.2.8\x86_64-windows-gnu

VM Arguments:
jvm_args: --add-opens=java.base/java.lang=ALL-UNNAMED --add-opens=java.base/java.lang.invoke=ALL-UNNAMED --add-opens=java.base/java.util=ALL-UNNAMED --add-opens=java.prefs/java.util.prefs=ALL-UNNAMED --add-exports=jdk.compiler/com.sun.tools.javac.api=ALL-UNNAMED --add-exports=jdk.compiler/com.sun.tools.javac.util=ALL-UNNAMED --add-opens=java.base/java.util=ALL-UNNAMED --add-opens=java.prefs/java.util.prefs=ALL-UNNAMED --add-opens=java.base/java.nio.charset=ALL-UNNAMED --add-opens=java.base/java.net=ALL-UNNAMED --add-opens=java.base/java.util.concurrent=ALL-UNNAMED --add-opens=java.base/java.util.concurrent.atomic=ALL-UNNAMED --add-opens=java.xml/javax.xml.namespace=ALL-UNNAMED --add-opens=java.base/java.time=ALL-UNNAMED -Xmx2048m -Dfile.encoding=UTF-8 -Duser.country=US -Duser.language=en -Duser.variant -javaagent:C:\Users\Administrator\.gradle\wrapper\dists\gradle-9.3.1-bin\23ovyewtku6u96viwx3xl3oks\gradle-9.3.1\lib\agents\gradle-instrumentation-agent-9.3.1.jar 
java_command: org.gradle.launcher.daemon.bootstrap.GradleDaemon 9.3.1
java_class_path (initial): C:\Users\Administrator\.gradle\wrapper\dists\gradle-9.3.1-bin\23ovyewtku6u96viwx3xl3oks\gradle-9.3.1\lib\gradle-daemon-main-9.3.1.jar
Launcher Type: SUN_STANDARD

[Global flags]
     intx CICompilerCount                          = 3                                         {product} {ergonomic}
     uint ConcGCThreads                            = 1                                         {product} {ergonomic}
     uint G1ConcRefinementThreads                  = 4                                         {product} {ergonomic}
   size_t G1HeapRegionSize                         = 1048576                                   {product} {ergonomic}
    uintx GCDrainStackTargetSize                   = 64                                        {product} {ergonomic}
   size_t InitialHeapSize                          = 134217728                                 {product} {ergonomic}
   size_t MarkStackSize                            = 4194304                                   {product} {ergonomic}
   size_t MaxHeapSize                              = 2147483648                                {product} {command line}
   size_t MaxNewSize                               = 1287651328                                {product} {ergonomic}
   size_t MinHeapDeltaBytes                        = 1048576                                   {product} {ergonomic}
   size_t MinHeapSize                              = 8388608                                   {product} {ergonomic}
    uintx NonNMethodCodeHeapSize                   = 5832780                                {pd product} {ergonomic}
    uintx NonProfiledCodeHeapSize                  = 122912730                              {pd product} {ergonomic}
    uintx ProfiledCodeHeapSize                     = 122912730                              {pd product} {ergonomic}
    uintx ReservedCodeCacheSize                    = 251658240                              {pd product} {ergonomic}
     bool SegmentedCodeCache                       = true                                      {product} {ergonomic}
   size_t SoftMaxHeapSize                          = 2147483648                             {manageable} {ergonomic}
     bool UseCompressedOops                        = true                           {product lp64_product} {ergonomic}
     bool UseG1GC                                  = true                                      {product} {ergonomic}
     bool UseLargePagesIndividualAllocation        = false                                  {pd product} {ergonomic}

Logging:
Log output configuration:
 #0: stdout all=warning uptime,level,tags foldmultilines=false
 #1: stderr all=off uptime,level,tags foldmultilines=false

Release file:
JAVA_VERSION="21.0.9" 
MODULES="java.base java.compiler java.datatransfer java.xml java.prefs java.desktop java.instrument java.logging java.management java.security.sasl java.naming java.rmi java.management.rmi java.net.http java.scripting java.security.jgss java.transaction.xa java.sql java.sql.rowset java.xml.crypto java.se java.smartcardio jdk.accessibility jdk.internal.jvmstat jdk.attach jdk.charsets jdk.internal.opt jdk.zipfs jdk.compiler jdk.crypto.ec jdk.crypto.cryptoki jdk.dynalink jdk.hotspot.agent jdk.httpserver jdk.internal.ed jdk.internal.le jdk.internal.vm.ci jdk.jartool jdk.javadoc jdk.jcmd jdk.jdeps jdk.jdwp.agent jdk.jdi jdk.jfr jdk.jlink jdk.jsobject jdk.localedata jdk.management jdk.management.agent jdk.management.jfr jdk.naming.dns jdk.naming.rmi jdk.net jdk.sctp jdk.security.auth jdk.security.jgss jdk.unsupported jdk.unsupported.desktop jdk.xml.dom" 
IMPLEMENTOR="JetBrains s.r.o." 
JAVA_RUNTIME_VERSION="21.0.9+-14787801-b1163.94" 
LIBC="default" 
OS_ARCH="x86_64" 
OS_NAME="Windows" 
SOURCE=".:git:0c757ddc9f2f" 

Environment Variables:
PATH=C:\Python313\Scripts\;C:\Python313\;C:\Program Files (x86)\NVIDIA Corporation\PhysX\Common;C:\WINDOWS\system32;C:\WINDOWS;C:\WINDOWS\System32\Wbem;C:\WINDOWS\System32\WindowsPowerShell\v1.0\;C:\WINDOWS\System32\OpenSSH\;C:\Program Files\dotnet\;C:\Program Files\Go\bin;C:\Users\Administrator\AppData\Local\Programs\Microsoft VS Code\bin;C:\Program Files\nodejs\;C:\ProgramData\chocolatey\bin;C:\Program Files\Git\cmd;C:\Program Files\Docker\Docker\resources\bin;C:\Users\Administrator\anaconda3;C:\Users\Administrator\anaconda3\Library\mingw-w64\bin;C:\Users\Administrator\anaconda3\Library\usr\bin;C:\Users\Administrator\anaconda3\Library\bin;C:\Users\Administrator\anaconda3\Scripts;C:\Users\Administrator\anaconda3\bin;C:\Users\Administrator\anaconda3\condabin;C:\Python313\Scripts;C:\Python313;C:\Program Files (x86)\NVIDIA Corporation\PhysX\Common;C:\WINDOWS\system32;C:\WINDOWS;C:\WINDOWS\System32\Wbem;C:\WINDOWS\System32\WindowsPowerShell\v1.0;C:\WINDOWS\System32\OpenSSH;C:\Program Files\dotnet;C:\Program Files\Go\bin;C:\Users\Administrator\AppData\Local\Programs\Microsoft VS Code\bin;C:\Program Files\nodejs;C:\ProgramData\chocolatey\bin;C:\Program Files\Git\cmd;C:\Program Files\Docker\Docker\resources\bin;C:\Users\Administrator\anaconda3;C:\Users\Administrator\anaconda3\Library\mingw-w64\bin;C:\Users\Administrator\anaconda3\Library\usr\bin;C:\Users\Administrator\anaconda3\Library\bin;C:\Users\Administrator\anaconda3\Scripts;C:\Users\Administrator\AppData\Local\Microsoft\WindowsApps;C:\Users\Administrator\AppData\Local\Programs\Microsoft VS Code\bin;C:\Users\Administrator\go\bin;C:\Users\Administrator\AppData\Roaming\npm;C:\Program Files (x86)\Nmap;C:\Users\Administrator\AppData\Local\Microsoft\WinGet\Links;.;C:\Users\Administrator\.deno\bin;C:\Users\Administrator\.deno\bin;C:\Users\Administrator\AppData\Local\Programs\Antigravity\bin
USERNAME=Ian Waiguru
OS=Windows_NT
PROCESSOR_IDENTIFIER=Intel64 Family 6 Model 142 Stepping 9, GenuineIntel
TMP=C:\Users\ADMINI~1\AppData\Local\Temp
TEMP=C:\Users\ADMINI~1\AppData\Local\Temp




Periodic native trim disabled

JNI global refs:
JNI global refs: 26, weak refs: 0

JNI global refs memory usage: 835, weak refs: 833

Process memory usage:
Resident Set Size: 307264K (3% of 8276692K total physical memory with 667464K free physical memory)

OOME stack traces (most recent first):
Classloader memory used:
Loader org.gradle.internal.classloader.VisitableURLClassLoader                         : 59315K
Loader bootstrap                                                                       : 23343K
Loader org.gradle.initialization.MixInLegacyTypesClassLoader                           : 11192K
Loader org.gradle.internal.classloader.VisitableURLClassLoader                         : 1103K
Loader org.gradle.internal.classloader.VisitableURLClassLoader$InstrumentingVisitableURLClassLoader: 738K
Loader jdk.internal.jrtfs.JrtFileSystemProvider$JrtFsLoader                            : 327K
Loader jdk.internal.reflect.DelegatingClassLoader                                      : 290K
Loader jdk.internal.loader.ClassLoaders$AppClassLoader                                 : 229K
Loader jdk.internal.loader.ClassLoaders$PlatformClassLoader                            : 196K
Loader org.gradle.groovy.scripts.internal.DefaultScriptCompilationHandler$ScriptClassLoader: 93984B

Classes loaded by more than one classloader:
Class org.gradle.internal.IoActions                                                   : loaded 3 times (x 71B)
Class org.gradle.api.Action                                                           : loaded 3 times (x 70B)
Class org.gradle.internal.Cast                                                        : loaded 3 times (x 71B)
Class org.gradle.api.GradleException                                                  : loaded 3 times (x 82B)
Class Program                                                                         : loaded 3 times (x 72B)
Class org.gradle.api.internal.classpath.ManifestUtil                                  : loaded 2 times (x 71B)
Class jdk.internal.jimage.decompressor.StringSharingDecompressorFactory               : loaded 2 times (x 74B)
Class com.google.common.collect.UnmodifiableListIterator                              : loaded 2 times (x 95B)
Class org.gradle.internal.operations.MultipleBuildOperationFailures                   : loaded 2 times (x 95B)
Class org.gradle.internal.classloader.DefaultClassLoaderFactory                       : loaded 2 times (x 82B)
Class kotlin.collections.AbstractList$Companion                                       : loaded 2 times (x 71B)
Class org.gradle.internal.classloader.ClassLoaderVisitor                              : loaded 2 times (x 76B)
Class org.gradle.api.internal.classpath.EffectiveClassPath                            : loaded 2 times (x 90B)
Class org.gradle.tooling.internal.gradle.DefaultProjectIdentifier                     : loaded 2 times (x 86B)
Class org.gradle.api.internal.DefaultClassPathProvider                                : loaded 2 times (x 76B)
Class [Lorg.gradle.api.internal.ClassPathProvider;                                    : loaded 2 times (x 69B)
Class org.gradle.api.internal.ClassPathProvider                                       : loaded 2 times (x 70B)
Class org.gradle.internal.service.UnknownServiceException                             : loaded 2 times (x 83B)
Class org.gradle.internal.classpath.TransformedClassPath                              : loaded 2 times (x 96B)
Class org.gradle.internal.classloader.InstrumentingClassLoader                        : loaded 2 times (x 70B)
Class com.google.common.collect.Iterators$ArrayItr                                    : loaded 2 times (x 97B)
Class kotlin.enums.EnumEntriesList                                                    : loaded 2 times (x 223B)
Class com.google.common.collect.UnmodifiableIterator                                  : loaded 2 times (x 80B)
Class org.gradle.internal.service.ServiceLocator                                      : loaded 2 times (x 70B)
Class jdk.internal.jrtfs.JrtFileSystemProvider                                        : loaded 2 times (x 101B)
Class com.intellij.gradle.toolingExtension.util.GradleVersionUtil                     : loaded 2 times (x 71B)
Class com.google.common.collect.Iterators$SingletonIterator                           : loaded 2 times (x 81B)
Class org.gradle.tooling.model.UnsupportedMethodException                             : loaded 2 times (x 82B)
Class com.google.common.collect.Iterators                                             : loaded 2 times (x 71B)
Class jdk.internal.jimage.ImageLocation                                               : loaded 2 times (x 90B)
Class com.google.common.collect.Lists$StringAsImmutableList                           : loaded 2 times (x 207B)
Class jdk.internal.jimage.ImageBufferCache$1                                          : loaded 2 times (x 83B)
Class org.gradle.internal.time.DefaultTimer                                           : loaded 2 times (x 80B)
Class org.gradle.internal.classloader.ClasspathUtil$1                                 : loaded 2 times (x 76B)
Class jdk.internal.jimage.ImageBufferCache$2                                          : loaded 2 times (x 91B)
Class org.gradle.api.internal.classpath.DefaultModuleRegistry$DefaultModule           : loaded 2 times (x 86B)
Class com.google.common.collect.AbstractIterator                                      : loaded 2 times (x 82B)
Class com.google.common.collect.AbstractIndexedListIterator                           : loaded 2 times (x 96B)
Class org.gradle.internal.time.DefaultCountdownTimer                                  : loaded 2 times (x 88B)
Class org.gradle.tooling.internal.gradle.DefaultBuildIdentifier                       : loaded 2 times (x 79B)
Class org.gradle.api.internal.classpath.Module                                        : loaded 2 times (x 70B)
Class org.gradle.api.internal.classpath.UnknownModuleException                        : loaded 2 times (x 82B)
Class jdk.internal.jimage.ImageHeader                                                 : loaded 2 times (x 71B)
Class org.gradle.tooling.internal.gradle.GradleProjectIdentity                        : loaded 2 times (x 70B)
Class org.gradle.api.internal.DefaultClassPathRegistry                                : loaded 2 times (x 76B)
Class org.gradle.api.internal.ClassPathRegistry                                       : loaded 2 times (x 70B)
Class org.gradle.internal.classpath.DefaultClassPath$ImmutableUniqueList              : loaded 2 times (x 199B)
Class jdk.internal.jimage.decompressor.ResourceDecompressor                           : loaded 2 times (x 70B)
Class org.gradle.internal.classloader.ClassLoaderHierarchy                            : loaded 2 times (x 70B)
Class Settings_gradle$1                                                               : loaded 2 times (x 74B)
Class org.gradle.internal.classpath.ClassPath                                         : loaded 2 times (x 70B)
Class jdk.internal.jimage.ImageStringsReader                                          : loaded 2 times (x 80B)
Class sync_studio_tooling6261_73572fqfjms8eqvklo12fqyhe$_run_closure1                 : loaded 2 times (x 139B)
Class org.gradle.tooling.model.Model                                                  : loaded 2 times (x 70B)
Class kotlin.UninitializedPropertyAccessException                                     : loaded 2 times (x 82B)
Class jdk.internal.jimage.ImageReader                                                 : loaded 2 times (x 75B)
Class jdk.internal.jimage.ImageReader$SharedImageReader                               : loaded 2 times (x 95B)
Class com.google.common.collect.Iterators$4                                           : loaded 2 times (x 82B)
Class org.gradle.api.internal.classpath.ModuleRegistry                                : loaded 2 times (x 70B)
Class org.gradle.internal.installation.GradleInstallation$1                           : loaded 2 times (x 75B)
Class jdk.internal.jimage.decompressor.ResourceDecompressorFactory                    : loaded 2 times (x 74B)
Class com.google.common.collect.Iterators$5                                           : loaded 2 times (x 82B)
Class jdk.internal.jimage.ImageReader$Node                                            : loaded 2 times (x 84B)
Class com.google.common.collect.ImmutableCollection                                   : loaded 2 times (x 125B)
Class org.gradle.api.internal.classpath.DefaultModuleRegistry                         : loaded 2 times (x 86B)
Class jdk.internal.jimage.BasicImageReader$1                                          : loaded 2 times (x 77B)
Class com.google.common.collect.Lists                                                 : loaded 2 times (x 71B)
Class com.google.common.collect.Iterators$9                                           : loaded 2 times (x 81B)
Class jdk.internal.jimage.decompressor.Decompressor                                   : loaded 2 times (x 72B)
Class org.gradle.internal.time.MonotonicClock                                         : loaded 2 times (x 77B)
Class org.gradle.internal.service.ServiceLookupException                              : loaded 2 times (x 82B)
Class org.gradle.internal.classloader.ClassLoaderFactory                              : loaded 2 times (x 70B)
Class org.gradle.internal.service.CachingServiceLocator                               : loaded 2 times (x 82B)
Class org.gradle.internal.time.TimeSource                                             : loaded 2 times (x 70B)
Class org.gradle.tooling.internal.gradle.GradleBuildIdentity                          : loaded 2 times (x 70B)
Class kotlin.enums.EnumEntries                                                        : loaded 2 times (x 70B)
Class org.gradle.internal.exceptions.ResolutionProvider                               : loaded 2 times (x 70B)
Class jdk.internal.jimage.ImageBufferCache                                            : loaded 2 times (x 71B)
Class jdk.internal.jrtfs.JrtPath                                                      : loaded 2 times (x 118B)
Class org.gradle.tooling.model.ProjectIdentifier                                      : loaded 2 times (x 70B)
Class org.gradle.internal.classloader.ClasspathUtil                                   : loaded 2 times (x 71B)
Class org.gradle.internal.time.TimeSource$1                                           : loaded 2 times (x 77B)
Class kotlin.jvm.internal.DefaultConstructorMarker                                    : loaded 2 times (x 71B)
Class org.gradle.api.specs.Spec                                                       : loaded 2 times (x 70B)
Class jdk.internal.jimage.decompressor.ResourceDecompressorRepository                 : loaded 2 times (x 71B)
Class com.intellij.gradle.toolingExtension.impl.model.utilDummyModel.DummyModel       : loaded 2 times (x 70B)
Class org.gradle.internal.time.Clock                                                  : loaded 2 times (x 70B)
Class jdk.internal.jimage.ImageReader$Directory                                       : loaded 2 times (x 84B)
Class kotlin.collections.AbstractList                                                 : loaded 2 times (x 197B)
Class kotlin.collections.AbstractCollection                                           : loaded 2 times (x 117B)
Class sync_studio_tooling6261_73572fqfjms8eqvklo12fqyhe                               : loaded 2 times (x 171B)
Class org.gradle.internal.classloader.VisitableURLClassLoader$InstrumentingVisitableURLClassLoader: loaded 2 times (x 123B)
Class org.gradle.internal.classloader.VisitableURLClassLoader$Spec                    : loaded 2 times (x 74B)
Class org.gradle.internal.classpath.DefaultClassPath                                  : loaded 2 times (x 90B)
Class jdk.internal.jimage.decompressor.ZipDecompressorFactory                         : loaded 2 times (x 74B)
Class org.gradle.util.internal.DefaultGradleVersion                                   : loaded 2 times (x 82B)
Class org.gradle.internal.classloader.ClassLoaderSpec                                 : loaded 2 times (x 71B)
Class Settings_gradle$1$1                                                             : loaded 2 times (x 74B)
Class org.gradle.internal.classloader.VisitableURLClassLoader                         : loaded 2 times (x 117B)
Class Settings_gradle                                                                 : loaded 2 times (x 124B)
Class jdk.internal.jimage.BasicImageReader                                            : loaded 2 times (x 95B)
Class org.gradle.internal.classloader.FilteringClassLoader                            : loaded 2 times (x 105B)
Class jdk.internal.jimage.decompressor.ZipDecompressor                                : loaded 2 times (x 75B)
Class org.gradle.internal.classpath.DefaultClassPath$ImmutableUniqueList$Builder      : loaded 2 times (x 75B)
Class com.google.common.collect.Iterators$1                                           : loaded 2 times (x 81B)
Class org.gradle.internal.exceptions.NonGradleCauseExceptionsHolder                   : loaded 2 times (x 70B)
Class jdk.internal.jimage.ImageStrings                                                : loaded 2 times (x 70B)
Class kotlin.NotImplementedError                                                      : loaded 2 times (x 82B)
Class kotlin.enums.EnumEntriesKt                                                      : loaded 2 times (x 71B)
Class org.gradle.internal.classloader.SystemClassLoaderSpec                           : loaded 2 times (x 71B)
Class org.gradle.internal.exceptions.MultiCauseException                              : loaded 2 times (x 70B)
Class org.gradle.internal.time.CountdownTimer                                         : loaded 2 times (x 70B)
Class kotlin.jvm.internal.Intrinsics                                                  : loaded 2 times (x 71B)
Class jdk.internal.jrtfs.JrtFileSystem                                                : loaded 2 times (x 102B)
Class org.gradle.tooling.model.ProjectModel                                           : loaded 2 times (x 70B)
Class jdk.internal.jimage.decompressor.CompressedResourceHeader                       : loaded 2 times (x 71B)
Class kotlin.KotlinNullPointerException                                               : loaded 2 times (x 83B)
Class ijInit2_eya4u2wudt2ha6rho2v0vspgf                                               : loaded 2 times (x 171B)
Class org.gradle.internal.exceptions.DefaultMultiCauseException                       : loaded 2 times (x 95B)
Class com.google.common.base.Preconditions                                            : loaded 2 times (x 71B)
Class ijInit2_eya4u2wudt2ha6rho2v0vspgf$_run_closure1                                 : loaded 2 times (x 140B)
Class com.google.common.collect.PeekingIterator                                       : loaded 2 times (x 70B)
Class org.gradle.internal.time.Time                                                   : loaded 2 times (x 71B)
Class org.gradle.api.internal.classpath.GlobalCacheRootsProvider                      : loaded 2 times (x 70B)
Class org.gradle.tooling.model.BuildIdentifier                                        : loaded 2 times (x 70B)
Class kotlin.NoWhenBranchMatchedException                                             : loaded 2 times (x 82B)
Class org.gradle.internal.time.Timer                                                  : loaded 2 times (x 70B)
Class kotlin.jvm.internal.markers.KMappedMarker                                       : loaded 2 times (x 70B)
Class org.gradle.internal.installation.CurrentGradleInstallationLocator               : loaded 2 times (x 71B)
Class com.google.common.collect.ImmutableList                                         : loaded 2 times (x 206B)
Class org.gradle.internal.service.DefaultServiceLocator                               : loaded 2 times (x 83B)
Class org.gradle.util.GradleVersion                                                   : loaded 2 times (x 81B)
Class org.gradle.internal.installation.CurrentGradleInstallation                      : loaded 2 times (x 73B)
Class org.gradle.util.internal.GUtil                                                  : loaded 2 times (x 71B)
Class com.google.common.collect.Iterators$MergingIterator                             : loaded 2 times (x 81B)
Class org.gradle.internal.installation.GradleInstallation                             : loaded 2 times (x 75B)
Class jdk.internal.jimage.decompressor.ResourceDecompressor$StringsProvider           : loaded 2 times (x 70B)

---------------  S Y S T E M  ---------------

OS:
 Windows 11 , 64 bit Build 26100 (10.0.26100.8246)
OS uptime: 1 days 5:21 hours
Hyper-V role detected

CPU: total 4 (initial active 4) (2 cores per cpu, 2 threads per core) family 6 model 142 stepping 9 microcode 0xde, cx8, cmov, fxsr, ht, mmx, 3dnowpref, sse, sse2, sse3, ssse3, sse4.1, sse4.2, popcnt, lzcnt, tsc, tscinvbit, avx, avx2, aes, erms, clmul, bmi1, bmi2, adx, fma, vzeroupper, clflush, clflushopt, hv, rdtscp, f16c
Processor Information for the first 4 processors :
  Max Mhz: 1608, Current Mhz: 1206, Mhz Limit: 1206

Memory: 4k page, system-wide physical 8082M (650M free)
TotalPageFile size 16082M (AvailPageFile size 22M)
current process WorkingSet (physical memory assigned to process): 302M, peak: 363M
current process commit charge ("private bytes"): 487M, peak: 488M

vm_info: OpenJDK 64-Bit Server VM (21.0.9+-14787801-b1163.94) for windows-amd64 JRE (21.0.9+-14787801-b1163.94), built on 2026-01-27T21:15:44Z by "builder" with MS VC++ 16.10 / 16.11 (VS2019)

END.
